C:\fltk\fltk\build>cmake -G "MinGW Makefiles" .. -DFLTK_BUILD_EXAMPLES=ON -DFLTK_BUILD_TEST=ON -DFLTK_BUILD_GL=OFF -DFLTK
_OPTION_PEN_SUPPORT=OFF -DCMAKE_BUILD_TYPE=Debug
-- The C compiler identification is GNU 8.1.0
-- The CXX compiler identification is GNU 8.1.0
-- Detecting C compiler ABI info
-- Detecting C compiler ABI info - done
-- Check for working C compiler: C:/mingw32-8/bin/gcc.exe - skipped
-- Detecting C compile features
-- Detecting C compile features - done
-- Detecting CXX compiler ABI info
-- Detecting CXX compiler ABI info - done
-- Check for working CXX compiler: C:/mingw32-8/bin/c++.exe - skipped
-- Detecting CXX compile features
-- Detecting CXX compile features - done
-- Looking for sys/types.h
-- Looking for sys/types.h - found
-- Looking for stdint.h
-- Looking for stdint.h - found
-- Looking for stddef.h
-- Looking for stddef.h - found
-- Check size of short
-- Check size of short - done
-- Check size of int
-- Check size of int - done
-- Check size of long
-- Check size of long - done
-- Check size of long long
-- Check size of long long - done
-- Could NOT find PkgConfig (missing: PKG_CONFIG_EXECUTABLE)
-- Could NOT find Doxygen (missing: DOXYGEN_EXECUTABLE)
-- OpenGL or GLEW not present: OpenGL3 example programs will not be built.
-- OPENGL_FOUND                             = 'FALSE'
-- GLEW_FOUND                               = ''


-- Configuration Summary for FLTK 1.5.0 generated by CMake 3.28.1 --

-- The following OPTIONAL packages have not been found:

 * Doxygen

-- Static libraries    will be built in: C:/fltk/fltk/build/lib
-- Shared libraries    will not be built (set FLTK_BUILD_SHARED_LIBS=ON to build)
-- The forms library   will not be built (set FLTK_BUILD_FORMS=ON to build)
-- The OpenGL library  will not be built (set FLTK_BUILD_GL=ON to build)
-- Pen/tablet support  will not be built (set FLTK_OPTION_PEN_SUPPORT=ON to build)
--
-- fluid               will be built in: C:/fltk/fltk/build/bin
-- fltk-options        will be built in: C:/fltk/fltk/build/bin
-- Test programs       will be built in: C:/fltk/fltk/build/bin/test
-- Example programs    will be built in: C:/fltk/fltk/build/bin/examples
-- Screenshot programs will not be built (set FLTK_BUILD_SCREENSHOTS=ON to build)
--
-- FLTK Library (API) version     1.5.0
-- ABI version (FL_ABI_VERSION)   10500
-- Build configuration            Debug
-- Installation prefix            C:/Program Files (x86)/FLTK

-- Bundled Libraries              JPEG     = Bundled
--                                PNG      = Bundled
--                                ZLIB     = Bundled

-- Fl_Cairo_Window support        No

-- CMAKE_CXX_STANDARD             11
-- CMAKE_CXX_STANDARD_REQUIRED    Yes
-- CMAKE_CXX_EXTENSIONS           No

-- End of Configuration Summary --

-- Configuring done (8.4s)
-- Generating done (1.9s)
-- Build files have been written to: C:/fltk/fltk/build

mingw32-make[2]: Entering directory 'C:/fltk/fltk/build'
[ 95%] Building CXX object test/CMakeFiles/terminal.dir/terminal.cxx.obj
cd /d C:\fltk\fltk\build\test && C:\mingw32-8\bin\c++.exe -D_FILE_OFFSET_BITS=64 -D_LARGEFILE64_SOURCE -D_LARGEFILE_SOURC
E -Dterminal_EXPORTS @CMakeFiles/terminal.dir/includes_CXX.rsp -g -std=c++11 -MD -MT test/CMakeFiles/terminal.dir/termina
l.cxx.obj -MF CMakeFiles\terminal.dir\terminal.cxx.obj.d -o CMakeFiles\terminal.dir\terminal.cxx.obj -c C:\fltk\fltk\buil
d\test\terminal.cxx
[ 95%] Linking CXX executable ..\bin\test\tabs.exe
cd /d C:\fltk\fltk\build\test && C:\cmake\3.28.1\x86_64\bin\cmake.exe -E cmake_link_script CMakeFiles\tabs.dir\link.txt -
-verbose=on
C:\fltk\fltk\build\test\terminal.cxx:952:5: warning: missing terminating " character
     "Ô|| AAA Úªhinese   || AAA
     ^
C:\fltk\fltk\build\test\terminal.cxx:952:5: error: missing terminating " character
     "Ô|| AAA Úªhinese   || AAA
     ^~~~~~~~~~~~~~~~~~~~~~~~~~~~~~~~~~~~~~~~~~~~~~~~~~~~~~~~~~~~~~~~~~~~~~~~~~~~~~~~~~~~~~~~~~~~~~~~~~~~~~~~~~~~~~~~~~~~
	 
	 
	 
	 
	 
	 
	 
	 
	 
	 
	 
	 
	 
	 
	 
	 
	 
	 
	 
	 
	 
	 
C:\fltk\fltk\build>mingw32-make -j3 VERBOSE=on
C:\cmake\3.28.1\x86_64\bin\cmake.exe -SC:\fltk\fltk -BC:\fltk\fltk\build --check-build-system CMakeFiles\Makefile.cmake 0

C:\cmake\3.28.1\x86_64\bin\cmake.exe -E cmake_progress_start C:\fltk\fltk\build\CMakeFiles C:\fltk\fltk\build\\CMakeFiles
\progress.marks
mingw32-make  -f CMakeFiles\Makefile2 all
mingw32-make[1]: Entering directory 'C:/fltk/fltk/build'
mingw32-make  -f zlib\CMakeFiles\fltk_z.dir\build.make zlib/CMakeFiles/fltk_z.dir/depend
mingw32-make  -f jpeg\CMakeFiles\fltk_jpeg.dir\build.make jpeg/CMakeFiles/fltk_jpeg.dir/depend
mingw32-make  -f src\CMakeFiles\fltk.dir\build.make src/CMakeFiles/fltk.dir/depend
mingw32-make[2]: Entering directory 'C:/fltk/fltk/build'
C:\cmake\3.28.1\x86_64\bin\cmake.exe -E cmake_depends "MinGW Makefiles" C:\fltk\fltk C:\fltk\fltk\zlib C:\fltk\fltk\build
 C:\fltk\fltk\build\zlib C:\fltk\fltk\build\zlib\CMakeFiles\fltk_z.dir\DependInfo.cmake "--color="
mingw32-make[2]: Entering directory 'C:/fltk/fltk/build'
C:\cmake\3.28.1\x86_64\bin\cmake.exe -E cmake_depends "MinGW Makefiles" C:\fltk\fltk C:\fltk\fltk\jpeg C:\fltk\fltk\build
 C:\fltk\fltk\build\jpeg C:\fltk\fltk\build\jpeg\CMakeFiles\fltk_jpeg.dir\DependInfo.cmake "--color="
mingw32-make[2]: Entering directory 'C:/fltk/fltk/build'
C:\cmake\3.28.1\x86_64\bin\cmake.exe -E cmake_depends "MinGW Makefiles" C:\fltk\fltk C:\fltk\fltk\src C:\fltk\fltk\build
C:\fltk\fltk\build\src C:\fltk\fltk\build\src\CMakeFiles\fltk.dir\DependInfo.cmake "--color="
mingw32-make[2]: Leaving directory 'C:/fltk/fltk/build'
mingw32-make  -f zlib\CMakeFiles\fltk_z.dir\build.make zlib/CMakeFiles/fltk_z.dir/build
mingw32-make[2]: Leaving directory 'C:/fltk/fltk/build'
mingw32-make  -f jpeg\CMakeFiles\fltk_jpeg.dir\build.make jpeg/CMakeFiles/fltk_jpeg.dir/build
mingw32-make[2]: Entering directory 'C:/fltk/fltk/build'
mingw32-make[2]: Leaving directory 'C:/fltk/fltk/build'
mingw32-make  -f src\CMakeFiles\fltk.dir\build.make src/CMakeFiles/fltk.dir/build
mingw32-make[2]: Entering directory 'C:/fltk/fltk/build'
[  0%] Building C object zlib/CMakeFiles/fltk_z.dir/adler32.c.obj
cd /d C:\fltk\fltk\build\zlib && C:\mingw32-8\bin\gcc.exe -DFL_LIBRARY  -g -MD -MT zlib/CMakeFiles/fltk_z.dir/adler32.c.o
bj -MF CMakeFiles\fltk_z.dir\adler32.c.obj.d -o CMakeFiles\fltk_z.dir\adler32.c.obj -c C:\fltk\fltk\zlib\adler32.c
[  0%] Building C object jpeg/CMakeFiles/fltk_jpeg.dir/jmemnobs.c.obj
cd /d C:\fltk\fltk\build\jpeg && C:\mingw32-8\bin\gcc.exe -DFL_LIBRARY @CMakeFiles/fltk_jpeg.dir/includes_C.rsp -g -MD -M
T jpeg/CMakeFiles/fltk_jpeg.dir/jmemnobs.c.obj -MF CMakeFiles\fltk_jpeg.dir\jmemnobs.c.obj.d -o CMakeFiles\fltk_jpeg.dir\
jmemnobs.c.obj -c C:\fltk\fltk\jpeg\jmemnobs.c
mingw32-make[2]: Entering directory 'C:/fltk/fltk/build'
[  0%] Building CXX object src/CMakeFiles/fltk.dir/Fl.cxx.obj
cd /d C:\fltk\fltk\build\src && C:\mingw32-8\bin\c++.exe -DFL_LIBRARY -D_FILE_OFFSET_BITS=64 -D_LARGEFILE64_SOURCE -D_LAR
GEFILE_SOURCE @CMakeFiles/fltk.dir/includes_CXX.rsp -g -std=c++11 -MD -MT src/CMakeFiles/fltk.dir/Fl.cxx.obj -MF CMakeFil
es\fltk.dir\Fl.cxx.obj.d -o CMakeFiles\fltk.dir\Fl.cxx.obj -c C:\fltk\fltk\src\Fl.cxx
[  0%] Building C object jpeg/CMakeFiles/fltk_jpeg.dir/jaricom.c.obj
[  1%] Building C object zlib/CMakeFiles/fltk_z.dir/compress.c.obj
cd /d C:\fltk\fltk\build\zlib && C:\mingw32-8\bin\gcc.exe -DFL_LIBRARY  -g -MD -MT zlib/CMakeFiles/fltk_z.dir/compress.c.
obj -MF CMakeFiles\fltk_z.dir\compress.c.obj.d -o CMakeFiles\fltk_z.dir\compress.c.obj -c C:\fltk\fltk\zlib\compress.c
cd /d C:\fltk\fltk\build\jpeg && C:\mingw32-8\bin\gcc.exe -DFL_LIBRARY @CMakeFiles/fltk_jpeg.dir/includes_C.rsp -g -MD -M
T jpeg/CMakeFiles/fltk_jpeg.dir/jaricom.c.obj -MF CMakeFiles\fltk_jpeg.dir\jaricom.c.obj.d -o CMakeFiles\fltk_jpeg.dir\ja
ricom.c.obj -c C:\fltk\fltk\jpeg\jaricom.c
[  1%] Building C object zlib/CMakeFiles/fltk_z.dir/crc32.c.obj
cd /d C:\fltk\fltk\build\zlib && C:\mingw32-8\bin\gcc.exe -DFL_LIBRARY  -g -MD -MT zlib/CMakeFiles/fltk_z.dir/crc32.c.obj
 -MF CMakeFiles\fltk_z.dir\crc32.c.obj.d -o CMakeFiles\fltk_z.dir\crc32.c.obj -c C:\fltk\fltk\zlib\crc32.c
[  2%] Building C object jpeg/CMakeFiles/fltk_jpeg.dir/jcomapi.c.obj
cd /d C:\fltk\fltk\build\jpeg && C:\mingw32-8\bin\gcc.exe -DFL_LIBRARY @CMakeFiles/fltk_jpeg.dir/includes_C.rsp -g -MD -M
T jpeg/CMakeFiles/fltk_jpeg.dir/jcomapi.c.obj -MF CMakeFiles\fltk_jpeg.dir\jcomapi.c.obj.d -o CMakeFiles\fltk_jpeg.dir\jc
omapi.c.obj -c C:\fltk\fltk\jpeg\jcomapi.c
[  2%] Building C object jpeg/CMakeFiles/fltk_jpeg.dir/jutils.c.obj
cd /d C:\fltk\fltk\build\jpeg && C:\mingw32-8\bin\gcc.exe -DFL_LIBRARY @CMakeFiles/fltk_jpeg.dir/includes_C.rsp -g -MD -M
T jpeg/CMakeFiles/fltk_jpeg.dir/jutils.c.obj -MF CMakeFiles\fltk_jpeg.dir\jutils.c.obj.d -o CMakeFiles\fltk_jpeg.dir\juti
ls.c.obj -c C:\fltk\fltk\jpeg\jutils.c
[  2%] Building C object zlib/CMakeFiles/fltk_z.dir/deflate.c.obj
cd /d C:\fltk\fltk\build\zlib && C:\mingw32-8\bin\gcc.exe -DFL_LIBRARY  -g -MD -MT zlib/CMakeFiles/fltk_z.dir/deflate.c.o
bj -MF CMakeFiles\fltk_z.dir\deflate.c.obj.d -o CMakeFiles\fltk_z.dir\deflate.c.obj -c C:\fltk\fltk\zlib\deflate.c
[  2%] Building C object jpeg/CMakeFiles/fltk_jpeg.dir/jerror.c.obj
cd /d C:\fltk\fltk\build\jpeg && C:\mingw32-8\bin\gcc.exe -DFL_LIBRARY @CMakeFiles/fltk_jpeg.dir/includes_C.rsp -g -MD -M
T jpeg/CMakeFiles/fltk_jpeg.dir/jerror.c.obj -MF CMakeFiles\fltk_jpeg.dir\jerror.c.obj.d -o CMakeFiles\fltk_jpeg.dir\jerr
or.c.obj -c C:\fltk\fltk\jpeg\jerror.c
[  2%] Building C object jpeg/CMakeFiles/fltk_jpeg.dir/jmemmgr.c.obj
cd /d C:\fltk\fltk\build\jpeg && C:\mingw32-8\bin\gcc.exe -DFL_LIBRARY @CMakeFiles/fltk_jpeg.dir/includes_C.rsp -g -MD -M
T jpeg/CMakeFiles/fltk_jpeg.dir/jmemmgr.c.obj -MF CMakeFiles\fltk_jpeg.dir\jmemmgr.c.obj.d -o CMakeFiles\fltk_jpeg.dir\jm
emmgr.c.obj -c C:\fltk\fltk\jpeg\jmemmgr.c
[  2%] Building C object zlib/CMakeFiles/fltk_z.dir/gzclose.c.obj
cd /d C:\fltk\fltk\build\zlib && C:\mingw32-8\bin\gcc.exe -DFL_LIBRARY  -g -MD -MT zlib/CMakeFiles/fltk_z.dir/gzclose.c.o
bj -MF CMakeFiles\fltk_z.dir\gzclose.c.obj.d -o CMakeFiles\fltk_z.dir\gzclose.c.obj -c C:\fltk\fltk\zlib\gzclose.c
[  2%] Building C object zlib/CMakeFiles/fltk_z.dir/gzlib.c.obj
cd /d C:\fltk\fltk\build\zlib && C:\mingw32-8\bin\gcc.exe -DFL_LIBRARY  -g -MD -MT zlib/CMakeFiles/fltk_z.dir/gzlib.c.obj
 -MF CMakeFiles\fltk_z.dir\gzlib.c.obj.d -o CMakeFiles\fltk_z.dir\gzlib.c.obj -c C:\fltk\fltk\zlib\gzlib.c
[  2%] Building C object jpeg/CMakeFiles/fltk_jpeg.dir/jcapimin.c.obj
cd /d C:\fltk\fltk\build\jpeg && C:\mingw32-8\bin\gcc.exe -DFL_LIBRARY @CMakeFiles/fltk_jpeg.dir/includes_C.rsp -g -MD -M
T jpeg/CMakeFiles/fltk_jpeg.dir/jcapimin.c.obj -MF CMakeFiles\fltk_jpeg.dir\jcapimin.c.obj.d -o CMakeFiles\fltk_jpeg.dir\
jcapimin.c.obj -c C:\fltk\fltk\jpeg\jcapimin.c
[  2%] Building C object zlib/CMakeFiles/fltk_z.dir/gzread.c.obj
cd /d C:\fltk\fltk\build\zlib && C:\mingw32-8\bin\gcc.exe -DFL_LIBRARY  -g -MD -MT zlib/CMakeFiles/fltk_z.dir/gzread.c.ob
j -MF CMakeFiles\fltk_z.dir\gzread.c.obj.d -o CMakeFiles\fltk_z.dir\gzread.c.obj -c C:\fltk\fltk\zlib\gzread.c
[  2%] Building C object jpeg/CMakeFiles/fltk_jpeg.dir/jcapistd.c.obj
cd /d C:\fltk\fltk\build\jpeg && C:\mingw32-8\bin\gcc.exe -DFL_LIBRARY @CMakeFiles/fltk_jpeg.dir/includes_C.rsp -g -MD -M
T jpeg/CMakeFiles/fltk_jpeg.dir/jcapistd.c.obj -MF CMakeFiles\fltk_jpeg.dir\jcapistd.c.obj.d -o CMakeFiles\fltk_jpeg.dir\
jcapistd.c.obj -c C:\fltk\fltk\jpeg\jcapistd.c
[  2%] Building C object jpeg/CMakeFiles/fltk_jpeg.dir/jcarith.c.obj
cd /d C:\fltk\fltk\build\jpeg && C:\mingw32-8\bin\gcc.exe -DFL_LIBRARY @CMakeFiles/fltk_jpeg.dir/includes_C.rsp -g -MD -M
T jpeg/CMakeFiles/fltk_jpeg.dir/jcarith.c.obj -MF CMakeFiles\fltk_jpeg.dir\jcarith.c.obj.d -o CMakeFiles\fltk_jpeg.dir\jc
arith.c.obj -c C:\fltk\fltk\jpeg\jcarith.c
[  2%] Building C object zlib/CMakeFiles/fltk_z.dir/gzwrite.c.obj
cd /d C:\fltk\fltk\build\zlib && C:\mingw32-8\bin\gcc.exe -DFL_LIBRARY  -g -MD -MT zlib/CMakeFiles/fltk_z.dir/gzwrite.c.o
bj -MF CMakeFiles\fltk_z.dir\gzwrite.c.obj.d -o CMakeFiles\fltk_z.dir\gzwrite.c.obj -c C:\fltk\fltk\zlib\gzwrite.c
[  3%] Building C object zlib/CMakeFiles/fltk_z.dir/inflate.c.obj
cd /d C:\fltk\fltk\build\zlib && C:\mingw32-8\bin\gcc.exe -DFL_LIBRARY  -g -MD -MT zlib/CMakeFiles/fltk_z.dir/inflate.c.o
bj -MF CMakeFiles\fltk_z.dir\inflate.c.obj.d -o CMakeFiles\fltk_z.dir\inflate.c.obj -c C:\fltk\fltk\zlib\inflate.c
[  4%] Building C object jpeg/CMakeFiles/fltk_jpeg.dir/jctrans.c.obj
cd /d C:\fltk\fltk\build\jpeg && C:\mingw32-8\bin\gcc.exe -DFL_LIBRARY @CMakeFiles/fltk_jpeg.dir/includes_C.rsp -g -MD -M
T jpeg/CMakeFiles/fltk_jpeg.dir/jctrans.c.obj -MF CMakeFiles\fltk_jpeg.dir\jctrans.c.obj.d -o CMakeFiles\fltk_jpeg.dir\jc
trans.c.obj -c C:\fltk\fltk\jpeg\jctrans.c
[  4%] Building C object jpeg/CMakeFiles/fltk_jpeg.dir/jcparam.c.obj
cd /d C:\fltk\fltk\build\jpeg && C:\mingw32-8\bin\gcc.exe -DFL_LIBRARY @CMakeFiles/fltk_jpeg.dir/includes_C.rsp -g -MD -M
T jpeg/CMakeFiles/fltk_jpeg.dir/jcparam.c.obj -MF CMakeFiles\fltk_jpeg.dir\jcparam.c.obj.d -o CMakeFiles\fltk_jpeg.dir\jc
param.c.obj -c C:\fltk\fltk\jpeg\jcparam.c
[  4%] Building C object zlib/CMakeFiles/fltk_z.dir/infback.c.obj
cd /d C:\fltk\fltk\build\zlib && C:\mingw32-8\bin\gcc.exe -DFL_LIBRARY  -g -MD -MT zlib/CMakeFiles/fltk_z.dir/infback.c.o
bj -MF CMakeFiles\fltk_z.dir\infback.c.obj.d -o CMakeFiles\fltk_z.dir\infback.c.obj -c C:\fltk\fltk\zlib\infback.c
[  4%] Building C object jpeg/CMakeFiles/fltk_jpeg.dir/jdatadst.c.obj
cd /d C:\fltk\fltk\build\jpeg && C:\mingw32-8\bin\gcc.exe -DFL_LIBRARY @CMakeFiles/fltk_jpeg.dir/includes_C.rsp -g -MD -M
T jpeg/CMakeFiles/fltk_jpeg.dir/jdatadst.c.obj -MF CMakeFiles\fltk_jpeg.dir\jdatadst.c.obj.d -o CMakeFiles\fltk_jpeg.dir\
jdatadst.c.obj -c C:\fltk\fltk\jpeg\jdatadst.c
[  4%] Building C object zlib/CMakeFiles/fltk_z.dir/inftrees.c.obj
cd /d C:\fltk\fltk\build\zlib && C:\mingw32-8\bin\gcc.exe -DFL_LIBRARY  -g -MD -MT zlib/CMakeFiles/fltk_z.dir/inftrees.c.
obj -MF CMakeFiles\fltk_z.dir\inftrees.c.obj.d -o CMakeFiles\fltk_z.dir\inftrees.c.obj -c C:\fltk\fltk\zlib\inftrees.c
[  4%] Building C object jpeg/CMakeFiles/fltk_jpeg.dir/jcinit.c.obj
cd /d C:\fltk\fltk\build\jpeg && C:\mingw32-8\bin\gcc.exe -DFL_LIBRARY @CMakeFiles/fltk_jpeg.dir/includes_C.rsp -g -MD -M
T jpeg/CMakeFiles/fltk_jpeg.dir/jcinit.c.obj -MF CMakeFiles\fltk_jpeg.dir\jcinit.c.obj.d -o CMakeFiles\fltk_jpeg.dir\jcin
it.c.obj -c C:\fltk\fltk\jpeg\jcinit.c
[  4%] Building C object zlib/CMakeFiles/fltk_z.dir/inffast.c.obj
cd /d C:\fltk\fltk\build\zlib && C:\mingw32-8\bin\gcc.exe -DFL_LIBRARY  -g -MD -MT zlib/CMakeFiles/fltk_z.dir/inffast.c.o
bj -MF CMakeFiles\fltk_z.dir\inffast.c.obj.d -o CMakeFiles\fltk_z.dir\inffast.c.obj -c C:\fltk\fltk\zlib\inffast.c
[  5%] Building CXX object src/CMakeFiles/fltk.dir/Fl_Adjuster.cxx.obj
[  5%] cd /d C:\fltk\fltk\build\src && C:\mingw32-8\bin\c++.exe -DFL_LIBRARY -D_FILE_OFFSET_BITS=64 -D_LARGEFILE64_SOURCE
 -D_LARGEFILE_SOURCE @CMakeFiles/fltk.dir/includes_CXX.rsp -g -std=c++11 -MD -MT src/CMakeFiles/fltk.dir/Fl_Adjuster.cxx.
obj -MF CMakeFiles\fltk.dir\Fl_Adjuster.cxx.obj.d -o CMakeFiles\fltk.dir\Fl_Adjuster.cxx.obj -c C:\fltk\fltk\src\Fl_Adjus
ter.cxx
Building C object jpeg/CMakeFiles/fltk_jpeg.dir/jcmaster.c.obj
cd /d C:\fltk\fltk\build\jpeg && C:\mingw32-8\bin\gcc.exe -DFL_LIBRARY @CMakeFiles/fltk_jpeg.dir/includes_C.rsp -g -MD -M
T jpeg/CMakeFiles/fltk_jpeg.dir/jcmaster.c.obj -MF CMakeFiles\fltk_jpeg.dir\jcmaster.c.obj.d -o CMakeFiles\fltk_jpeg.dir\
jcmaster.c.obj -c C:\fltk\fltk\jpeg\jcmaster.c
[  5%] Building C object zlib/CMakeFiles/fltk_z.dir/trees.c.obj
cd /d C:\fltk\fltk\build\zlib && C:\mingw32-8\bin\gcc.exe -DFL_LIBRARY  -g -MD -MT zlib/CMakeFiles/fltk_z.dir/trees.c.obj
 -MF CMakeFiles\fltk_z.dir\trees.c.obj.d -o CMakeFiles\fltk_z.dir\trees.c.obj -c C:\fltk\fltk\zlib\trees.c
[  5%] Building C object jpeg/CMakeFiles/fltk_jpeg.dir/jcmarker.c.obj
cd /d C:\fltk\fltk\build\jpeg && C:\mingw32-8\bin\gcc.exe -DFL_LIBRARY @CMakeFiles/fltk_jpeg.dir/includes_C.rsp -g -MD -M
T jpeg/CMakeFiles/fltk_jpeg.dir/jcmarker.c.obj -MF CMakeFiles\fltk_jpeg.dir\jcmarker.c.obj.d -o CMakeFiles\fltk_jpeg.dir\
jcmarker.c.obj -c C:\fltk\fltk\jpeg\jcmarker.c
[  5%] Building C object zlib/CMakeFiles/fltk_z.dir/uncompr.c.obj
cd /d C:\fltk\fltk\build\zlib && C:\mingw32-8\bin\gcc.exe -DFL_LIBRARY  -g -MD -MT zlib/CMakeFiles/fltk_z.dir/uncompr.c.o
bj -MF CMakeFiles\fltk_z.dir\uncompr.c.obj.d -o CMakeFiles\fltk_z.dir\uncompr.c.obj -c C:\fltk\fltk\zlib\uncompr.c
[  6%] Building C object jpeg/CMakeFiles/fltk_jpeg.dir/jcmainct.c.obj
cd /d C:\fltk\fltk\build\jpeg && C:\mingw32-8\bin\gcc.exe -DFL_LIBRARY @CMakeFiles/fltk_jpeg.dir/includes_C.rsp -g -MD -M
T jpeg/CMakeFiles/fltk_jpeg.dir/jcmainct.c.obj -MF CMakeFiles\fltk_jpeg.dir\jcmainct.c.obj.d -o CMakeFiles\fltk_jpeg.dir\
jcmainct.c.obj -c C:\fltk\fltk\jpeg\jcmainct.c
[  6%] Building C object zlib/CMakeFiles/fltk_z.dir/zutil.c.obj
cd /d C:\fltk\fltk\build\zlib && C:\mingw32-8\bin\gcc.exe -DFL_LIBRARY  -g -MD -MT zlib/CMakeFiles/fltk_z.dir/zutil.c.obj
 -MF CMakeFiles\fltk_z.dir\zutil.c.obj.d -o CMakeFiles\fltk_z.dir\zutil.c.obj -c C:\fltk\fltk\zlib\zutil.c
[  6%] Building C object jpeg/CMakeFiles/fltk_jpeg.dir/jcprepct.c.obj
cd /d C:\fltk\fltk\build\jpeg && C:\mingw32-8\bin\gcc.exe -DFL_LIBRARY @CMakeFiles/fltk_jpeg.dir/includes_C.rsp -g -MD -M
T jpeg/CMakeFiles/fltk_jpeg.dir/jcprepct.c.obj -MF CMakeFiles\fltk_jpeg.dir\jcprepct.c.obj.d -o CMakeFiles\fltk_jpeg.dir\
jcprepct.c.obj -c C:\fltk\fltk\jpeg\jcprepct.c
[  7%] Linking C static library ..\lib\libfltk_z.a
cd /d C:\fltk\fltk\build\zlib && C:\cmake\3.28.1\x86_64\bin\cmake.exe -P CMakeFiles\fltk_z.dir\cmake_clean_target.cmake
cd /d C:\fltk\fltk\build\zlib && C:\cmake\3.28.1\x86_64\bin\cmake.exe -E cmake_link_script CMakeFiles\fltk_z.dir\link.txt
 --verbose=on
[  7%] Building CXX object src/CMakeFiles/fltk.dir/Fl_Bitmap.cxx.obj
cd /d C:\fltk\fltk\build\src && C:\mingw32-8\bin\c++.exe -DFL_LIBRARY -D_FILE_OFFSET_BITS=64 -D_LARGEFILE64_SOURCE -D_LAR
GEFILE_SOURCE @CMakeFiles/fltk.dir/includes_CXX.rsp -g -std=c++11 -MD -MT src/CMakeFiles/fltk.dir/Fl_Bitmap.cxx.obj -MF C
MakeFiles\fltk.dir\Fl_Bitmap.cxx.obj.d -o CMakeFiles\fltk.dir\Fl_Bitmap.cxx.obj -c C:\fltk\fltk\src\Fl_Bitmap.cxx
C:\mingw32-8\bin\ar.exe qc ..\lib\libfltk_z.a CMakeFiles/fltk_z.dir/adler32.c.obj CMakeFiles/fltk_z.dir/compress.c.obj CM
akeFiles/fltk_z.dir/crc32.c.obj CMakeFiles/fltk_z.dir/deflate.c.obj CMakeFiles/fltk_z.dir/gzclose.c.obj CMakeFiles/fltk_z
.dir/gzlib.c.obj CMakeFiles/fltk_z.dir/gzread.c.obj CMakeFiles/fltk_z.dir/gzwrite.c.obj CMakeFiles/fltk_z.dir/inflate.c.o
bj CMakeFiles/fltk_z.dir/infback.c.obj CMakeFiles/fltk_z.dir/inftrees.c.obj CMakeFiles/fltk_z.dir/inffast.c.obj CMakeFile
s/fltk_z.dir/trees.c.obj CMakeFiles/fltk_z.dir/uncompr.c.obj CMakeFiles/fltk_z.dir/zutil.c.obj
C:\mingw32-8\bin\ranlib.exe ..\lib\libfltk_z.a
[  7%] Building C object jpeg/CMakeFiles/fltk_jpeg.dir/jccoefct.c.obj
cd /d C:\fltk\fltk\build\jpeg && C:\mingw32-8\bin\gcc.exe -DFL_LIBRARY @CMakeFiles/fltk_jpeg.dir/includes_C.rsp -g -MD -M
T jpeg/CMakeFiles/fltk_jpeg.dir/jccoefct.c.obj -MF CMakeFiles\fltk_jpeg.dir\jccoefct.c.obj.d -o CMakeFiles\fltk_jpeg.dir\
jccoefct.c.obj -c C:\fltk\fltk\jpeg\jccoefct.c
mingw32-make[2]: Leaving directory 'C:/fltk/fltk/build'
[  7%] Built target fltk_z
[  7%] Building CXX object src/CMakeFiles/fltk.dir/Fl_Browser.cxx.obj
cd /d C:\fltk\fltk\build\src && C:\mingw32-8\bin\c++.exe -DFL_LIBRARY -D_FILE_OFFSET_BITS=64 -D_LARGEFILE64_SOURCE -D_LAR
GEFILE_SOURCE @CMakeFiles/fltk.dir/includes_CXX.rsp -g -std=c++11 -MD -MT src/CMakeFiles/fltk.dir/Fl_Browser.cxx.obj -MF
CMakeFiles\fltk.dir\Fl_Browser.cxx.obj.d -o CMakeFiles\fltk.dir\Fl_Browser.cxx.obj -c C:\fltk\fltk\src\Fl_Browser.cxx
[  7%] Building C object jpeg/CMakeFiles/fltk_jpeg.dir/jccolor.c.obj
cd /d C:\fltk\fltk\build\jpeg && C:\mingw32-8\bin\gcc.exe -DFL_LIBRARY @CMakeFiles/fltk_jpeg.dir/includes_C.rsp -g -MD -M
T jpeg/CMakeFiles/fltk_jpeg.dir/jccolor.c.obj -MF CMakeFiles\fltk_jpeg.dir\jccolor.c.obj.d -o CMakeFiles\fltk_jpeg.dir\jc
color.c.obj -c C:\fltk\fltk\jpeg\jccolor.c
[  7%] Building C object jpeg/CMakeFiles/fltk_jpeg.dir/jcsample.c.obj
cd /d C:\fltk\fltk\build\jpeg && C:\mingw32-8\bin\gcc.exe -DFL_LIBRARY @CMakeFiles/fltk_jpeg.dir/includes_C.rsp -g -MD -M
T jpeg/CMakeFiles/fltk_jpeg.dir/jcsample.c.obj -MF CMakeFiles\fltk_jpeg.dir\jcsample.c.obj.d -o CMakeFiles\fltk_jpeg.dir\
jcsample.c.obj -c C:\fltk\fltk\jpeg\jcsample.c
mingw32-make  -f png\CMakeFiles\fltk_png.dir\build.make png/CMakeFiles/fltk_png.dir/depend
[  7%] Building C object jpeg/CMakeFiles/fltk_jpeg.dir/jchuff.c.obj
mingw32-make[2]: Entering directory 'C:/fltk/fltk/build'
C:\cmake\3.28.1\x86_64\bin\cmake.exe -E cmake_depends "MinGW Makefiles" C:\fltk\fltk C:\fltk\fltk\png C:\fltk\fltk\build
C:\fltk\fltk\build\png C:\fltk\fltk\build\png\CMakeFiles\fltk_png.dir\DependInfo.cmake "--color="
cd /d C:\fltk\fltk\build\jpeg && C:\mingw32-8\bin\gcc.exe -DFL_LIBRARY @CMakeFiles/fltk_jpeg.dir/includes_C.rsp -g -MD -M
T jpeg/CMakeFiles/fltk_jpeg.dir/jchuff.c.obj -MF CMakeFiles\fltk_jpeg.dir\jchuff.c.obj.d -o CMakeFiles\fltk_jpeg.dir\jchu
ff.c.obj -c C:\fltk\fltk\jpeg\jchuff.c
mingw32-make[2]: Leaving directory 'C:/fltk/fltk/build'
mingw32-make  -f png\CMakeFiles\fltk_png.dir\build.make png/CMakeFiles/fltk_png.dir/build
mingw32-make[2]: Entering directory 'C:/fltk/fltk/build'
[  7%] Building C object png/CMakeFiles/fltk_png.dir/png.c.obj
cd /d C:\fltk\fltk\build\png && C:\mingw32-8\bin\gcc.exe -DFL_LIBRARY -DHAVE_PNG_GET_VALID=1 -DHAVE_PNG_H=1 -DHAVE_PNG_SE
T_TRNS_TO_ALPHA=1 @CMakeFiles/fltk_png.dir/includes_C.rsp -g -MD -MT png/CMakeFiles/fltk_png.dir/png.c.obj -MF CMakeFiles
\fltk_png.dir\png.c.obj.d -o CMakeFiles\fltk_png.dir\png.c.obj -c C:\fltk\fltk\png\png.c
[  7%] Building C object jpeg/CMakeFiles/fltk_jpeg.dir/jcdctmgr.c.obj
cd /d C:\fltk\fltk\build\jpeg && C:\mingw32-8\bin\gcc.exe -DFL_LIBRARY @CMakeFiles/fltk_jpeg.dir/includes_C.rsp -g -MD -M
T jpeg/CMakeFiles/fltk_jpeg.dir/jcdctmgr.c.obj -MF CMakeFiles\fltk_jpeg.dir\jcdctmgr.c.obj.d -o CMakeFiles\fltk_jpeg.dir\
jcdctmgr.c.obj -c C:\fltk\fltk\jpeg\jcdctmgr.c
[  7%] Building CXX object src/CMakeFiles/fltk.dir/Fl_Browser_.cxx.obj
cd /d C:\fltk\fltk\build\src && C:\mingw32-8\bin\c++.exe -DFL_LIBRARY -D_FILE_OFFSET_BITS=64 -D_LARGEFILE64_SOURCE -D_LAR
GEFILE_SOURCE @CMakeFiles/fltk.dir/includes_CXX.rsp -g -std=c++11 -MD -MT src/CMakeFiles/fltk.dir/Fl_Browser_.cxx.obj -MF
 CMakeFiles\fltk.dir\Fl_Browser_.cxx.obj.d -o CMakeFiles\fltk.dir\Fl_Browser_.cxx.obj -c C:\fltk\fltk\src\Fl_Browser_.cxx

[  8%] Building C object jpeg/CMakeFiles/fltk_jpeg.dir/jfdctfst.c.obj
cd /d C:\fltk\fltk\build\jpeg && C:\mingw32-8\bin\gcc.exe -DFL_LIBRARY @CMakeFiles/fltk_jpeg.dir/includes_C.rsp -g -MD -M
T jpeg/CMakeFiles/fltk_jpeg.dir/jfdctfst.c.obj -MF CMakeFiles\fltk_jpeg.dir\jfdctfst.c.obj.d -o CMakeFiles\fltk_jpeg.dir\
jfdctfst.c.obj -c C:\fltk\fltk\jpeg\jfdctfst.c
[  8%] Building C object jpeg/CMakeFiles/fltk_jpeg.dir/jfdctflt.c.obj
cd /d C:\fltk\fltk\build\jpeg && C:\mingw32-8\bin\gcc.exe -DFL_LIBRARY @CMakeFiles/fltk_jpeg.dir/includes_C.rsp -g -MD -M
T jpeg/CMakeFiles/fltk_jpeg.dir/jfdctflt.c.obj -MF CMakeFiles\fltk_jpeg.dir\jfdctflt.c.obj.d -o CMakeFiles\fltk_jpeg.dir\
jfdctflt.c.obj -c C:\fltk\fltk\jpeg\jfdctflt.c
[  8%] Building C object jpeg/CMakeFiles/fltk_jpeg.dir/jfdctint.c.obj
cd /d C:\fltk\fltk\build\jpeg && C:\mingw32-8\bin\gcc.exe -DFL_LIBRARY @CMakeFiles/fltk_jpeg.dir/includes_C.rsp -g -MD -M
T jpeg/CMakeFiles/fltk_jpeg.dir/jfdctint.c.obj -MF CMakeFiles\fltk_jpeg.dir\jfdctint.c.obj.d -o CMakeFiles\fltk_jpeg.dir\
jfdctint.c.obj -c C:\fltk\fltk\jpeg\jfdctint.c
[  8%] Building CXX object src/CMakeFiles/fltk.dir/Fl_Browser_load.cxx.obj
cd /d C:\fltk\fltk\build\src && C:\mingw32-8\bin\c++.exe -DFL_LIBRARY -D_FILE_OFFSET_BITS=64 -D_LARGEFILE64_SOURCE -D_LAR
GEFILE_SOURCE @CMakeFiles/fltk.dir/includes_CXX.rsp -g -std=c++11 -MD -MT src/CMakeFiles/fltk.dir/Fl_Browser_load.cxx.obj
 -MF CMakeFiles\fltk.dir\Fl_Browser_load.cxx.obj.d -o CMakeFiles\fltk.dir\Fl_Browser_load.cxx.obj -c C:\fltk\fltk\src\Fl_
Browser_load.cxx
[  8%] Building C object jpeg/CMakeFiles/fltk_jpeg.dir/jdapimin.c.obj
cd /d C:\fltk\fltk\build\jpeg && C:\mingw32-8\bin\gcc.exe -DFL_LIBRARY @CMakeFiles/fltk_jpeg.dir/includes_C.rsp -g -MD -M
T jpeg/CMakeFiles/fltk_jpeg.dir/jdapimin.c.obj -MF CMakeFiles\fltk_jpeg.dir\jdapimin.c.obj.d -o CMakeFiles\fltk_jpeg.dir\
jdapimin.c.obj -c C:\fltk\fltk\jpeg\jdapimin.c
[  8%] Building C object png/CMakeFiles/fltk_png.dir/pngerror.c.obj
cd /d C:\fltk\fltk\build\png && C:\mingw32-8\bin\gcc.exe -DFL_LIBRARY -DHAVE_PNG_GET_VALID=1 -DHAVE_PNG_H=1 -DHAVE_PNG_SE
T_TRNS_TO_ALPHA=1 @CMakeFiles/fltk_png.dir/includes_C.rsp -g -MD -MT png/CMakeFiles/fltk_png.dir/pngerror.c.obj -MF CMake
Files\fltk_png.dir\pngerror.c.obj.d -o CMakeFiles\fltk_png.dir\pngerror.c.obj -c C:\fltk\fltk\png\pngerror.c
[  8%] Building C object jpeg/CMakeFiles/fltk_jpeg.dir/jdapistd.c.obj
cd /d C:\fltk\fltk\build\jpeg && C:\mingw32-8\bin\gcc.exe -DFL_LIBRARY @CMakeFiles/fltk_jpeg.dir/includes_C.rsp -g -MD -M
T jpeg/CMakeFiles/fltk_jpeg.dir/jdapistd.c.obj -MF CMakeFiles\fltk_jpeg.dir\jdapistd.c.obj.d -o CMakeFiles\fltk_jpeg.dir\
jdapistd.c.obj -c C:\fltk\fltk\jpeg\jdapistd.c
[  8%] Building C object jpeg/CMakeFiles/fltk_jpeg.dir/jdarith.c.obj
cd /d C:\fltk\fltk\build\jpeg && C:\mingw32-8\bin\gcc.exe -DFL_LIBRARY @CMakeFiles/fltk_jpeg.dir/includes_C.rsp -g -MD -M
T jpeg/CMakeFiles/fltk_jpeg.dir/jdarith.c.obj -MF CMakeFiles\fltk_jpeg.dir\jdarith.c.obj.d -o CMakeFiles\fltk_jpeg.dir\jd
arith.c.obj -c C:\fltk\fltk\jpeg\jdarith.c
[  8%] Building CXX object src/CMakeFiles/fltk.dir/Fl_Box.cxx.obj
cd /d C:\fltk\fltk\build\src && C:\mingw32-8\bin\c++.exe -DFL_LIBRARY -D_FILE_OFFSET_BITS=64 -D_LARGEFILE64_SOURCE -D_LAR
GEFILE_SOURCE @CMakeFiles/fltk.dir/includes_CXX.rsp -g -std=c++11 -MD -MT src/CMakeFiles/fltk.dir/Fl_Box.cxx.obj -MF CMak
eFiles\fltk.dir\Fl_Box.cxx.obj.d -o CMakeFiles\fltk.dir\Fl_Box.cxx.obj -c C:\fltk\fltk\src\Fl_Box.cxx
[  8%] Building C object jpeg/CMakeFiles/fltk_jpeg.dir/jdtrans.c.obj
cd /d C:\fltk\fltk\build\jpeg && C:\mingw32-8\bin\gcc.exe -DFL_LIBRARY @CMakeFiles/fltk_jpeg.dir/includes_C.rsp -g -MD -M
T jpeg/CMakeFiles/fltk_jpeg.dir/jdtrans.c.obj -MF CMakeFiles\fltk_jpeg.dir\jdtrans.c.obj.d -o CMakeFiles\fltk_jpeg.dir\jd
trans.c.obj -c C:\fltk\fltk\jpeg\jdtrans.c
[  9%] Building C object jpeg/CMakeFiles/fltk_jpeg.dir/jdatasrc.c.obj
cd /d C:\fltk\fltk\build\jpeg && C:\mingw32-8\bin\gcc.exe -DFL_LIBRARY @CMakeFiles/fltk_jpeg.dir/includes_C.rsp -g -MD -M
T jpeg/CMakeFiles/fltk_jpeg.dir/jdatasrc.c.obj -MF CMakeFiles\fltk_jpeg.dir\jdatasrc.c.obj.d -o CMakeFiles\fltk_jpeg.dir\
jdatasrc.c.obj -c C:\fltk\fltk\jpeg\jdatasrc.c
[  9%] Building CXX object src/CMakeFiles/fltk.dir/Fl_Button.cxx.obj
cd /d C:\fltk\fltk\build\src && C:\mingw32-8\bin\c++.exe -DFL_LIBRARY -D_FILE_OFFSET_BITS=64 -D_LARGEFILE64_SOURCE -D_LAR
GEFILE_SOURCE @CMakeFiles/fltk.dir/includes_CXX.rsp -g -std=c++11 -MD -MT src/CMakeFiles/fltk.dir/Fl_Button.cxx.obj -MF C
MakeFiles\fltk.dir\Fl_Button.cxx.obj.d -o CMakeFiles\fltk.dir\Fl_Button.cxx.obj -c C:\fltk\fltk\src\Fl_Button.cxx
[  9%] Building C object jpeg/CMakeFiles/fltk_jpeg.dir/jdmaster.c.obj
cd /d C:\fltk\fltk\build\jpeg && C:\mingw32-8\bin\gcc.exe -DFL_LIBRARY @CMakeFiles/fltk_jpeg.dir/includes_C.rsp -g -MD -M
T jpeg/CMakeFiles/fltk_jpeg.dir/jdmaster.c.obj -MF CMakeFiles\fltk_jpeg.dir\jdmaster.c.obj.d -o CMakeFiles\fltk_jpeg.dir\
jdmaster.c.obj -c C:\fltk\fltk\jpeg\jdmaster.c
[  9%] Building C object jpeg/CMakeFiles/fltk_jpeg.dir/jdinput.c.obj
cd /d C:\fltk\fltk\build\jpeg && C:\mingw32-8\bin\gcc.exe -DFL_LIBRARY @CMakeFiles/fltk_jpeg.dir/includes_C.rsp -g -MD -M
T jpeg/CMakeFiles/fltk_jpeg.dir/jdinput.c.obj -MF CMakeFiles\fltk_jpeg.dir\jdinput.c.obj.d -o CMakeFiles\fltk_jpeg.dir\jd
input.c.obj -c C:\fltk\fltk\jpeg\jdinput.c
[ 10%] Building C object png/CMakeFiles/fltk_png.dir/pngget.c.obj
cd /d C:\fltk\fltk\build\png && C:\mingw32-8\bin\gcc.exe -DFL_LIBRARY -DHAVE_PNG_GET_VALID=1 -DHAVE_PNG_H=1 -DHAVE_PNG_SE
T_TRNS_TO_ALPHA=1 @CMakeFiles/fltk_png.dir/includes_C.rsp -g -MD -MT png/CMakeFiles/fltk_png.dir/pngget.c.obj -MF CMakeFi
les\fltk_png.dir\pngget.c.obj.d -o CMakeFiles\fltk_png.dir\pngget.c.obj -c C:\fltk\fltk\png\pngget.c
[ 10%] Building C object jpeg/CMakeFiles/fltk_jpeg.dir/jdmarker.c.obj
cd /d C:\fltk\fltk\build\jpeg && C:\mingw32-8\bin\gcc.exe -DFL_LIBRARY @CMakeFiles/fltk_jpeg.dir/includes_C.rsp -g -MD -M
T jpeg/CMakeFiles/fltk_jpeg.dir/jdmarker.c.obj -MF CMakeFiles\fltk_jpeg.dir\jdmarker.c.obj.d -o CMakeFiles\fltk_jpeg.dir\
jdmarker.c.obj -c C:\fltk\fltk\jpeg\jdmarker.c
[ 11%] Building CXX object src/CMakeFiles/fltk.dir/Fl_Chart.cxx.obj
cd /d C:\fltk\fltk\build\src && C:\mingw32-8\bin\c++.exe -DFL_LIBRARY -D_FILE_OFFSET_BITS=64 -D_LARGEFILE64_SOURCE -D_LAR
GEFILE_SOURCE @CMakeFiles/fltk.dir/includes_CXX.rsp -g -std=c++11 -MD -MT src/CMakeFiles/fltk.dir/Fl_Chart.cxx.obj -MF CM
akeFiles\fltk.dir\Fl_Chart.cxx.obj.d -o CMakeFiles\fltk.dir\Fl_Chart.cxx.obj -c C:\fltk\fltk\src\Fl_Chart.cxx
[ 11%] Building C object jpeg/CMakeFiles/fltk_jpeg.dir/jdhuff.c.obj
cd /d C:\fltk\fltk\build\jpeg && C:\mingw32-8\bin\gcc.exe -DFL_LIBRARY @CMakeFiles/fltk_jpeg.dir/includes_C.rsp -g -MD -M
T jpeg/CMakeFiles/fltk_jpeg.dir/jdhuff.c.obj -MF CMakeFiles\fltk_jpeg.dir\jdhuff.c.obj.d -o CMakeFiles\fltk_jpeg.dir\jdhu
ff.c.obj -c C:\fltk\fltk\jpeg\jdhuff.c
[ 11%] Building C object jpeg/CMakeFiles/fltk_jpeg.dir/jdmainct.c.obj
cd /d C:\fltk\fltk\build\jpeg && C:\mingw32-8\bin\gcc.exe -DFL_LIBRARY @CMakeFiles/fltk_jpeg.dir/includes_C.rsp -g -MD -M
T jpeg/CMakeFiles/fltk_jpeg.dir/jdmainct.c.obj -MF CMakeFiles\fltk_jpeg.dir\jdmainct.c.obj.d -o CMakeFiles\fltk_jpeg.dir\
jdmainct.c.obj -c C:\fltk\fltk\jpeg\jdmainct.c
[ 11%] Building C object jpeg/CMakeFiles/fltk_jpeg.dir/jdcoefct.c.obj
cd /d C:\fltk\fltk\build\jpeg && C:\mingw32-8\bin\gcc.exe -DFL_LIBRARY @CMakeFiles/fltk_jpeg.dir/includes_C.rsp -g -MD -M
T jpeg/CMakeFiles/fltk_jpeg.dir/jdcoefct.c.obj -MF CMakeFiles\fltk_jpeg.dir\jdcoefct.c.obj.d -o CMakeFiles\fltk_jpeg.dir\
jdcoefct.c.obj -c C:\fltk\fltk\jpeg\jdcoefct.c
[ 12%] Building C object jpeg/CMakeFiles/fltk_jpeg.dir/jdpostct.c.obj
cd /d C:\fltk\fltk\build\jpeg && C:\mingw32-8\bin\gcc.exe -DFL_LIBRARY @CMakeFiles/fltk_jpeg.dir/includes_C.rsp -g -MD -M
T jpeg/CMakeFiles/fltk_jpeg.dir/jdpostct.c.obj -MF CMakeFiles\fltk_jpeg.dir\jdpostct.c.obj.d -o CMakeFiles\fltk_jpeg.dir\
jdpostct.c.obj -c C:\fltk\fltk\jpeg\jdpostct.c
[ 12%] Building CXX object src/CMakeFiles/fltk.dir/Fl_Check_Browser.cxx.obj
cd /d C:\fltk\fltk\build\src && C:\mingw32-8\bin\c++.exe -DFL_LIBRARY -D_FILE_OFFSET_BITS=64 -D_LARGEFILE64_SOURCE -D_LAR
GEFILE_SOURCE @CMakeFiles/fltk.dir/includes_CXX.rsp -g -std=c++11 -MD -MT src/CMakeFiles/fltk.dir/Fl_Check_Browser.cxx.ob
j -MF CMakeFiles\fltk.dir\Fl_Check_Browser.cxx.obj.d -o CMakeFiles\fltk.dir\Fl_Check_Browser.cxx.obj -c C:\fltk\fltk\src\
Fl_Check_Browser.cxx
[ 12%] Building C object png/CMakeFiles/fltk_png.dir/pngmem.c.obj
cd /d C:\fltk\fltk\build\png && C:\mingw32-8\bin\gcc.exe -DFL_LIBRARY -DHAVE_PNG_GET_VALID=1 -DHAVE_PNG_H=1 -DHAVE_PNG_SE
T_TRNS_TO_ALPHA=1 @CMakeFiles/fltk_png.dir/includes_C.rsp -g -MD -MT png/CMakeFiles/fltk_png.dir/pngmem.c.obj -MF CMakeFi
les\fltk_png.dir\pngmem.c.obj.d -o CMakeFiles\fltk_png.dir\pngmem.c.obj -c C:\fltk\fltk\png\pngmem.c
[ 12%] Building C object jpeg/CMakeFiles/fltk_jpeg.dir/jddctmgr.c.obj
cd /d C:\fltk\fltk\build\jpeg && C:\mingw32-8\bin\gcc.exe -DFL_LIBRARY @CMakeFiles/fltk_jpeg.dir/includes_C.rsp -g -MD -M
T jpeg/CMakeFiles/fltk_jpeg.dir/jddctmgr.c.obj -MF CMakeFiles\fltk_jpeg.dir\jddctmgr.c.obj.d -o CMakeFiles\fltk_jpeg.dir\
jddctmgr.c.obj -c C:\fltk\fltk\jpeg\jddctmgr.c
[ 12%] Building C object jpeg/CMakeFiles/fltk_jpeg.dir/jidctfst.c.obj
cd /d C:\fltk\fltk\build\jpeg && C:\mingw32-8\bin\gcc.exe -DFL_LIBRARY @CMakeFiles/fltk_jpeg.dir/includes_C.rsp -g -MD -M
T jpeg/CMakeFiles/fltk_jpeg.dir/jidctfst.c.obj -MF CMakeFiles\fltk_jpeg.dir\jidctfst.c.obj.d -o CMakeFiles\fltk_jpeg.dir\
jidctfst.c.obj -c C:\fltk\fltk\jpeg\jidctfst.c
[ 12%] Building C object jpeg/CMakeFiles/fltk_jpeg.dir/jidctflt.c.obj
cd /d C:\fltk\fltk\build\jpeg && C:\mingw32-8\bin\gcc.exe -DFL_LIBRARY @CMakeFiles/fltk_jpeg.dir/includes_C.rsp -g -MD -M
T jpeg/CMakeFiles/fltk_jpeg.dir/jidctflt.c.obj -MF CMakeFiles\fltk_jpeg.dir\jidctflt.c.obj.d -o CMakeFiles\fltk_jpeg.dir\
jidctflt.c.obj -c C:\fltk\fltk\jpeg\jidctflt.c
[ 12%] Building C object jpeg/CMakeFiles/fltk_jpeg.dir/jidctint.c.obj
cd /d C:\fltk\fltk\build\jpeg && C:\mingw32-8\bin\gcc.exe -DFL_LIBRARY @CMakeFiles/fltk_jpeg.dir/includes_C.rsp -g -MD -M
T jpeg/CMakeFiles/fltk_jpeg.dir/jidctint.c.obj -MF CMakeFiles\fltk_jpeg.dir\jidctint.c.obj.d -o CMakeFiles\fltk_jpeg.dir\
jidctint.c.obj -c C:\fltk\fltk\jpeg\jidctint.c
[ 12%] Building CXX object src/CMakeFiles/fltk.dir/Fl_Check_Button.cxx.obj
cd /d C:\fltk\fltk\build\src && C:\mingw32-8\bin\c++.exe -DFL_LIBRARY -D_FILE_OFFSET_BITS=64 -D_LARGEFILE64_SOURCE -D_LAR
GEFILE_SOURCE @CMakeFiles/fltk.dir/includes_CXX.rsp -g -std=c++11 -MD -MT src/CMakeFiles/fltk.dir/Fl_Check_Button.cxx.obj
 -MF CMakeFiles\fltk.dir\Fl_Check_Button.cxx.obj.d -o CMakeFiles\fltk.dir\Fl_Check_Button.cxx.obj -c C:\fltk\fltk\src\Fl_
Check_Button.cxx
[ 12%] Building C object png/CMakeFiles/fltk_png.dir/pngpread.c.obj
[ 12%] Building CXX object src/CMakeFiles/fltk.dir/Fl_Choice.cxx.obj
cd /d C:\fltk\fltk\build\png && C:\mingw32-8\bin\gcc.exe -DFL_LIBRARY -DHAVE_PNG_GET_VALID=1 -DHAVE_PNG_H=1 -DHAVE_PNG_SE
T_TRNS_TO_ALPHA=1 @CMakeFiles/fltk_png.dir/includes_C.rsp -g -MD -MT png/CMakeFiles/fltk_png.dir/pngpread.c.obj -MF CMake
Files\fltk_png.dir\pngpread.c.obj.d -o CMakeFiles\fltk_png.dir\pngpread.c.obj -c C:\fltk\fltk\png\pngpread.c
cd /d C:\fltk\fltk\build\src && C:\mingw32-8\bin\c++.exe -DFL_LIBRARY -D_FILE_OFFSET_BITS=64 -D_LARGEFILE64_SOURCE -D_LAR
GEFILE_SOURCE @CMakeFiles/fltk.dir/includes_CXX.rsp -g -std=c++11 -MD -MT src/CMakeFiles/fltk.dir/Fl_Choice.cxx.obj -MF C
MakeFiles\fltk.dir\Fl_Choice.cxx.obj.d -o CMakeFiles\fltk.dir\Fl_Choice.cxx.obj -c C:\fltk\fltk\src\Fl_Choice.cxx
[ 12%] Building C object jpeg/CMakeFiles/fltk_jpeg.dir/jdsample.c.obj
cd /d C:\fltk\fltk\build\jpeg && C:\mingw32-8\bin\gcc.exe -DFL_LIBRARY @CMakeFiles/fltk_jpeg.dir/includes_C.rsp -g -MD -M
T jpeg/CMakeFiles/fltk_jpeg.dir/jdsample.c.obj -MF CMakeFiles\fltk_jpeg.dir\jdsample.c.obj.d -o CMakeFiles\fltk_jpeg.dir\
jdsample.c.obj -c C:\fltk\fltk\jpeg\jdsample.c
[ 13%] Building C object jpeg/CMakeFiles/fltk_jpeg.dir/jdcolor.c.obj
cd /d C:\fltk\fltk\build\jpeg && C:\mingw32-8\bin\gcc.exe -DFL_LIBRARY @CMakeFiles/fltk_jpeg.dir/includes_C.rsp -g -MD -M
T jpeg/CMakeFiles/fltk_jpeg.dir/jdcolor.c.obj -MF CMakeFiles\fltk_jpeg.dir\jdcolor.c.obj.d -o CMakeFiles\fltk_jpeg.dir\jd
color.c.obj -c C:\fltk\fltk\jpeg\jdcolor.c
[ 13%] Building C object jpeg/CMakeFiles/fltk_jpeg.dir/jquant1.c.obj
cd /d C:\fltk\fltk\build\jpeg && C:\mingw32-8\bin\gcc.exe -DFL_LIBRARY @CMakeFiles/fltk_jpeg.dir/includes_C.rsp -g -MD -M
T jpeg/CMakeFiles/fltk_jpeg.dir/jquant1.c.obj -MF CMakeFiles\fltk_jpeg.dir\jquant1.c.obj.d -o CMakeFiles\fltk_jpeg.dir\jq
uant1.c.obj -c C:\fltk\fltk\jpeg\jquant1.c
[ 13%] Building CXX object src/CMakeFiles/fltk.dir/Fl_Clock.cxx.obj
cd /d C:\fltk\fltk\build\src && C:\mingw32-8\bin\c++.exe -DFL_LIBRARY -D_FILE_OFFSET_BITS=64 -D_LARGEFILE64_SOURCE -D_LAR
GEFILE_SOURCE @CMakeFiles/fltk.dir/includes_CXX.rsp -g -std=c++11 -MD -MT src/CMakeFiles/fltk.dir/Fl_Clock.cxx.obj -MF CM
akeFiles\fltk.dir\Fl_Clock.cxx.obj.d -o CMakeFiles\fltk.dir\Fl_Clock.cxx.obj -c C:\fltk\fltk\src\Fl_Clock.cxx
[ 13%] Building C object jpeg/CMakeFiles/fltk_jpeg.dir/jquant2.c.obj
cd /d C:\fltk\fltk\build\jpeg && C:\mingw32-8\bin\gcc.exe -DFL_LIBRARY @CMakeFiles/fltk_jpeg.dir/includes_C.rsp -g -MD -M
T jpeg/CMakeFiles/fltk_jpeg.dir/jquant2.c.obj -MF CMakeFiles\fltk_jpeg.dir\jquant2.c.obj.d -o CMakeFiles\fltk_jpeg.dir\jq
uant2.c.obj -c C:\fltk\fltk\jpeg\jquant2.c
[ 13%] Building C object jpeg/CMakeFiles/fltk_jpeg.dir/jdmerge.c.obj
cd /d C:\fltk\fltk\build\jpeg && C:\mingw32-8\bin\gcc.exe -DFL_LIBRARY @CMakeFiles/fltk_jpeg.dir/includes_C.rsp -g -MD -M
T jpeg/CMakeFiles/fltk_jpeg.dir/jdmerge.c.obj -MF CMakeFiles\fltk_jpeg.dir\jdmerge.c.obj.d -o CMakeFiles\fltk_jpeg.dir\jd
merge.c.obj -c C:\fltk\fltk\jpeg\jdmerge.c
[ 13%] Building C object png/CMakeFiles/fltk_png.dir/pngread.c.obj
cd /d C:\fltk\fltk\build\png && C:\mingw32-8\bin\gcc.exe -DFL_LIBRARY -DHAVE_PNG_GET_VALID=1 -DHAVE_PNG_H=1 -DHAVE_PNG_SE
T_TRNS_TO_ALPHA=1 @CMakeFiles/fltk_png.dir/includes_C.rsp -g -MD -MT png/CMakeFiles/fltk_png.dir/pngread.c.obj -MF CMakeF
iles\fltk_png.dir\pngread.c.obj.d -o CMakeFiles\fltk_png.dir\pngread.c.obj -c C:\fltk\fltk\png\pngread.c
[ 13%] Linking C static library ..\lib\libfltk_jpeg.a
cd /d C:\fltk\fltk\build\jpeg && C:\cmake\3.28.1\x86_64\bin\cmake.exe -P CMakeFiles\fltk_jpeg.dir\cmake_clean_target.cmak
e
cd /d C:\fltk\fltk\build\jpeg && C:\cmake\3.28.1\x86_64\bin\cmake.exe -E cmake_link_script CMakeFiles\fltk_jpeg.dir\link.
txt --verbose=on
C:\mingw32-8\bin\ar.exe qc ..\lib\libfltk_jpeg.a CMakeFiles/fltk_jpeg.dir/jmemnobs.c.obj CMakeFiles/fltk_jpeg.dir/jaricom
.c.obj CMakeFiles/fltk_jpeg.dir/jcomapi.c.obj CMakeFiles/fltk_jpeg.dir/jutils.c.obj CMakeFiles/fltk_jpeg.dir/jerror.c.obj
 CMakeFiles/fltk_jpeg.dir/jmemmgr.c.obj CMakeFiles/fltk_jpeg.dir/jcapimin.c.obj CMakeFiles/fltk_jpeg.dir/jcapistd.c.obj C
MakeFiles/fltk_jpeg.dir/jcarith.c.obj CMakeFiles/fltk_jpeg.dir/jctrans.c.obj CMakeFiles/fltk_jpeg.dir/jcparam.c.obj CMake
Files/fltk_jpeg.dir/jdatadst.c.obj CMakeFiles/fltk_jpeg.dir/jcinit.c.obj CMakeFiles/fltk_jpeg.dir/jcmaster.c.obj CMakeFil
es/fltk_jpeg.dir/jcmarker.c.obj CMakeFiles/fltk_jpeg.dir/jcmainct.c.obj CMakeFiles/fltk_jpeg.dir/jcprepct.c.obj CMakeFile
s/fltk_jpeg.dir/jccoefct.c.obj CMakeFiles/fltk_jpeg.dir/jccolor.c.obj CMakeFiles/fltk_jpeg.dir/jcsample.c.obj CMakeFiles/
fltk_jpeg.dir/jchuff.c.obj CMakeFiles/fltk_jpeg.dir/jcdctmgr.c.obj CMakeFiles/fltk_jpeg.dir/jfdctfst.c.obj CMakeFiles/flt
k_jpeg.dir/jfdctflt.c.obj CMakeFiles/fltk_jpeg.dir/jfdctint.c.obj CMakeFiles/fltk_jpeg.dir/jdapimin.c.obj CMakeFiles/fltk
_jpeg.dir/jdapistd.c.obj CMakeFiles/fltk_jpeg.dir/jdarith.c.obj CMakeFiles/fltk_jpeg.dir/jdtrans.c.obj CMakeFiles/fltk_jp
eg.dir/jdatasrc.c.obj CMakeFiles/fltk_jpeg.dir/jdmaster.c.obj CMakeFiles/fltk_jpeg.dir/jdinput.c.obj CMakeFiles/fltk_jpeg
.dir/jdmarker.c.obj CMakeFiles/fltk_jpeg.dir/jdhuff.c.obj CMakeFiles/fltk_jpeg.dir/jdmainct.c.obj CMakeFiles/fltk_jpeg.di
r/jdcoefct.c.obj CMakeFiles/fltk_jpeg.dir/jdpostct.c.obj CMakeFiles/fltk_jpeg.dir/jddctmgr.c.obj CMakeFiles/fltk_jpeg.dir
/jidctfst.c.obj CMakeFiles/fltk_jpeg.dir/jidctflt.c.obj CMakeFiles/fltk_jpeg.dir/jidctint.c.obj CMakeFiles/fltk_jpeg.dir/
jdsample.c.obj CMakeFiles/fltk_jpeg.dir/jdcolor.c.obj CMakeFiles/fltk_jpeg.dir/jquant1.c.obj CMakeFiles/fltk_jpeg.dir/jqu
ant2.c.obj CMakeFiles/fltk_jpeg.dir/jdmerge.c.obj
C:\mingw32-8\bin\ranlib.exe ..\lib\libfltk_jpeg.a
mingw32-make[2]: Leaving directory 'C:/fltk/fltk/build'
[ 13%] Built target fltk_jpeg
[ 13%] Building CXX object src/CMakeFiles/fltk.dir/Fl_Color_Chooser.cxx.obj
cd /d C:\fltk\fltk\build\src && C:\mingw32-8\bin\c++.exe -DFL_LIBRARY -D_FILE_OFFSET_BITS=64 -D_LARGEFILE64_SOURCE -D_LAR
GEFILE_SOURCE @CMakeFiles/fltk.dir/includes_CXX.rsp -g -std=c++11 -MD -MT src/CMakeFiles/fltk.dir/Fl_Color_Chooser.cxx.ob
j -MF CMakeFiles\fltk.dir\Fl_Color_Chooser.cxx.obj.d -o CMakeFiles\fltk.dir\Fl_Color_Chooser.cxx.obj -c C:\fltk\fltk\src\
Fl_Color_Chooser.cxx
[ 13%] Building C object png/CMakeFiles/fltk_png.dir/pngrio.c.obj
cd /d C:\fltk\fltk\build\png && C:\mingw32-8\bin\gcc.exe -DFL_LIBRARY -DHAVE_PNG_GET_VALID=1 -DHAVE_PNG_H=1 -DHAVE_PNG_SE
T_TRNS_TO_ALPHA=1 @CMakeFiles/fltk_png.dir/includes_C.rsp -g -MD -MT png/CMakeFiles/fltk_png.dir/pngrio.c.obj -MF CMakeFi
les\fltk_png.dir\pngrio.c.obj.d -o CMakeFiles\fltk_png.dir\pngrio.c.obj -c C:\fltk\fltk\png\pngrio.c
[ 14%] Building CXX object src/CMakeFiles/fltk.dir/Fl_Copy_Surface.cxx.obj
cd /d C:\fltk\fltk\build\src && C:\mingw32-8\bin\c++.exe -DFL_LIBRARY -D_FILE_OFFSET_BITS=64 -D_LARGEFILE64_SOURCE -D_LAR
GEFILE_SOURCE @CMakeFiles/fltk.dir/includes_CXX.rsp -g -std=c++11 -MD -MT src/CMakeFiles/fltk.dir/Fl_Copy_Surface.cxx.obj
 -MF CMakeFiles\fltk.dir\Fl_Copy_Surface.cxx.obj.d -o CMakeFiles\fltk.dir\Fl_Copy_Surface.cxx.obj -c C:\fltk\fltk\src\Fl_
Copy_Surface.cxx
[ 14%] Building CXX object src/CMakeFiles/fltk.dir/Fl_Counter.cxx.obj
cd /d C:\fltk\fltk\build\src && C:\mingw32-8\bin\c++.exe -DFL_LIBRARY -D_FILE_OFFSET_BITS=64 -D_LARGEFILE64_SOURCE -D_LAR
GEFILE_SOURCE @CMakeFiles/fltk.dir/includes_CXX.rsp -g -std=c++11 -MD -MT src/CMakeFiles/fltk.dir/Fl_Counter.cxx.obj -MF
CMakeFiles\fltk.dir\Fl_Counter.cxx.obj.d -o CMakeFiles\fltk.dir\Fl_Counter.cxx.obj -c C:\fltk\fltk\src\Fl_Counter.cxx
[ 14%] Building C object png/CMakeFiles/fltk_png.dir/pngrtran.c.obj
cd /d C:\fltk\fltk\build\png && C:\mingw32-8\bin\gcc.exe -DFL_LIBRARY -DHAVE_PNG_GET_VALID=1 -DHAVE_PNG_H=1 -DHAVE_PNG_SE
T_TRNS_TO_ALPHA=1 @CMakeFiles/fltk_png.dir/includes_C.rsp -g -MD -MT png/CMakeFiles/fltk_png.dir/pngrtran.c.obj -MF CMake
Files\fltk_png.dir\pngrtran.c.obj.d -o CMakeFiles\fltk_png.dir\pngrtran.c.obj -c C:\fltk\fltk\png\pngrtran.c
[ 14%] Building C object png/CMakeFiles/fltk_png.dir/pngrutil.c.obj
cd /d C:\fltk\fltk\build\png && C:\mingw32-8\bin\gcc.exe -DFL_LIBRARY -DHAVE_PNG_GET_VALID=1 -DHAVE_PNG_H=1 -DHAVE_PNG_SE
T_TRNS_TO_ALPHA=1 @CMakeFiles/fltk_png.dir/includes_C.rsp -g -MD -MT png/CMakeFiles/fltk_png.dir/pngrutil.c.obj -MF CMake
Files\fltk_png.dir\pngrutil.c.obj.d -o CMakeFiles\fltk_png.dir\pngrutil.c.obj -c C:\fltk\fltk\png\pngrutil.c
[ 14%] Building CXX object src/CMakeFiles/fltk.dir/Fl_Device.cxx.obj
cd /d C:\fltk\fltk\build\src && C:\mingw32-8\bin\c++.exe -DFL_LIBRARY -D_FILE_OFFSET_BITS=64 -D_LARGEFILE64_SOURCE -D_LAR
GEFILE_SOURCE @CMakeFiles/fltk.dir/includes_CXX.rsp -g -std=c++11 -MD -MT src/CMakeFiles/fltk.dir/Fl_Device.cxx.obj -MF C
MakeFiles\fltk.dir\Fl_Device.cxx.obj.d -o CMakeFiles\fltk.dir\Fl_Device.cxx.obj -c C:\fltk\fltk\src\Fl_Device.cxx
[ 14%] Building CXX object src/CMakeFiles/fltk.dir/Fl_Dial.cxx.obj
cd /d C:\fltk\fltk\build\src && C:\mingw32-8\bin\c++.exe -DFL_LIBRARY -D_FILE_OFFSET_BITS=64 -D_LARGEFILE64_SOURCE -D_LAR
GEFILE_SOURCE @CMakeFiles/fltk.dir/includes_CXX.rsp -g -std=c++11 -MD -MT src/CMakeFiles/fltk.dir/Fl_Dial.cxx.obj -MF CMa
keFiles\fltk.dir\Fl_Dial.cxx.obj.d -o CMakeFiles\fltk.dir\Fl_Dial.cxx.obj -c C:\fltk\fltk\src\Fl_Dial.cxx
[ 14%] Building CXX object src/CMakeFiles/fltk.dir/Fl_Double_Window.cxx.obj
cd /d C:\fltk\fltk\build\src && C:\mingw32-8\bin\c++.exe -DFL_LIBRARY -D_FILE_OFFSET_BITS=64 -D_LARGEFILE64_SOURCE -D_LAR
GEFILE_SOURCE @CMakeFiles/fltk.dir/includes_CXX.rsp -g -std=c++11 -MD -MT src/CMakeFiles/fltk.dir/Fl_Double_Window.cxx.ob
j -MF CMakeFiles\fltk.dir\Fl_Double_Window.cxx.obj.d -o CMakeFiles\fltk.dir\Fl_Double_Window.cxx.obj -c C:\fltk\fltk\src\
Fl_Double_Window.cxx
[ 15%] Building C object png/CMakeFiles/fltk_png.dir/pngset.c.obj
cd /d C:\fltk\fltk\build\png && C:\mingw32-8\bin\gcc.exe -DFL_LIBRARY -DHAVE_PNG_GET_VALID=1 -DHAVE_PNG_H=1 -DHAVE_PNG_SE
T_TRNS_TO_ALPHA=1 @CMakeFiles/fltk_png.dir/includes_C.rsp -g -MD -MT png/CMakeFiles/fltk_png.dir/pngset.c.obj -MF CMakeFi
les\fltk_png.dir\pngset.c.obj.d -o CMakeFiles\fltk_png.dir\pngset.c.obj -c C:\fltk\fltk\png\pngset.c
[ 15%] Building C object png/CMakeFiles/fltk_png.dir/pngtrans.c.obj
cd /d C:\fltk\fltk\build\png && C:\mingw32-8\bin\gcc.exe -DFL_LIBRARY -DHAVE_PNG_GET_VALID=1 -DHAVE_PNG_H=1 -DHAVE_PNG_SE
T_TRNS_TO_ALPHA=1 @CMakeFiles/fltk_png.dir/includes_C.rsp -g -MD -MT png/CMakeFiles/fltk_png.dir/pngtrans.c.obj -MF CMake
Files\fltk_png.dir\pngtrans.c.obj.d -o CMakeFiles\fltk_png.dir\pngtrans.c.obj -c C:\fltk\fltk\png\pngtrans.c
[ 15%] Building CXX object src/CMakeFiles/fltk.dir/Fl_File_Browser.cxx.obj
cd /d C:\fltk\fltk\build\src && C:\mingw32-8\bin\c++.exe -DFL_LIBRARY -D_FILE_OFFSET_BITS=64 -D_LARGEFILE64_SOURCE -D_LAR
GEFILE_SOURCE @CMakeFiles/fltk.dir/includes_CXX.rsp -g -std=c++11 -MD -MT src/CMakeFiles/fltk.dir/Fl_File_Browser.cxx.obj
 -MF CMakeFiles\fltk.dir\Fl_File_Browser.cxx.obj.d -o CMakeFiles\fltk.dir\Fl_File_Browser.cxx.obj -c C:\fltk\fltk\src\Fl_
File_Browser.cxx
[ 15%] Building C object png/CMakeFiles/fltk_png.dir/pngwio.c.obj
cd /d C:\fltk\fltk\build\png && C:\mingw32-8\bin\gcc.exe -DFL_LIBRARY -DHAVE_PNG_GET_VALID=1 -DHAVE_PNG_H=1 -DHAVE_PNG_SE
T_TRNS_TO_ALPHA=1 @CMakeFiles/fltk_png.dir/includes_C.rsp -g -MD -MT png/CMakeFiles/fltk_png.dir/pngwio.c.obj -MF CMakeFi
les\fltk_png.dir\pngwio.c.obj.d -o CMakeFiles\fltk_png.dir\pngwio.c.obj -c C:\fltk\fltk\png\pngwio.c
[ 15%] Building C object png/CMakeFiles/fltk_png.dir/pngwrite.c.obj
cd /d C:\fltk\fltk\build\png && C:\mingw32-8\bin\gcc.exe -DFL_LIBRARY -DHAVE_PNG_GET_VALID=1 -DHAVE_PNG_H=1 -DHAVE_PNG_SE
T_TRNS_TO_ALPHA=1 @CMakeFiles/fltk_png.dir/includes_C.rsp -g -MD -MT png/CMakeFiles/fltk_png.dir/pngwrite.c.obj -MF CMake
Files\fltk_png.dir\pngwrite.c.obj.d -o CMakeFiles\fltk_png.dir\pngwrite.c.obj -c C:\fltk\fltk\png\pngwrite.c
[ 15%] Building CXX object src/CMakeFiles/fltk.dir/Fl_File_Chooser.cxx.obj
cd /d C:\fltk\fltk\build\src && C:\mingw32-8\bin\c++.exe -DFL_LIBRARY -D_FILE_OFFSET_BITS=64 -D_LARGEFILE64_SOURCE -D_LAR
GEFILE_SOURCE @CMakeFiles/fltk.dir/includes_CXX.rsp -g -std=c++11 -MD -MT src/CMakeFiles/fltk.dir/Fl_File_Chooser.cxx.obj
 -MF CMakeFiles\fltk.dir\Fl_File_Chooser.cxx.obj.d -o CMakeFiles\fltk.dir\Fl_File_Chooser.cxx.obj -c C:\fltk\fltk\src\Fl_
File_Chooser.cxx
[ 16%] Building CXX object src/CMakeFiles/fltk.dir/Fl_File_Chooser2.cxx.obj
cd /d C:\fltk\fltk\build\src && C:\mingw32-8\bin\c++.exe -DFL_LIBRARY -D_FILE_OFFSET_BITS=64 -D_LARGEFILE64_SOURCE -D_LAR
GEFILE_SOURCE @CMakeFiles/fltk.dir/includes_CXX.rsp -g -std=c++11 -MD -MT src/CMakeFiles/fltk.dir/Fl_File_Chooser2.cxx.ob
j -MF CMakeFiles\fltk.dir\Fl_File_Chooser2.cxx.obj.d -o CMakeFiles\fltk.dir\Fl_File_Chooser2.cxx.obj -c C:\fltk\fltk\src\
Fl_File_Chooser2.cxx
[ 16%] Building C object png/CMakeFiles/fltk_png.dir/pngwtran.c.obj
cd /d C:\fltk\fltk\build\png && C:\mingw32-8\bin\gcc.exe -DFL_LIBRARY -DHAVE_PNG_GET_VALID=1 -DHAVE_PNG_H=1 -DHAVE_PNG_SE
T_TRNS_TO_ALPHA=1 @CMakeFiles/fltk_png.dir/includes_C.rsp -g -MD -MT png/CMakeFiles/fltk_png.dir/pngwtran.c.obj -MF CMake
Files\fltk_png.dir\pngwtran.c.obj.d -o CMakeFiles\fltk_png.dir\pngwtran.c.obj -c C:\fltk\fltk\png\pngwtran.c
[ 16%] Building C object png/CMakeFiles/fltk_png.dir/pngwutil.c.obj
cd /d C:\fltk\fltk\build\png && C:\mingw32-8\bin\gcc.exe -DFL_LIBRARY -DHAVE_PNG_GET_VALID=1 -DHAVE_PNG_H=1 -DHAVE_PNG_SE
T_TRNS_TO_ALPHA=1 @CMakeFiles/fltk_png.dir/includes_C.rsp -g -MD -MT png/CMakeFiles/fltk_png.dir/pngwutil.c.obj -MF CMake
Files\fltk_png.dir\pngwutil.c.obj.d -o CMakeFiles\fltk_png.dir\pngwutil.c.obj -c C:\fltk\fltk\png\pngwutil.c
[ 16%] Building CXX object src/CMakeFiles/fltk.dir/Fl_File_Icon.cxx.obj
cd /d C:\fltk\fltk\build\src && C:\mingw32-8\bin\c++.exe -DFL_LIBRARY -D_FILE_OFFSET_BITS=64 -D_LARGEFILE64_SOURCE -D_LAR
GEFILE_SOURCE @CMakeFiles/fltk.dir/includes_CXX.rsp -g -std=c++11 -MD -MT src/CMakeFiles/fltk.dir/Fl_File_Icon.cxx.obj -M
F CMakeFiles\fltk.dir\Fl_File_Icon.cxx.obj.d -o CMakeFiles\fltk.dir\Fl_File_Icon.cxx.obj -c C:\fltk\fltk\src\Fl_File_Icon
.cxx
[ 17%] Building C object png/CMakeFiles/fltk_png.dir/arm/arm_init.c.obj
cd /d C:\fltk\fltk\build\png && C:\mingw32-8\bin\gcc.exe -DFL_LIBRARY -DHAVE_PNG_GET_VALID=1 -DHAVE_PNG_H=1 -DHAVE_PNG_SE
T_TRNS_TO_ALPHA=1 @CMakeFiles/fltk_png.dir/includes_C.rsp -g -MD -MT png/CMakeFiles/fltk_png.dir/arm/arm_init.c.obj -MF C
MakeFiles\fltk_png.dir\arm\arm_init.c.obj.d -o CMakeFiles\fltk_png.dir\arm\arm_init.c.obj -c C:\fltk\fltk\png\arm\arm_ini
t.c
[ 17%] Building C object png/CMakeFiles/fltk_png.dir/arm/filter_neon_intrinsics.c.obj
cd /d C:\fltk\fltk\build\png && C:\mingw32-8\bin\gcc.exe -DFL_LIBRARY -DHAVE_PNG_GET_VALID=1 -DHAVE_PNG_H=1 -DHAVE_PNG_SE
T_TRNS_TO_ALPHA=1 @CMakeFiles/fltk_png.dir/includes_C.rsp -g -MD -MT png/CMakeFiles/fltk_png.dir/arm/filter_neon_intrinsi
cs.c.obj -MF CMakeFiles\fltk_png.dir\arm\filter_neon_intrinsics.c.obj.d -o CMakeFiles\fltk_png.dir\arm\filter_neon_intrin
sics.c.obj -c C:\fltk\fltk\png\arm\filter_neon_intrinsics.c
[ 17%] Building CXX object src/CMakeFiles/fltk.dir/Fl_File_Input.cxx.obj
cd /d C:\fltk\fltk\build\src && C:\mingw32-8\bin\c++.exe -DFL_LIBRARY -D_FILE_OFFSET_BITS=64 -D_LARGEFILE64_SOURCE -D_LAR
GEFILE_SOURCE @CMakeFiles/fltk.dir/includes_CXX.rsp -g -std=c++11 -MD -MT src/CMakeFiles/fltk.dir/Fl_File_Input.cxx.obj -
MF CMakeFiles\fltk.dir\Fl_File_Input.cxx.obj.d -o CMakeFiles\fltk.dir\Fl_File_Input.cxx.obj -c C:\fltk\fltk\src\Fl_File_I
nput.cxx
[ 17%] Building CXX object src/CMakeFiles/fltk.dir/Fl_Flex.cxx.obj
cd /d C:\fltk\fltk\build\src && C:\mingw32-8\bin\c++.exe -DFL_LIBRARY -D_FILE_OFFSET_BITS=64 -D_LARGEFILE64_SOURCE -D_LAR
GEFILE_SOURCE @CMakeFiles/fltk.dir/includes_CXX.rsp -g -std=c++11 -MD -MT src/CMakeFiles/fltk.dir/Fl_Flex.cxx.obj -MF CMa
keFiles\fltk.dir\Fl_Flex.cxx.obj.d -o CMakeFiles\fltk.dir\Fl_Flex.cxx.obj -c C:\fltk\fltk\src\Fl_Flex.cxx
[ 17%] Building C object png/CMakeFiles/fltk_png.dir/arm/palette_neon_intrinsics.c.obj
cd /d C:\fltk\fltk\build\png && C:\mingw32-8\bin\gcc.exe -DFL_LIBRARY -DHAVE_PNG_GET_VALID=1 -DHAVE_PNG_H=1 -DHAVE_PNG_SE
T_TRNS_TO_ALPHA=1 @CMakeFiles/fltk_png.dir/includes_C.rsp -g -MD -MT png/CMakeFiles/fltk_png.dir/arm/palette_neon_intrins
ics.c.obj -MF CMakeFiles\fltk_png.dir\arm\palette_neon_intrinsics.c.obj.d -o CMakeFiles\fltk_png.dir\arm\palette_neon_int
rinsics.c.obj -c C:\fltk\fltk\png\arm\palette_neon_intrinsics.c
[ 17%] Building CXX object src/CMakeFiles/fltk.dir/Fl_Graphics_Driver.cxx.obj
cd /d C:\fltk\fltk\build\src && C:\mingw32-8\bin\c++.exe -DFL_LIBRARY -D_FILE_OFFSET_BITS=64 -D_LARGEFILE64_SOURCE -D_LAR
GEFILE_SOURCE @CMakeFiles/fltk.dir/includes_CXX.rsp -g -std=c++11 -MD -MT src/CMakeFiles/fltk.dir/Fl_Graphics_Driver.cxx.
obj -MF CMakeFiles\fltk.dir\Fl_Graphics_Driver.cxx.obj.d -o CMakeFiles\fltk.dir\Fl_Graphics_Driver.cxx.obj -c C:\fltk\flt
k\src\Fl_Graphics_Driver.cxx
[ 17%] Building C object png/CMakeFiles/fltk_png.dir/powerpc/powerpc_init.c.obj
cd /d C:\fltk\fltk\build\png && C:\mingw32-8\bin\gcc.exe -DFL_LIBRARY -DHAVE_PNG_GET_VALID=1 -DHAVE_PNG_H=1 -DHAVE_PNG_SE
T_TRNS_TO_ALPHA=1 @CMakeFiles/fltk_png.dir/includes_C.rsp -g -MD -MT png/CMakeFiles/fltk_png.dir/powerpc/powerpc_init.c.o
bj -MF CMakeFiles\fltk_png.dir\powerpc\powerpc_init.c.obj.d -o CMakeFiles\fltk_png.dir\powerpc\powerpc_init.c.obj -c C:\f
ltk\fltk\png\powerpc\powerpc_init.c
[ 17%] Building CXX object src/CMakeFiles/fltk.dir/Fl_Grid.cxx.obj
cd /d C:\fltk\fltk\build\src && C:\mingw32-8\bin\c++.exe -DFL_LIBRARY -D_FILE_OFFSET_BITS=64 -D_LARGEFILE64_SOURCE -D_LAR
GEFILE_SOURCE @CMakeFiles/fltk.dir/includes_CXX.rsp -g -std=c++11 -MD -MT src/CMakeFiles/fltk.dir/Fl_Grid.cxx.obj -MF CMa
keFiles\fltk.dir\Fl_Grid.cxx.obj.d -o CMakeFiles\fltk.dir\Fl_Grid.cxx.obj -c C:\fltk\fltk\src\Fl_Grid.cxx
[ 17%] Building C object png/CMakeFiles/fltk_png.dir/powerpc/filter_vsx_intrinsics.c.obj
cd /d C:\fltk\fltk\build\png && C:\mingw32-8\bin\gcc.exe -DFL_LIBRARY -DHAVE_PNG_GET_VALID=1 -DHAVE_PNG_H=1 -DHAVE_PNG_SE
T_TRNS_TO_ALPHA=1 @CMakeFiles/fltk_png.dir/includes_C.rsp -g -MD -MT png/CMakeFiles/fltk_png.dir/powerpc/filter_vsx_intri
nsics.c.obj -MF CMakeFiles\fltk_png.dir\powerpc\filter_vsx_intrinsics.c.obj.d -o CMakeFiles\fltk_png.dir\powerpc\filter_v
sx_intrinsics.c.obj -c C:\fltk\fltk\png\powerpc\filter_vsx_intrinsics.c
[ 17%] Building CXX object src/CMakeFiles/fltk.dir/Fl_Group.cxx.obj
cd /d C:\fltk\fltk\build\src && C:\mingw32-8\bin\c++.exe -DFL_LIBRARY -D_FILE_OFFSET_BITS=64 -D_LARGEFILE64_SOURCE -D_LAR
GEFILE_SOURCE @CMakeFiles/fltk.dir/includes_CXX.rsp -g -std=c++11 -MD -MT src/CMakeFiles/fltk.dir/Fl_Group.cxx.obj -MF CM
akeFiles\fltk.dir\Fl_Group.cxx.obj.d -o CMakeFiles\fltk.dir\Fl_Group.cxx.obj -c C:\fltk\fltk\src\Fl_Group.cxx
[ 17%] Linking C static library ..\lib\libfltk_png.a
cd /d C:\fltk\fltk\build\png && C:\cmake\3.28.1\x86_64\bin\cmake.exe -P CMakeFiles\fltk_png.dir\cmake_clean_target.cmake
cd /d C:\fltk\fltk\build\png && C:\cmake\3.28.1\x86_64\bin\cmake.exe -E cmake_link_script CMakeFiles\fltk_png.dir\link.tx
t --verbose=on
[ 18%] Building CXX object src/CMakeFiles/fltk.dir/Fl_Help_View.cxx.obj
cd /d C:\fltk\fltk\build\src && C:\mingw32-8\bin\c++.exe -DFL_LIBRARY -D_FILE_OFFSET_BITS=64 -D_LARGEFILE64_SOURCE -D_LAR
GEFILE_SOURCE @CMakeFiles/fltk.dir/includes_CXX.rsp -g -std=c++11 -MD -MT src/CMakeFiles/fltk.dir/Fl_Help_View.cxx.obj -M
F CMakeFiles\fltk.dir\Fl_Help_View.cxx.obj.d -o CMakeFiles\fltk.dir\Fl_Help_View.cxx.obj -c C:\fltk\fltk\src\Fl_Help_View
.cxx
C:\mingw32-8\bin\ar.exe qc ..\lib\libfltk_png.a CMakeFiles/fltk_png.dir/png.c.obj CMakeFiles/fltk_png.dir/pngerror.c.obj
CMakeFiles/fltk_png.dir/pngget.c.obj CMakeFiles/fltk_png.dir/pngmem.c.obj CMakeFiles/fltk_png.dir/pngpread.c.obj CMakeFil
es/fltk_png.dir/pngread.c.obj CMakeFiles/fltk_png.dir/pngrio.c.obj CMakeFiles/fltk_png.dir/pngrtran.c.obj CMakeFiles/fltk
_png.dir/pngrutil.c.obj CMakeFiles/fltk_png.dir/pngset.c.obj CMakeFiles/fltk_png.dir/pngtrans.c.obj CMakeFiles/fltk_png.d
ir/pngwio.c.obj CMakeFiles/fltk_png.dir/pngwrite.c.obj CMakeFiles/fltk_png.dir/pngwtran.c.obj CMakeFiles/fltk_png.dir/png
wutil.c.obj CMakeFiles/fltk_png.dir/arm/arm_init.c.obj CMakeFiles/fltk_png.dir/arm/filter_neon_intrinsics.c.obj CMakeFile
s/fltk_png.dir/arm/palette_neon_intrinsics.c.obj CMakeFiles/fltk_png.dir/powerpc/powerpc_init.c.obj CMakeFiles/fltk_png.d
ir/powerpc/filter_vsx_intrinsics.c.obj
C:\mingw32-8\bin\ranlib.exe ..\lib\libfltk_png.a
mingw32-make[2]: Leaving directory 'C:/fltk/fltk/build'
[ 18%] Built target fltk_png
[ 18%] Building CXX object src/CMakeFiles/fltk.dir/Fl_Image.cxx.obj
cd /d C:\fltk\fltk\build\src && C:\mingw32-8\bin\c++.exe -DFL_LIBRARY -D_FILE_OFFSET_BITS=64 -D_LARGEFILE64_SOURCE -D_LAR
GEFILE_SOURCE @CMakeFiles/fltk.dir/includes_CXX.rsp -g -std=c++11 -MD -MT src/CMakeFiles/fltk.dir/Fl_Image.cxx.obj -MF CM
akeFiles\fltk.dir\Fl_Image.cxx.obj.d -o CMakeFiles\fltk.dir\Fl_Image.cxx.obj -c C:\fltk\fltk\src\Fl_Image.cxx
[ 18%] Building CXX object src/CMakeFiles/fltk.dir/Fl_Image_Surface.cxx.obj
cd /d C:\fltk\fltk\build\src && C:\mingw32-8\bin\c++.exe -DFL_LIBRARY -D_FILE_OFFSET_BITS=64 -D_LARGEFILE64_SOURCE -D_LAR
GEFILE_SOURCE @CMakeFiles/fltk.dir/includes_CXX.rsp -g -std=c++11 -MD -MT src/CMakeFiles/fltk.dir/Fl_Image_Surface.cxx.ob
j -MF CMakeFiles\fltk.dir\Fl_Image_Surface.cxx.obj.d -o CMakeFiles\fltk.dir\Fl_Image_Surface.cxx.obj -c C:\fltk\fltk\src\
Fl_Image_Surface.cxx
[ 18%] Building CXX object src/CMakeFiles/fltk.dir/Fl_Input.cxx.obj
cd /d C:\fltk\fltk\build\src && C:\mingw32-8\bin\c++.exe -DFL_LIBRARY -D_FILE_OFFSET_BITS=64 -D_LARGEFILE64_SOURCE -D_LAR
GEFILE_SOURCE @CMakeFiles/fltk.dir/includes_CXX.rsp -g -std=c++11 -MD -MT src/CMakeFiles/fltk.dir/Fl_Input.cxx.obj -MF CM
akeFiles\fltk.dir\Fl_Input.cxx.obj.d -o CMakeFiles\fltk.dir\Fl_Input.cxx.obj -c C:\fltk\fltk\src\Fl_Input.cxx
[ 18%] Building CXX object src/CMakeFiles/fltk.dir/Fl_Input_.cxx.obj
cd /d C:\fltk\fltk\build\src && C:\mingw32-8\bin\c++.exe -DFL_LIBRARY -D_FILE_OFFSET_BITS=64 -D_LARGEFILE64_SOURCE -D_LAR
GEFILE_SOURCE @CMakeFiles/fltk.dir/includes_CXX.rsp -g -std=c++11 -MD -MT src/CMakeFiles/fltk.dir/Fl_Input_.cxx.obj -MF C
MakeFiles\fltk.dir\Fl_Input_.cxx.obj.d -o CMakeFiles\fltk.dir\Fl_Input_.cxx.obj -c C:\fltk\fltk\src\Fl_Input_.cxx
[ 18%] Building CXX object src/CMakeFiles/fltk.dir/Fl_Input_Choice.cxx.obj
cd /d C:\fltk\fltk\build\src && C:\mingw32-8\bin\c++.exe -DFL_LIBRARY -D_FILE_OFFSET_BITS=64 -D_LARGEFILE64_SOURCE -D_LAR
GEFILE_SOURCE @CMakeFiles/fltk.dir/includes_CXX.rsp -g -std=c++11 -MD -MT src/CMakeFiles/fltk.dir/Fl_Input_Choice.cxx.obj
 -MF CMakeFiles\fltk.dir\Fl_Input_Choice.cxx.obj.d -o CMakeFiles\fltk.dir\Fl_Input_Choice.cxx.obj -c C:\fltk\fltk\src\Fl_
Input_Choice.cxx
[ 18%] Building CXX object src/CMakeFiles/fltk.dir/Fl_Light_Button.cxx.obj
cd /d C:\fltk\fltk\build\src && C:\mingw32-8\bin\c++.exe -DFL_LIBRARY -D_FILE_OFFSET_BITS=64 -D_LARGEFILE64_SOURCE -D_LAR
GEFILE_SOURCE @CMakeFiles/fltk.dir/includes_CXX.rsp -g -std=c++11 -MD -MT src/CMakeFiles/fltk.dir/Fl_Light_Button.cxx.obj
 -MF CMakeFiles\fltk.dir\Fl_Light_Button.cxx.obj.d -o CMakeFiles\fltk.dir\Fl_Light_Button.cxx.obj -c C:\fltk\fltk\src\Fl_
Light_Button.cxx
[ 19%] Building CXX object src/CMakeFiles/fltk.dir/Fl_Menu.cxx.obj
cd /d C:\fltk\fltk\build\src && C:\mingw32-8\bin\c++.exe -DFL_LIBRARY -D_FILE_OFFSET_BITS=64 -D_LARGEFILE64_SOURCE -D_LAR
GEFILE_SOURCE @CMakeFiles/fltk.dir/includes_CXX.rsp -g -std=c++11 -MD -MT src/CMakeFiles/fltk.dir/Fl_Menu.cxx.obj -MF CMa
keFiles\fltk.dir\Fl_Menu.cxx.obj.d -o CMakeFiles\fltk.dir\Fl_Menu.cxx.obj -c C:\fltk\fltk\src\Fl_Menu.cxx
[ 19%] Building CXX object src/CMakeFiles/fltk.dir/Fl_Menu_.cxx.obj
cd /d C:\fltk\fltk\build\src && C:\mingw32-8\bin\c++.exe -DFL_LIBRARY -D_FILE_OFFSET_BITS=64 -D_LARGEFILE64_SOURCE -D_LAR
GEFILE_SOURCE @CMakeFiles/fltk.dir/includes_CXX.rsp -g -std=c++11 -MD -MT src/CMakeFiles/fltk.dir/Fl_Menu_.cxx.obj -MF CM
akeFiles\fltk.dir\Fl_Menu_.cxx.obj.d -o CMakeFiles\fltk.dir\Fl_Menu_.cxx.obj -c C:\fltk\fltk\src\Fl_Menu_.cxx
[ 19%] Building CXX object src/CMakeFiles/fltk.dir/Fl_Menu_Bar.cxx.obj
cd /d C:\fltk\fltk\build\src && C:\mingw32-8\bin\c++.exe -DFL_LIBRARY -D_FILE_OFFSET_BITS=64 -D_LARGEFILE64_SOURCE -D_LAR
GEFILE_SOURCE @CMakeFiles/fltk.dir/includes_CXX.rsp -g -std=c++11 -MD -MT src/CMakeFiles/fltk.dir/Fl_Menu_Bar.cxx.obj -MF
 CMakeFiles\fltk.dir\Fl_Menu_Bar.cxx.obj.d -o CMakeFiles\fltk.dir\Fl_Menu_Bar.cxx.obj -c C:\fltk\fltk\src\Fl_Menu_Bar.cxx

[ 19%] Building CXX object src/CMakeFiles/fltk.dir/Fl_Menu_Button.cxx.obj
cd /d C:\fltk\fltk\build\src && C:\mingw32-8\bin\c++.exe -DFL_LIBRARY -D_FILE_OFFSET_BITS=64 -D_LARGEFILE64_SOURCE -D_LAR
GEFILE_SOURCE @CMakeFiles/fltk.dir/includes_CXX.rsp -g -std=c++11 -MD -MT src/CMakeFiles/fltk.dir/Fl_Menu_Button.cxx.obj
-MF CMakeFiles\fltk.dir\Fl_Menu_Button.cxx.obj.d -o CMakeFiles\fltk.dir\Fl_Menu_Button.cxx.obj -c C:\fltk\fltk\src\Fl_Men
u_Button.cxx
[ 19%] Building CXX object src/CMakeFiles/fltk.dir/Fl_Menu_Window.cxx.obj
cd /d C:\fltk\fltk\build\src && C:\mingw32-8\bin\c++.exe -DFL_LIBRARY -D_FILE_OFFSET_BITS=64 -D_LARGEFILE64_SOURCE -D_LAR
GEFILE_SOURCE @CMakeFiles/fltk.dir/includes_CXX.rsp -g -std=c++11 -MD -MT src/CMakeFiles/fltk.dir/Fl_Menu_Window.cxx.obj
-MF CMakeFiles\fltk.dir\Fl_Menu_Window.cxx.obj.d -o CMakeFiles\fltk.dir\Fl_Menu_Window.cxx.obj -c C:\fltk\fltk\src\Fl_Men
u_Window.cxx
[ 19%] Building CXX object src/CMakeFiles/fltk.dir/Fl_Menu_add.cxx.obj
cd /d C:\fltk\fltk\build\src && C:\mingw32-8\bin\c++.exe -DFL_LIBRARY -D_FILE_OFFSET_BITS=64 -D_LARGEFILE64_SOURCE -D_LAR
GEFILE_SOURCE @CMakeFiles/fltk.dir/includes_CXX.rsp -g -std=c++11 -MD -MT src/CMakeFiles/fltk.dir/Fl_Menu_add.cxx.obj -MF
 CMakeFiles\fltk.dir\Fl_Menu_add.cxx.obj.d -o CMakeFiles\fltk.dir\Fl_Menu_add.cxx.obj -c C:\fltk\fltk\src\Fl_Menu_add.cxx

[ 20%] Building CXX object src/CMakeFiles/fltk.dir/Fl_Menu_global.cxx.obj
cd /d C:\fltk\fltk\build\src && C:\mingw32-8\bin\c++.exe -DFL_LIBRARY -D_FILE_OFFSET_BITS=64 -D_LARGEFILE64_SOURCE -D_LAR
GEFILE_SOURCE @CMakeFiles/fltk.dir/includes_CXX.rsp -g -std=c++11 -MD -MT src/CMakeFiles/fltk.dir/Fl_Menu_global.cxx.obj
-MF CMakeFiles\fltk.dir\Fl_Menu_global.cxx.obj.d -o CMakeFiles\fltk.dir\Fl_Menu_global.cxx.obj -c C:\fltk\fltk\src\Fl_Men
u_global.cxx
[ 20%] Building CXX object src/CMakeFiles/fltk.dir/Fl_Message.cxx.obj
cd /d C:\fltk\fltk\build\src && C:\mingw32-8\bin\c++.exe -DFL_LIBRARY -D_FILE_OFFSET_BITS=64 -D_LARGEFILE64_SOURCE -D_LAR
GEFILE_SOURCE @CMakeFiles/fltk.dir/includes_CXX.rsp -g -std=c++11 -MD -MT src/CMakeFiles/fltk.dir/Fl_Message.cxx.obj -MF
CMakeFiles\fltk.dir\Fl_Message.cxx.obj.d -o CMakeFiles\fltk.dir\Fl_Message.cxx.obj -c C:\fltk\fltk\src\Fl_Message.cxx
[ 20%] Building CXX object src/CMakeFiles/fltk.dir/Fl_Multi_Label.cxx.obj
cd /d C:\fltk\fltk\build\src && C:\mingw32-8\bin\c++.exe -DFL_LIBRARY -D_FILE_OFFSET_BITS=64 -D_LARGEFILE64_SOURCE -D_LAR
GEFILE_SOURCE @CMakeFiles/fltk.dir/includes_CXX.rsp -g -std=c++11 -MD -MT src/CMakeFiles/fltk.dir/Fl_Multi_Label.cxx.obj
-MF CMakeFiles\fltk.dir\Fl_Multi_Label.cxx.obj.d -o CMakeFiles\fltk.dir\Fl_Multi_Label.cxx.obj -c C:\fltk\fltk\src\Fl_Mul
ti_Label.cxx
[ 20%] Building CXX object src/CMakeFiles/fltk.dir/Fl_Native_File_Chooser.cxx.obj
cd /d C:\fltk\fltk\build\src && C:\mingw32-8\bin\c++.exe -DFL_LIBRARY -D_FILE_OFFSET_BITS=64 -D_LARGEFILE64_SOURCE -D_LAR
GEFILE_SOURCE @CMakeFiles/fltk.dir/includes_CXX.rsp -g -std=c++11 -MD -MT src/CMakeFiles/fltk.dir/Fl_Native_File_Chooser.
cxx.obj -MF CMakeFiles\fltk.dir\Fl_Native_File_Chooser.cxx.obj.d -o CMakeFiles\fltk.dir\Fl_Native_File_Chooser.cxx.obj -c
 C:\fltk\fltk\src\Fl_Native_File_Chooser.cxx
[ 20%] Building CXX object src/CMakeFiles/fltk.dir/Fl_Overlay_Window.cxx.obj
cd /d C:\fltk\fltk\build\src && C:\mingw32-8\bin\c++.exe -DFL_LIBRARY -D_FILE_OFFSET_BITS=64 -D_LARGEFILE64_SOURCE -D_LAR
GEFILE_SOURCE @CMakeFiles/fltk.dir/includes_CXX.rsp -g -std=c++11 -MD -MT src/CMakeFiles/fltk.dir/Fl_Overlay_Window.cxx.o
bj -MF CMakeFiles\fltk.dir\Fl_Overlay_Window.cxx.obj.d -o CMakeFiles\fltk.dir\Fl_Overlay_Window.cxx.obj -c C:\fltk\fltk\s
rc\Fl_Overlay_Window.cxx
[ 20%] Building CXX object src/CMakeFiles/fltk.dir/Fl_Pack.cxx.obj
cd /d C:\fltk\fltk\build\src && C:\mingw32-8\bin\c++.exe -DFL_LIBRARY -D_FILE_OFFSET_BITS=64 -D_LARGEFILE64_SOURCE -D_LAR
GEFILE_SOURCE @CMakeFiles/fltk.dir/includes_CXX.rsp -g -std=c++11 -MD -MT src/CMakeFiles/fltk.dir/Fl_Pack.cxx.obj -MF CMa
keFiles\fltk.dir\Fl_Pack.cxx.obj.d -o CMakeFiles\fltk.dir\Fl_Pack.cxx.obj -c C:\fltk\fltk\src\Fl_Pack.cxx
[ 20%] Building CXX object src/CMakeFiles/fltk.dir/Fl_Paged_Device.cxx.obj
cd /d C:\fltk\fltk\build\src && C:\mingw32-8\bin\c++.exe -DFL_LIBRARY -D_FILE_OFFSET_BITS=64 -D_LARGEFILE64_SOURCE -D_LAR
GEFILE_SOURCE @CMakeFiles/fltk.dir/includes_CXX.rsp -g -std=c++11 -MD -MT src/CMakeFiles/fltk.dir/Fl_Paged_Device.cxx.obj
 -MF CMakeFiles\fltk.dir\Fl_Paged_Device.cxx.obj.d -o CMakeFiles\fltk.dir\Fl_Paged_Device.cxx.obj -c C:\fltk\fltk\src\Fl_
Paged_Device.cxx
[ 21%] Building CXX object src/CMakeFiles/fltk.dir/Fl_Pixmap.cxx.obj
cd /d C:\fltk\fltk\build\src && C:\mingw32-8\bin\c++.exe -DFL_LIBRARY -D_FILE_OFFSET_BITS=64 -D_LARGEFILE64_SOURCE -D_LAR
GEFILE_SOURCE @CMakeFiles/fltk.dir/includes_CXX.rsp -g -std=c++11 -MD -MT src/CMakeFiles/fltk.dir/Fl_Pixmap.cxx.obj -MF C
MakeFiles\fltk.dir\Fl_Pixmap.cxx.obj.d -o CMakeFiles\fltk.dir\Fl_Pixmap.cxx.obj -c C:\fltk\fltk\src\Fl_Pixmap.cxx
[ 21%] Building CXX object src/CMakeFiles/fltk.dir/Fl_Positioner.cxx.obj
cd /d C:\fltk\fltk\build\src && C:\mingw32-8\bin\c++.exe -DFL_LIBRARY -D_FILE_OFFSET_BITS=64 -D_LARGEFILE64_SOURCE -D_LAR
GEFILE_SOURCE @CMakeFiles/fltk.dir/includes_CXX.rsp -g -std=c++11 -MD -MT src/CMakeFiles/fltk.dir/Fl_Positioner.cxx.obj -
MF CMakeFiles\fltk.dir\Fl_Positioner.cxx.obj.d -o CMakeFiles\fltk.dir\Fl_Positioner.cxx.obj -c C:\fltk\fltk\src\Fl_Positi
oner.cxx
[ 21%] Building CXX object src/CMakeFiles/fltk.dir/Fl_Preferences.cxx.obj
cd /d C:\fltk\fltk\build\src && C:\mingw32-8\bin\c++.exe -DFL_LIBRARY -D_FILE_OFFSET_BITS=64 -D_LARGEFILE64_SOURCE -D_LAR
GEFILE_SOURCE @CMakeFiles/fltk.dir/includes_CXX.rsp -g -std=c++11 -MD -MT src/CMakeFiles/fltk.dir/Fl_Preferences.cxx.obj
-MF CMakeFiles\fltk.dir\Fl_Preferences.cxx.obj.d -o CMakeFiles\fltk.dir\Fl_Preferences.cxx.obj -c C:\fltk\fltk\src\Fl_Pre
ferences.cxx
[ 21%] Building CXX object src/CMakeFiles/fltk.dir/Fl_Printer.cxx.obj
cd /d C:\fltk\fltk\build\src && C:\mingw32-8\bin\c++.exe -DFL_LIBRARY -D_FILE_OFFSET_BITS=64 -D_LARGEFILE64_SOURCE -D_LAR
GEFILE_SOURCE @CMakeFiles/fltk.dir/includes_CXX.rsp -g -std=c++11 -MD -MT src/CMakeFiles/fltk.dir/Fl_Printer.cxx.obj -MF
CMakeFiles\fltk.dir\Fl_Printer.cxx.obj.d -o CMakeFiles\fltk.dir\Fl_Printer.cxx.obj -c C:\fltk\fltk\src\Fl_Printer.cxx
[ 21%] Building CXX object src/CMakeFiles/fltk.dir/Fl_Progress.cxx.obj
cd /d C:\fltk\fltk\build\src && C:\mingw32-8\bin\c++.exe -DFL_LIBRARY -D_FILE_OFFSET_BITS=64 -D_LARGEFILE64_SOURCE -D_LAR
GEFILE_SOURCE @CMakeFiles/fltk.dir/includes_CXX.rsp -g -std=c++11 -MD -MT src/CMakeFiles/fltk.dir/Fl_Progress.cxx.obj -MF
 CMakeFiles\fltk.dir\Fl_Progress.cxx.obj.d -o CMakeFiles\fltk.dir\Fl_Progress.cxx.obj -c C:\fltk\fltk\src\Fl_Progress.cxx

[ 21%] Building CXX object src/CMakeFiles/fltk.dir/Fl_Repeat_Button.cxx.obj
cd /d C:\fltk\fltk\build\src && C:\mingw32-8\bin\c++.exe -DFL_LIBRARY -D_FILE_OFFSET_BITS=64 -D_LARGEFILE64_SOURCE -D_LAR
GEFILE_SOURCE @CMakeFiles/fltk.dir/includes_CXX.rsp -g -std=c++11 -MD -MT src/CMakeFiles/fltk.dir/Fl_Repeat_Button.cxx.ob
j -MF CMakeFiles\fltk.dir\Fl_Repeat_Button.cxx.obj.d -o CMakeFiles\fltk.dir\Fl_Repeat_Button.cxx.obj -c C:\fltk\fltk\src\
Fl_Repeat_Button.cxx
[ 21%] Building CXX object src/CMakeFiles/fltk.dir/Fl_Return_Button.cxx.obj
cd /d C:\fltk\fltk\build\src && C:\mingw32-8\bin\c++.exe -DFL_LIBRARY -D_FILE_OFFSET_BITS=64 -D_LARGEFILE64_SOURCE -D_LAR
GEFILE_SOURCE @CMakeFiles/fltk.dir/includes_CXX.rsp -g -std=c++11 -MD -MT src/CMakeFiles/fltk.dir/Fl_Return_Button.cxx.ob
j -MF CMakeFiles\fltk.dir\Fl_Return_Button.cxx.obj.d -o CMakeFiles\fltk.dir\Fl_Return_Button.cxx.obj -c C:\fltk\fltk\src\
Fl_Return_Button.cxx
[ 22%] Building CXX object src/CMakeFiles/fltk.dir/Fl_Roller.cxx.obj
cd /d C:\fltk\fltk\build\src && C:\mingw32-8\bin\c++.exe -DFL_LIBRARY -D_FILE_OFFSET_BITS=64 -D_LARGEFILE64_SOURCE -D_LAR
GEFILE_SOURCE @CMakeFiles/fltk.dir/includes_CXX.rsp -g -std=c++11 -MD -MT src/CMakeFiles/fltk.dir/Fl_Roller.cxx.obj -MF C
MakeFiles\fltk.dir\Fl_Roller.cxx.obj.d -o CMakeFiles\fltk.dir\Fl_Roller.cxx.obj -c C:\fltk\fltk\src\Fl_Roller.cxx
[ 22%] Building CXX object src/CMakeFiles/fltk.dir/Fl_Round_Button.cxx.obj
cd /d C:\fltk\fltk\build\src && C:\mingw32-8\bin\c++.exe -DFL_LIBRARY -D_FILE_OFFSET_BITS=64 -D_LARGEFILE64_SOURCE -D_LAR
GEFILE_SOURCE @CMakeFiles/fltk.dir/includes_CXX.rsp -g -std=c++11 -MD -MT src/CMakeFiles/fltk.dir/Fl_Round_Button.cxx.obj
 -MF CMakeFiles\fltk.dir\Fl_Round_Button.cxx.obj.d -o CMakeFiles\fltk.dir\Fl_Round_Button.cxx.obj -c C:\fltk\fltk\src\Fl_
Round_Button.cxx
[ 22%] Building CXX object src/CMakeFiles/fltk.dir/Fl_Scheme.cxx.obj
cd /d C:\fltk\fltk\build\src && C:\mingw32-8\bin\c++.exe -DFL_LIBRARY -D_FILE_OFFSET_BITS=64 -D_LARGEFILE64_SOURCE -D_LAR
GEFILE_SOURCE @CMakeFiles/fltk.dir/includes_CXX.rsp -g -std=c++11 -MD -MT src/CMakeFiles/fltk.dir/Fl_Scheme.cxx.obj -MF C
MakeFiles\fltk.dir\Fl_Scheme.cxx.obj.d -o CMakeFiles\fltk.dir\Fl_Scheme.cxx.obj -c C:\fltk\fltk\src\Fl_Scheme.cxx
[ 22%] Building CXX object src/CMakeFiles/fltk.dir/Fl_Scheme_Choice.cxx.obj
cd /d C:\fltk\fltk\build\src && C:\mingw32-8\bin\c++.exe -DFL_LIBRARY -D_FILE_OFFSET_BITS=64 -D_LARGEFILE64_SOURCE -D_LAR
GEFILE_SOURCE @CMakeFiles/fltk.dir/includes_CXX.rsp -g -std=c++11 -MD -MT src/CMakeFiles/fltk.dir/Fl_Scheme_Choice.cxx.ob
j -MF CMakeFiles\fltk.dir\Fl_Scheme_Choice.cxx.obj.d -o CMakeFiles\fltk.dir\Fl_Scheme_Choice.cxx.obj -c C:\fltk\fltk\src\
Fl_Scheme_Choice.cxx
[ 22%] Building CXX object src/CMakeFiles/fltk.dir/Fl_Screen_Driver.cxx.obj
cd /d C:\fltk\fltk\build\src && C:\mingw32-8\bin\c++.exe -DFL_LIBRARY -D_FILE_OFFSET_BITS=64 -D_LARGEFILE64_SOURCE -D_LAR
GEFILE_SOURCE @CMakeFiles/fltk.dir/includes_CXX.rsp -g -std=c++11 -MD -MT src/CMakeFiles/fltk.dir/Fl_Screen_Driver.cxx.ob
j -MF CMakeFiles\fltk.dir\Fl_Screen_Driver.cxx.obj.d -o CMakeFiles\fltk.dir\Fl_Screen_Driver.cxx.obj -c C:\fltk\fltk\src\
Fl_Screen_Driver.cxx
[ 22%] Building CXX object src/CMakeFiles/fltk.dir/Fl_Scroll.cxx.obj
cd /d C:\fltk\fltk\build\src && C:\mingw32-8\bin\c++.exe -DFL_LIBRARY -D_FILE_OFFSET_BITS=64 -D_LARGEFILE64_SOURCE -D_LAR
GEFILE_SOURCE @CMakeFiles/fltk.dir/includes_CXX.rsp -g -std=c++11 -MD -MT src/CMakeFiles/fltk.dir/Fl_Scroll.cxx.obj -MF C
MakeFiles\fltk.dir\Fl_Scroll.cxx.obj.d -o CMakeFiles\fltk.dir\Fl_Scroll.cxx.obj -c C:\fltk\fltk\src\Fl_Scroll.cxx
[ 23%] Building CXX object src/CMakeFiles/fltk.dir/Fl_Scrollbar.cxx.obj
cd /d C:\fltk\fltk\build\src && C:\mingw32-8\bin\c++.exe -DFL_LIBRARY -D_FILE_OFFSET_BITS=64 -D_LARGEFILE64_SOURCE -D_LAR
GEFILE_SOURCE @CMakeFiles/fltk.dir/includes_CXX.rsp -g -std=c++11 -MD -MT src/CMakeFiles/fltk.dir/Fl_Scrollbar.cxx.obj -M
F CMakeFiles\fltk.dir\Fl_Scrollbar.cxx.obj.d -o CMakeFiles\fltk.dir\Fl_Scrollbar.cxx.obj -c C:\fltk\fltk\src\Fl_Scrollbar
.cxx
[ 23%] Building CXX object src/CMakeFiles/fltk.dir/Fl_Shared_Image.cxx.obj
cd /d C:\fltk\fltk\build\src && C:\mingw32-8\bin\c++.exe -DFL_LIBRARY -D_FILE_OFFSET_BITS=64 -D_LARGEFILE64_SOURCE -D_LAR
GEFILE_SOURCE @CMakeFiles/fltk.dir/includes_CXX.rsp -g -std=c++11 -MD -MT src/CMakeFiles/fltk.dir/Fl_Shared_Image.cxx.obj
 -MF CMakeFiles\fltk.dir\Fl_Shared_Image.cxx.obj.d -o CMakeFiles\fltk.dir\Fl_Shared_Image.cxx.obj -c C:\fltk\fltk\src\Fl_
Shared_Image.cxx
[ 23%] Building CXX object src/CMakeFiles/fltk.dir/Fl_Shortcut_Button.cxx.obj
cd /d C:\fltk\fltk\build\src && C:\mingw32-8\bin\c++.exe -DFL_LIBRARY -D_FILE_OFFSET_BITS=64 -D_LARGEFILE64_SOURCE -D_LAR
GEFILE_SOURCE @CMakeFiles/fltk.dir/includes_CXX.rsp -g -std=c++11 -MD -MT src/CMakeFiles/fltk.dir/Fl_Shortcut_Button.cxx.
obj -MF CMakeFiles\fltk.dir\Fl_Shortcut_Button.cxx.obj.d -o CMakeFiles\fltk.dir\Fl_Shortcut_Button.cxx.obj -c C:\fltk\flt
k\src\Fl_Shortcut_Button.cxx
[ 23%] Building CXX object src/CMakeFiles/fltk.dir/Fl_Single_Window.cxx.obj
cd /d C:\fltk\fltk\build\src && C:\mingw32-8\bin\c++.exe -DFL_LIBRARY -D_FILE_OFFSET_BITS=64 -D_LARGEFILE64_SOURCE -D_LAR
GEFILE_SOURCE @CMakeFiles/fltk.dir/includes_CXX.rsp -g -std=c++11 -MD -MT src/CMakeFiles/fltk.dir/Fl_Single_Window.cxx.ob
j -MF CMakeFiles\fltk.dir\Fl_Single_Window.cxx.obj.d -o CMakeFiles\fltk.dir\Fl_Single_Window.cxx.obj -c C:\fltk\fltk\src\
Fl_Single_Window.cxx
[ 23%] Building CXX object src/CMakeFiles/fltk.dir/Fl_Slider.cxx.obj
cd /d C:\fltk\fltk\build\src && C:\mingw32-8\bin\c++.exe -DFL_LIBRARY -D_FILE_OFFSET_BITS=64 -D_LARGEFILE64_SOURCE -D_LAR
GEFILE_SOURCE @CMakeFiles/fltk.dir/includes_CXX.rsp -g -std=c++11 -MD -MT src/CMakeFiles/fltk.dir/Fl_Slider.cxx.obj -MF C
MakeFiles\fltk.dir\Fl_Slider.cxx.obj.d -o CMakeFiles\fltk.dir\Fl_Slider.cxx.obj -c C:\fltk\fltk\src\Fl_Slider.cxx
[ 23%] Building CXX object src/CMakeFiles/fltk.dir/Fl_Spinner.cxx.obj
cd /d C:\fltk\fltk\build\src && C:\mingw32-8\bin\c++.exe -DFL_LIBRARY -D_FILE_OFFSET_BITS=64 -D_LARGEFILE64_SOURCE -D_LAR
GEFILE_SOURCE @CMakeFiles/fltk.dir/includes_CXX.rsp -g -std=c++11 -MD -MT src/CMakeFiles/fltk.dir/Fl_Spinner.cxx.obj -MF
CMakeFiles\fltk.dir\Fl_Spinner.cxx.obj.d -o CMakeFiles\fltk.dir\Fl_Spinner.cxx.obj -c C:\fltk\fltk\src\Fl_Spinner.cxx
[ 23%] Building CXX object src/CMakeFiles/fltk.dir/Fl_Sys_Menu_Bar.cxx.obj
cd /d C:\fltk\fltk\build\src && C:\mingw32-8\bin\c++.exe -DFL_LIBRARY -D_FILE_OFFSET_BITS=64 -D_LARGEFILE64_SOURCE -D_LAR
GEFILE_SOURCE @CMakeFiles/fltk.dir/includes_CXX.rsp -g -std=c++11 -MD -MT src/CMakeFiles/fltk.dir/Fl_Sys_Menu_Bar.cxx.obj
 -MF CMakeFiles\fltk.dir\Fl_Sys_Menu_Bar.cxx.obj.d -o CMakeFiles\fltk.dir\Fl_Sys_Menu_Bar.cxx.obj -c C:\fltk\fltk\src\Fl_
Sys_Menu_Bar.cxx
[ 24%] Building CXX object src/CMakeFiles/fltk.dir/Fl_System_Driver.cxx.obj
cd /d C:\fltk\fltk\build\src && C:\mingw32-8\bin\c++.exe -DFL_LIBRARY -D_FILE_OFFSET_BITS=64 -D_LARGEFILE64_SOURCE -D_LAR
GEFILE_SOURCE @CMakeFiles/fltk.dir/includes_CXX.rsp -g -std=c++11 -MD -MT src/CMakeFiles/fltk.dir/Fl_System_Driver.cxx.ob
j -MF CMakeFiles\fltk.dir\Fl_System_Driver.cxx.obj.d -o CMakeFiles\fltk.dir\Fl_System_Driver.cxx.obj -c C:\fltk\fltk\src\
Fl_System_Driver.cxx
[ 24%] Building CXX object src/CMakeFiles/fltk.dir/Fl_Table.cxx.obj
cd /d C:\fltk\fltk\build\src && C:\mingw32-8\bin\c++.exe -DFL_LIBRARY -D_FILE_OFFSET_BITS=64 -D_LARGEFILE64_SOURCE -D_LAR
GEFILE_SOURCE @CMakeFiles/fltk.dir/includes_CXX.rsp -g -std=c++11 -MD -MT src/CMakeFiles/fltk.dir/Fl_Table.cxx.obj -MF CM
akeFiles\fltk.dir\Fl_Table.cxx.obj.d -o CMakeFiles\fltk.dir\Fl_Table.cxx.obj -c C:\fltk\fltk\src\Fl_Table.cxx
[ 24%] Building CXX object src/CMakeFiles/fltk.dir/Fl_Table_Row.cxx.obj
cd /d C:\fltk\fltk\build\src && C:\mingw32-8\bin\c++.exe -DFL_LIBRARY -D_FILE_OFFSET_BITS=64 -D_LARGEFILE64_SOURCE -D_LAR
GEFILE_SOURCE @CMakeFiles/fltk.dir/includes_CXX.rsp -g -std=c++11 -MD -MT src/CMakeFiles/fltk.dir/Fl_Table_Row.cxx.obj -M
F CMakeFiles\fltk.dir\Fl_Table_Row.cxx.obj.d -o CMakeFiles\fltk.dir\Fl_Table_Row.cxx.obj -c C:\fltk\fltk\src\Fl_Table_Row
.cxx
[ 24%] Building CXX object src/CMakeFiles/fltk.dir/Fl_Tabs.cxx.obj
cd /d C:\fltk\fltk\build\src && C:\mingw32-8\bin\c++.exe -DFL_LIBRARY -D_FILE_OFFSET_BITS=64 -D_LARGEFILE64_SOURCE -D_LAR
GEFILE_SOURCE @CMakeFiles/fltk.dir/includes_CXX.rsp -g -std=c++11 -MD -MT src/CMakeFiles/fltk.dir/Fl_Tabs.cxx.obj -MF CMa
keFiles\fltk.dir\Fl_Tabs.cxx.obj.d -o CMakeFiles\fltk.dir\Fl_Tabs.cxx.obj -c C:\fltk\fltk\src\Fl_Tabs.cxx
[ 24%] Building CXX object src/CMakeFiles/fltk.dir/Fl_Terminal.cxx.obj
cd /d C:\fltk\fltk\build\src && C:\mingw32-8\bin\c++.exe -DFL_LIBRARY -D_FILE_OFFSET_BITS=64 -D_LARGEFILE64_SOURCE -D_LAR
GEFILE_SOURCE @CMakeFiles/fltk.dir/includes_CXX.rsp -g -std=c++11 -MD -MT src/CMakeFiles/fltk.dir/Fl_Terminal.cxx.obj -MF
 CMakeFiles\fltk.dir\Fl_Terminal.cxx.obj.d -o CMakeFiles\fltk.dir\Fl_Terminal.cxx.obj -c C:\fltk\fltk\src\Fl_Terminal.cxx

[ 24%] Building CXX object src/CMakeFiles/fltk.dir/Fl_Text_Buffer.cxx.obj
cd /d C:\fltk\fltk\build\src && C:\mingw32-8\bin\c++.exe -DFL_LIBRARY -D_FILE_OFFSET_BITS=64 -D_LARGEFILE64_SOURCE -D_LAR
GEFILE_SOURCE @CMakeFiles/fltk.dir/includes_CXX.rsp -g -std=c++11 -MD -MT src/CMakeFiles/fltk.dir/Fl_Text_Buffer.cxx.obj
-MF CMakeFiles\fltk.dir\Fl_Text_Buffer.cxx.obj.d -o CMakeFiles\fltk.dir\Fl_Text_Buffer.cxx.obj -c C:\fltk\fltk\src\Fl_Tex
t_Buffer.cxx
[ 24%] Building CXX object src/CMakeFiles/fltk.dir/Fl_Text_Display.cxx.obj
cd /d C:\fltk\fltk\build\src && C:\mingw32-8\bin\c++.exe -DFL_LIBRARY -D_FILE_OFFSET_BITS=64 -D_LARGEFILE64_SOURCE -D_LAR
GEFILE_SOURCE @CMakeFiles/fltk.dir/includes_CXX.rsp -g -std=c++11 -MD -MT src/CMakeFiles/fltk.dir/Fl_Text_Display.cxx.obj
 -MF CMakeFiles\fltk.dir\Fl_Text_Display.cxx.obj.d -o CMakeFiles\fltk.dir\Fl_Text_Display.cxx.obj -c C:\fltk\fltk\src\Fl_
Text_Display.cxx
[ 25%] Building CXX object src/CMakeFiles/fltk.dir/Fl_Text_Editor.cxx.obj
cd /d C:\fltk\fltk\build\src && C:\mingw32-8\bin\c++.exe -DFL_LIBRARY -D_FILE_OFFSET_BITS=64 -D_LARGEFILE64_SOURCE -D_LAR
GEFILE_SOURCE @CMakeFiles/fltk.dir/includes_CXX.rsp -g -std=c++11 -MD -MT src/CMakeFiles/fltk.dir/Fl_Text_Editor.cxx.obj
-MF CMakeFiles\fltk.dir\Fl_Text_Editor.cxx.obj.d -o CMakeFiles\fltk.dir\Fl_Text_Editor.cxx.obj -c C:\fltk\fltk\src\Fl_Tex
t_Editor.cxx
[ 25%] Building CXX object src/CMakeFiles/fltk.dir/Fl_Tile.cxx.obj
cd /d C:\fltk\fltk\build\src && C:\mingw32-8\bin\c++.exe -DFL_LIBRARY -D_FILE_OFFSET_BITS=64 -D_LARGEFILE64_SOURCE -D_LAR
GEFILE_SOURCE @CMakeFiles/fltk.dir/includes_CXX.rsp -g -std=c++11 -MD -MT src/CMakeFiles/fltk.dir/Fl_Tile.cxx.obj -MF CMa
keFiles\fltk.dir\Fl_Tile.cxx.obj.d -o CMakeFiles\fltk.dir\Fl_Tile.cxx.obj -c C:\fltk\fltk\src\Fl_Tile.cxx
[ 25%] Building CXX object src/CMakeFiles/fltk.dir/Fl_Tiled_Image.cxx.obj
cd /d C:\fltk\fltk\build\src && C:\mingw32-8\bin\c++.exe -DFL_LIBRARY -D_FILE_OFFSET_BITS=64 -D_LARGEFILE64_SOURCE -D_LAR
GEFILE_SOURCE @CMakeFiles/fltk.dir/includes_CXX.rsp -g -std=c++11 -MD -MT src/CMakeFiles/fltk.dir/Fl_Tiled_Image.cxx.obj
-MF CMakeFiles\fltk.dir\Fl_Tiled_Image.cxx.obj.d -o CMakeFiles\fltk.dir\Fl_Tiled_Image.cxx.obj -c C:\fltk\fltk\src\Fl_Til
ed_Image.cxx
[ 25%] Building CXX object src/CMakeFiles/fltk.dir/Fl_Timeout.cxx.obj
cd /d C:\fltk\fltk\build\src && C:\mingw32-8\bin\c++.exe -DFL_LIBRARY -D_FILE_OFFSET_BITS=64 -D_LARGEFILE64_SOURCE -D_LAR
GEFILE_SOURCE @CMakeFiles/fltk.dir/includes_CXX.rsp -g -std=c++11 -MD -MT src/CMakeFiles/fltk.dir/Fl_Timeout.cxx.obj -MF
CMakeFiles\fltk.dir\Fl_Timeout.cxx.obj.d -o CMakeFiles\fltk.dir\Fl_Timeout.cxx.obj -c C:\fltk\fltk\src\Fl_Timeout.cxx
[ 25%] Building CXX object src/CMakeFiles/fltk.dir/Fl_Tooltip.cxx.obj
cd /d C:\fltk\fltk\build\src && C:\mingw32-8\bin\c++.exe -DFL_LIBRARY -D_FILE_OFFSET_BITS=64 -D_LARGEFILE64_SOURCE -D_LAR
GEFILE_SOURCE @CMakeFiles/fltk.dir/includes_CXX.rsp -g -std=c++11 -MD -MT src/CMakeFiles/fltk.dir/Fl_Tooltip.cxx.obj -MF
CMakeFiles\fltk.dir\Fl_Tooltip.cxx.obj.d -o CMakeFiles\fltk.dir\Fl_Tooltip.cxx.obj -c C:\fltk\fltk\src\Fl_Tooltip.cxx
[ 25%] Building CXX object src/CMakeFiles/fltk.dir/Fl_Tree.cxx.obj
cd /d C:\fltk\fltk\build\src && C:\mingw32-8\bin\c++.exe -DFL_LIBRARY -D_FILE_OFFSET_BITS=64 -D_LARGEFILE64_SOURCE -D_LAR
GEFILE_SOURCE @CMakeFiles/fltk.dir/includes_CXX.rsp -g -std=c++11 -MD -MT src/CMakeFiles/fltk.dir/Fl_Tree.cxx.obj -MF CMa
keFiles\fltk.dir\Fl_Tree.cxx.obj.d -o CMakeFiles\fltk.dir\Fl_Tree.cxx.obj -c C:\fltk\fltk\src\Fl_Tree.cxx
[ 25%] Building CXX object src/CMakeFiles/fltk.dir/Fl_Tree_Item_Array.cxx.obj
cd /d C:\fltk\fltk\build\src && C:\mingw32-8\bin\c++.exe -DFL_LIBRARY -D_FILE_OFFSET_BITS=64 -D_LARGEFILE64_SOURCE -D_LAR
GEFILE_SOURCE @CMakeFiles/fltk.dir/includes_CXX.rsp -g -std=c++11 -MD -MT src/CMakeFiles/fltk.dir/Fl_Tree_Item_Array.cxx.
obj -MF CMakeFiles\fltk.dir\Fl_Tree_Item_Array.cxx.obj.d -o CMakeFiles\fltk.dir\Fl_Tree_Item_Array.cxx.obj -c C:\fltk\flt
k\src\Fl_Tree_Item_Array.cxx
[ 26%] Building CXX object src/CMakeFiles/fltk.dir/Fl_Tree_Item.cxx.obj
cd /d C:\fltk\fltk\build\src && C:\mingw32-8\bin\c++.exe -DFL_LIBRARY -D_FILE_OFFSET_BITS=64 -D_LARGEFILE64_SOURCE -D_LAR
GEFILE_SOURCE @CMakeFiles/fltk.dir/includes_CXX.rsp -g -std=c++11 -MD -MT src/CMakeFiles/fltk.dir/Fl_Tree_Item.cxx.obj -M
F CMakeFiles\fltk.dir\Fl_Tree_Item.cxx.obj.d -o CMakeFiles\fltk.dir\Fl_Tree_Item.cxx.obj -c C:\fltk\fltk\src\Fl_Tree_Item
.cxx
[ 26%] Building CXX object src/CMakeFiles/fltk.dir/Fl_Tree_Prefs.cxx.obj
[ 26%] Building CXX object src/CMakeFiles/fltk.dir/Fl_Valuator.cxx.obj
cd /d C:\fltk\fltk\build\src && C:\mingw32-8\bin\c++.exe -DFL_LIBRARY -D_FILE_OFFSET_BITS=64 -D_LARGEFILE64_SOURCE -D_LAR
GEFILE_SOURCE @CMakeFiles/fltk.dir/includes_CXX.rsp -g -std=c++11 -MD -MT src/CMakeFiles/fltk.dir/Fl_Tree_Prefs.cxx.obj -
MF CMakeFiles\fltk.dir\Fl_Tree_Prefs.cxx.obj.d -o CMakeFiles\fltk.dir\Fl_Tree_Prefs.cxx.obj -c C:\fltk\fltk\src\Fl_Tree_P
refs.cxx
cd /d C:\fltk\fltk\build\src && C:\mingw32-8\bin\c++.exe -DFL_LIBRARY -D_FILE_OFFSET_BITS=64 -D_LARGEFILE64_SOURCE -D_LAR
GEFILE_SOURCE @CMakeFiles/fltk.dir/includes_CXX.rsp -g -std=c++11 -MD -MT src/CMakeFiles/fltk.dir/Fl_Valuator.cxx.obj -MF
 CMakeFiles\fltk.dir\Fl_Valuator.cxx.obj.d -o CMakeFiles\fltk.dir\Fl_Valuator.cxx.obj -c C:\fltk\fltk\src\Fl_Valuator.cxx

[ 26%] Building CXX object src/CMakeFiles/fltk.dir/Fl_Value_Input.cxx.obj
cd /d C:\fltk\fltk\build\src && C:\mingw32-8\bin\c++.exe -DFL_LIBRARY -D_FILE_OFFSET_BITS=64 -D_LARGEFILE64_SOURCE -D_LAR
GEFILE_SOURCE @CMakeFiles/fltk.dir/includes_CXX.rsp -g -std=c++11 -MD -MT src/CMakeFiles/fltk.dir/Fl_Value_Input.cxx.obj
-MF CMakeFiles\fltk.dir\Fl_Value_Input.cxx.obj.d -o CMakeFiles\fltk.dir\Fl_Value_Input.cxx.obj -c C:\fltk\fltk\src\Fl_Val
ue_Input.cxx
[ 26%] Building CXX object src/CMakeFiles/fltk.dir/Fl_Value_Output.cxx.obj
cd /d C:\fltk\fltk\build\src && C:\mingw32-8\bin\c++.exe -DFL_LIBRARY -D_FILE_OFFSET_BITS=64 -D_LARGEFILE64_SOURCE -D_LAR
GEFILE_SOURCE @CMakeFiles/fltk.dir/includes_CXX.rsp -g -std=c++11 -MD -MT src/CMakeFiles/fltk.dir/Fl_Value_Output.cxx.obj
 -MF CMakeFiles\fltk.dir\Fl_Value_Output.cxx.obj.d -o CMakeFiles\fltk.dir\Fl_Value_Output.cxx.obj -c C:\fltk\fltk\src\Fl_
Value_Output.cxx
[ 26%] Building CXX object src/CMakeFiles/fltk.dir/Fl_Value_Slider.cxx.obj
cd /d C:\fltk\fltk\build\src && C:\mingw32-8\bin\c++.exe -DFL_LIBRARY -D_FILE_OFFSET_BITS=64 -D_LARGEFILE64_SOURCE -D_LAR
GEFILE_SOURCE @CMakeFiles/fltk.dir/includes_CXX.rsp -g -std=c++11 -MD -MT src/CMakeFiles/fltk.dir/Fl_Value_Slider.cxx.obj
 -MF CMakeFiles\fltk.dir\Fl_Value_Slider.cxx.obj.d -o CMakeFiles\fltk.dir\Fl_Value_Slider.cxx.obj -c C:\fltk\fltk\src\Fl_
Value_Slider.cxx
[ 27%] Building CXX object src/CMakeFiles/fltk.dir/Fl_Widget.cxx.obj
cd /d C:\fltk\fltk\build\src && C:\mingw32-8\bin\c++.exe -DFL_LIBRARY -D_FILE_OFFSET_BITS=64 -D_LARGEFILE64_SOURCE -D_LAR
GEFILE_SOURCE @CMakeFiles/fltk.dir/includes_CXX.rsp -g -std=c++11 -MD -MT src/CMakeFiles/fltk.dir/Fl_Widget.cxx.obj -MF C
MakeFiles\fltk.dir\Fl_Widget.cxx.obj.d -o CMakeFiles\fltk.dir\Fl_Widget.cxx.obj -c C:\fltk\fltk\src\Fl_Widget.cxx
[ 27%] Building CXX object src/CMakeFiles/fltk.dir/Fl_Widget_Surface.cxx.obj
cd /d C:\fltk\fltk\build\src && C:\mingw32-8\bin\c++.exe -DFL_LIBRARY -D_FILE_OFFSET_BITS=64 -D_LARGEFILE64_SOURCE -D_LAR
GEFILE_SOURCE @CMakeFiles/fltk.dir/includes_CXX.rsp -g -std=c++11 -MD -MT src/CMakeFiles/fltk.dir/Fl_Widget_Surface.cxx.o
bj -MF CMakeFiles\fltk.dir\Fl_Widget_Surface.cxx.obj.d -o CMakeFiles\fltk.dir\Fl_Widget_Surface.cxx.obj -c C:\fltk\fltk\s
rc\Fl_Widget_Surface.cxx
[ 27%] Building CXX object src/CMakeFiles/fltk.dir/Fl_Window.cxx.obj
cd /d C:\fltk\fltk\build\src && C:\mingw32-8\bin\c++.exe -DFL_LIBRARY -D_FILE_OFFSET_BITS=64 -D_LARGEFILE64_SOURCE -D_LAR
GEFILE_SOURCE @CMakeFiles/fltk.dir/includes_CXX.rsp -g -std=c++11 -MD -MT src/CMakeFiles/fltk.dir/Fl_Window.cxx.obj -MF C
MakeFiles\fltk.dir\Fl_Window.cxx.obj.d -o CMakeFiles\fltk.dir\Fl_Window.cxx.obj -c C:\fltk\fltk\src\Fl_Window.cxx
[ 27%] Building CXX object src/CMakeFiles/fltk.dir/Fl_Window_Driver.cxx.obj
cd /d C:\fltk\fltk\build\src && C:\mingw32-8\bin\c++.exe -DFL_LIBRARY -D_FILE_OFFSET_BITS=64 -D_LARGEFILE64_SOURCE -D_LAR
GEFILE_SOURCE @CMakeFiles/fltk.dir/includes_CXX.rsp -g -std=c++11 -MD -MT src/CMakeFiles/fltk.dir/Fl_Window_Driver.cxx.ob
j -MF CMakeFiles\fltk.dir\Fl_Window_Driver.cxx.obj.d -o CMakeFiles\fltk.dir\Fl_Window_Driver.cxx.obj -c C:\fltk\fltk\src\
Fl_Window_Driver.cxx
[ 27%] Building CXX object src/CMakeFiles/fltk.dir/Fl_Window_fullscreen.cxx.obj
cd /d C:\fltk\fltk\build\src && C:\mingw32-8\bin\c++.exe -DFL_LIBRARY -D_FILE_OFFSET_BITS=64 -D_LARGEFILE64_SOURCE -D_LAR
GEFILE_SOURCE @CMakeFiles/fltk.dir/includes_CXX.rsp -g -std=c++11 -MD -MT src/CMakeFiles/fltk.dir/Fl_Window_fullscreen.cx
x.obj -MF CMakeFiles\fltk.dir\Fl_Window_fullscreen.cxx.obj.d -o CMakeFiles\fltk.dir\Fl_Window_fullscreen.cxx.obj -c C:\fl
tk\fltk\src\Fl_Window_fullscreen.cxx
[ 27%] Building CXX object src/CMakeFiles/fltk.dir/Fl_Window_hotspot.cxx.obj
cd /d C:\fltk\fltk\build\src && C:\mingw32-8\bin\c++.exe -DFL_LIBRARY -D_FILE_OFFSET_BITS=64 -D_LARGEFILE64_SOURCE -D_LAR
GEFILE_SOURCE @CMakeFiles/fltk.dir/includes_CXX.rsp -g -std=c++11 -MD -MT src/CMakeFiles/fltk.dir/Fl_Window_hotspot.cxx.o
bj -MF CMakeFiles\fltk.dir\Fl_Window_hotspot.cxx.obj.d -o CMakeFiles\fltk.dir\Fl_Window_hotspot.cxx.obj -c C:\fltk\fltk\s
rc\Fl_Window_hotspot.cxx
[ 27%] Building CXX object src/CMakeFiles/fltk.dir/Fl_Window_iconize.cxx.obj
cd /d C:\fltk\fltk\build\src && C:\mingw32-8\bin\c++.exe -DFL_LIBRARY -D_FILE_OFFSET_BITS=64 -D_LARGEFILE64_SOURCE -D_LAR
GEFILE_SOURCE @CMakeFiles/fltk.dir/includes_CXX.rsp -g -std=c++11 -MD -MT src/CMakeFiles/fltk.dir/Fl_Window_iconize.cxx.o
bj -MF CMakeFiles\fltk.dir\Fl_Window_iconize.cxx.obj.d -o CMakeFiles\fltk.dir\Fl_Window_iconize.cxx.obj -c C:\fltk\fltk\s
rc\Fl_Window_iconize.cxx
[ 28%] Building CXX object src/CMakeFiles/fltk.dir/Fl_Wizard.cxx.obj
cd /d C:\fltk\fltk\build\src && C:\mingw32-8\bin\c++.exe -DFL_LIBRARY -D_FILE_OFFSET_BITS=64 -D_LARGEFILE64_SOURCE -D_LAR
GEFILE_SOURCE @CMakeFiles/fltk.dir/includes_CXX.rsp -g -std=c++11 -MD -MT src/CMakeFiles/fltk.dir/Fl_Wizard.cxx.obj -MF C
MakeFiles\fltk.dir\Fl_Wizard.cxx.obj.d -o CMakeFiles\fltk.dir\Fl_Wizard.cxx.obj -c C:\fltk\fltk\src\Fl_Wizard.cxx
[ 28%] Building CXX object src/CMakeFiles/fltk.dir/Fl_XBM_Image.cxx.obj
cd /d C:\fltk\fltk\build\src && C:\mingw32-8\bin\c++.exe -DFL_LIBRARY -D_FILE_OFFSET_BITS=64 -D_LARGEFILE64_SOURCE -D_LAR
GEFILE_SOURCE @CMakeFiles/fltk.dir/includes_CXX.rsp -g -std=c++11 -MD -MT src/CMakeFiles/fltk.dir/Fl_XBM_Image.cxx.obj -M
F CMakeFiles\fltk.dir\Fl_XBM_Image.cxx.obj.d -o CMakeFiles\fltk.dir\Fl_XBM_Image.cxx.obj -c C:\fltk\fltk\src\Fl_XBM_Image
.cxx
[ 28%] Building CXX object src/CMakeFiles/fltk.dir/Fl_XPM_Image.cxx.obj
cd /d C:\fltk\fltk\build\src && C:\mingw32-8\bin\c++.exe -DFL_LIBRARY -D_FILE_OFFSET_BITS=64 -D_LARGEFILE64_SOURCE -D_LAR
GEFILE_SOURCE @CMakeFiles/fltk.dir/includes_CXX.rsp -g -std=c++11 -MD -MT src/CMakeFiles/fltk.dir/Fl_XPM_Image.cxx.obj -M
F CMakeFiles\fltk.dir\Fl_XPM_Image.cxx.obj.d -o CMakeFiles\fltk.dir\Fl_XPM_Image.cxx.obj -c C:\fltk\fltk\src\Fl_XPM_Image
.cxx
[ 28%] Building CXX object src/CMakeFiles/fltk.dir/Fl_abort.cxx.obj
cd /d C:\fltk\fltk\build\src && C:\mingw32-8\bin\c++.exe -DFL_LIBRARY -D_FILE_OFFSET_BITS=64 -D_LARGEFILE64_SOURCE -D_LAR
GEFILE_SOURCE @CMakeFiles/fltk.dir/includes_CXX.rsp -g -std=c++11 -MD -MT src/CMakeFiles/fltk.dir/Fl_abort.cxx.obj -MF CM
akeFiles\fltk.dir\Fl_abort.cxx.obj.d -o CMakeFiles\fltk.dir\Fl_abort.cxx.obj -c C:\fltk\fltk\src\Fl_abort.cxx
[ 28%] Building CXX object src/CMakeFiles/fltk.dir/Fl_add_idle.cxx.obj
cd /d C:\fltk\fltk\build\src && C:\mingw32-8\bin\c++.exe -DFL_LIBRARY -D_FILE_OFFSET_BITS=64 -D_LARGEFILE64_SOURCE -D_LAR
GEFILE_SOURCE @CMakeFiles/fltk.dir/includes_CXX.rsp -g -std=c++11 -MD -MT src/CMakeFiles/fltk.dir/Fl_add_idle.cxx.obj -MF
 CMakeFiles\fltk.dir\Fl_add_idle.cxx.obj.d -o CMakeFiles\fltk.dir\Fl_add_idle.cxx.obj -c C:\fltk\fltk\src\Fl_add_idle.cxx

[ 28%] Building CXX object src/CMakeFiles/fltk.dir/Fl_arg.cxx.obj
cd /d C:\fltk\fltk\build\src && C:\mingw32-8\bin\c++.exe -DFL_LIBRARY -D_FILE_OFFSET_BITS=64 -D_LARGEFILE64_SOURCE -D_LAR
GEFILE_SOURCE @CMakeFiles/fltk.dir/includes_CXX.rsp -g -std=c++11 -MD -MT src/CMakeFiles/fltk.dir/Fl_arg.cxx.obj -MF CMak
eFiles\fltk.dir\Fl_arg.cxx.obj.d -o CMakeFiles\fltk.dir\Fl_arg.cxx.obj -c C:\fltk\fltk\src\Fl_arg.cxx
[ 28%] Building CXX object src/CMakeFiles/fltk.dir/Fl_compose.cxx.obj
cd /d C:\fltk\fltk\build\src && C:\mingw32-8\bin\c++.exe -DFL_LIBRARY -D_FILE_OFFSET_BITS=64 -D_LARGEFILE64_SOURCE -D_LAR
GEFILE_SOURCE @CMakeFiles/fltk.dir/includes_CXX.rsp -g -std=c++11 -MD -MT src/CMakeFiles/fltk.dir/Fl_compose.cxx.obj -MF
CMakeFiles\fltk.dir\Fl_compose.cxx.obj.d -o CMakeFiles\fltk.dir\Fl_compose.cxx.obj -c C:\fltk\fltk\src\Fl_compose.cxx
[ 29%] Building CXX object src/CMakeFiles/fltk.dir/Fl_display.cxx.obj
cd /d C:\fltk\fltk\build\src && C:\mingw32-8\bin\c++.exe -DFL_LIBRARY -D_FILE_OFFSET_BITS=64 -D_LARGEFILE64_SOURCE -D_LAR
GEFILE_SOURCE @CMakeFiles/fltk.dir/includes_CXX.rsp -g -std=c++11 -MD -MT src/CMakeFiles/fltk.dir/Fl_display.cxx.obj -MF
CMakeFiles\fltk.dir\Fl_display.cxx.obj.d -o CMakeFiles\fltk.dir\Fl_display.cxx.obj -c C:\fltk\fltk\src\Fl_display.cxx
[ 29%] Building CXX object src/CMakeFiles/fltk.dir/Fl_get_system_colors.cxx.obj
cd /d C:\fltk\fltk\build\src && C:\mingw32-8\bin\c++.exe -DFL_LIBRARY -D_FILE_OFFSET_BITS=64 -D_LARGEFILE64_SOURCE -D_LAR
GEFILE_SOURCE @CMakeFiles/fltk.dir/includes_CXX.rsp -g -std=c++11 -MD -MT src/CMakeFiles/fltk.dir/Fl_get_system_colors.cx
x.obj -MF CMakeFiles\fltk.dir\Fl_get_system_colors.cxx.obj.d -o CMakeFiles\fltk.dir\Fl_get_system_colors.cxx.obj -c C:\fl
tk\fltk\src\Fl_get_system_colors.cxx
[ 29%] Building CXX object src/CMakeFiles/fltk.dir/Fl_grab.cxx.obj
cd /d C:\fltk\fltk\build\src && C:\mingw32-8\bin\c++.exe -DFL_LIBRARY -D_FILE_OFFSET_BITS=64 -D_LARGEFILE64_SOURCE -D_LAR
GEFILE_SOURCE @CMakeFiles/fltk.dir/includes_CXX.rsp -g -std=c++11 -MD -MT src/CMakeFiles/fltk.dir/Fl_grab.cxx.obj -MF CMa
keFiles\fltk.dir\Fl_grab.cxx.obj.d -o CMakeFiles\fltk.dir\Fl_grab.cxx.obj -c C:\fltk\fltk\src\Fl_grab.cxx
[ 29%] Building CXX object src/CMakeFiles/fltk.dir/Fl_lock.cxx.obj
cd /d C:\fltk\fltk\build\src && C:\mingw32-8\bin\c++.exe -DFL_LIBRARY -D_FILE_OFFSET_BITS=64 -D_LARGEFILE64_SOURCE -D_LAR
GEFILE_SOURCE @CMakeFiles/fltk.dir/includes_CXX.rsp -g -std=c++11 -MD -MT src/CMakeFiles/fltk.dir/Fl_lock.cxx.obj -MF CMa
keFiles\fltk.dir\Fl_lock.cxx.obj.d -o CMakeFiles\fltk.dir\Fl_lock.cxx.obj -c C:\fltk\fltk\src\Fl_lock.cxx
[ 29%] Building CXX object src/CMakeFiles/fltk.dir/Fl_own_colormap.cxx.obj
cd /d C:\fltk\fltk\build\src && C:\mingw32-8\bin\c++.exe -DFL_LIBRARY -D_FILE_OFFSET_BITS=64 -D_LARGEFILE64_SOURCE -D_LAR
GEFILE_SOURCE @CMakeFiles/fltk.dir/includes_CXX.rsp -g -std=c++11 -MD -MT src/CMakeFiles/fltk.dir/Fl_own_colormap.cxx.obj
 -MF CMakeFiles\fltk.dir\Fl_own_colormap.cxx.obj.d -o CMakeFiles\fltk.dir\Fl_own_colormap.cxx.obj -c C:\fltk\fltk\src\Fl_
own_colormap.cxx
[ 29%] Building CXX object src/CMakeFiles/fltk.dir/Fl_visual.cxx.obj
cd /d C:\fltk\fltk\build\src && C:\mingw32-8\bin\c++.exe -DFL_LIBRARY -D_FILE_OFFSET_BITS=64 -D_LARGEFILE64_SOURCE -D_LAR
GEFILE_SOURCE @CMakeFiles/fltk.dir/includes_CXX.rsp -g -std=c++11 -MD -MT src/CMakeFiles/fltk.dir/Fl_visual.cxx.obj -MF C
MakeFiles\fltk.dir\Fl_visual.cxx.obj.d -o CMakeFiles\fltk.dir\Fl_visual.cxx.obj -c C:\fltk\fltk\src\Fl_visual.cxx
[ 30%] Building CXX object src/CMakeFiles/fltk.dir/filename_absolute.cxx.obj
cd /d C:\fltk\fltk\build\src && C:\mingw32-8\bin\c++.exe -DFL_LIBRARY -D_FILE_OFFSET_BITS=64 -D_LARGEFILE64_SOURCE -D_LAR
GEFILE_SOURCE @CMakeFiles/fltk.dir/includes_CXX.rsp -g -std=c++11 -MD -MT src/CMakeFiles/fltk.dir/filename_absolute.cxx.o
bj -MF CMakeFiles\fltk.dir\filename_absolute.cxx.obj.d -o CMakeFiles\fltk.dir\filename_absolute.cxx.obj -c C:\fltk\fltk\s
rc\filename_absolute.cxx
[ 30%] Building CXX object src/CMakeFiles/fltk.dir/filename_expand.cxx.obj
cd /d C:\fltk\fltk\build\src && C:\mingw32-8\bin\c++.exe -DFL_LIBRARY -D_FILE_OFFSET_BITS=64 -D_LARGEFILE64_SOURCE -D_LAR
GEFILE_SOURCE @CMakeFiles/fltk.dir/includes_CXX.rsp -g -std=c++11 -MD -MT src/CMakeFiles/fltk.dir/filename_expand.cxx.obj
 -MF CMakeFiles\fltk.dir\filename_expand.cxx.obj.d -o CMakeFiles\fltk.dir\filename_expand.cxx.obj -c C:\fltk\fltk\src\fil
ename_expand.cxx
[ 30%] Building CXX object src/CMakeFiles/fltk.dir/filename_ext.cxx.obj
cd /d C:\fltk\fltk\build\src && C:\mingw32-8\bin\c++.exe -DFL_LIBRARY -D_FILE_OFFSET_BITS=64 -D_LARGEFILE64_SOURCE -D_LAR
GEFILE_SOURCE @CMakeFiles/fltk.dir/includes_CXX.rsp -g -std=c++11 -MD -MT src/CMakeFiles/fltk.dir/filename_ext.cxx.obj -M
F CMakeFiles\fltk.dir\filename_ext.cxx.obj.d -o CMakeFiles\fltk.dir\filename_ext.cxx.obj -c C:\fltk\fltk\src\filename_ext
.cxx
[ 30%] Building CXX object src/CMakeFiles/fltk.dir/filename_isdir.cxx.obj
cd /d C:\fltk\fltk\build\src && C:\mingw32-8\bin\c++.exe -DFL_LIBRARY -D_FILE_OFFSET_BITS=64 -D_LARGEFILE64_SOURCE -D_LAR
GEFILE_SOURCE @CMakeFiles/fltk.dir/includes_CXX.rsp -g -std=c++11 -MD -MT src/CMakeFiles/fltk.dir/filename_isdir.cxx.obj
-MF CMakeFiles\fltk.dir\filename_isdir.cxx.obj.d -o CMakeFiles\fltk.dir\filename_isdir.cxx.obj -c C:\fltk\fltk\src\filena
me_isdir.cxx
[ 30%] Building CXX object src/CMakeFiles/fltk.dir/filename_list.cxx.obj
cd /d C:\fltk\fltk\build\src && C:\mingw32-8\bin\c++.exe -DFL_LIBRARY -D_FILE_OFFSET_BITS=64 -D_LARGEFILE64_SOURCE -D_LAR
GEFILE_SOURCE @CMakeFiles/fltk.dir/includes_CXX.rsp -g -std=c++11 -MD -MT src/CMakeFiles/fltk.dir/filename_list.cxx.obj -
MF CMakeFiles\fltk.dir\filename_list.cxx.obj.d -o CMakeFiles\fltk.dir\filename_list.cxx.obj -c C:\fltk\fltk\src\filename_
list.cxx
[ 30%] Building CXX object src/CMakeFiles/fltk.dir/filename_match.cxx.obj
cd /d C:\fltk\fltk\build\src && C:\mingw32-8\bin\c++.exe -DFL_LIBRARY -D_FILE_OFFSET_BITS=64 -D_LARGEFILE64_SOURCE -D_LAR
GEFILE_SOURCE @CMakeFiles/fltk.dir/includes_CXX.rsp -g -std=c++11 -MD -MT src/CMakeFiles/fltk.dir/filename_match.cxx.obj
-MF CMakeFiles\fltk.dir\filename_match.cxx.obj.d -o CMakeFiles\fltk.dir\filename_match.cxx.obj -c C:\fltk\fltk\src\filena
me_match.cxx
[ 30%] Building CXX object src/CMakeFiles/fltk.dir/filename_setext.cxx.obj
cd /d C:\fltk\fltk\build\src && C:\mingw32-8\bin\c++.exe -DFL_LIBRARY -D_FILE_OFFSET_BITS=64 -D_LARGEFILE64_SOURCE -D_LAR
GEFILE_SOURCE @CMakeFiles/fltk.dir/includes_CXX.rsp -g -std=c++11 -MD -MT src/CMakeFiles/fltk.dir/filename_setext.cxx.obj
 -MF CMakeFiles\fltk.dir\filename_setext.cxx.obj.d -o CMakeFiles\fltk.dir\filename_setext.cxx.obj -c C:\fltk\fltk\src\fil
ename_setext.cxx
[ 31%] Building CXX object src/CMakeFiles/fltk.dir/fl_arc.cxx.obj
cd /d C:\fltk\fltk\build\src && C:\mingw32-8\bin\c++.exe -DFL_LIBRARY -D_FILE_OFFSET_BITS=64 -D_LARGEFILE64_SOURCE -D_LAR
GEFILE_SOURCE @CMakeFiles/fltk.dir/includes_CXX.rsp -g -std=c++11 -MD -MT src/CMakeFiles/fltk.dir/fl_arc.cxx.obj -MF CMak
eFiles\fltk.dir\fl_arc.cxx.obj.d -o CMakeFiles\fltk.dir\fl_arc.cxx.obj -c C:\fltk\fltk\src\fl_arc.cxx
[ 31%] Building CXX object src/CMakeFiles/fltk.dir/fl_ask.cxx.obj
cd /d C:\fltk\fltk\build\src && C:\mingw32-8\bin\c++.exe -DFL_LIBRARY -D_FILE_OFFSET_BITS=64 -D_LARGEFILE64_SOURCE -D_LAR
GEFILE_SOURCE @CMakeFiles/fltk.dir/includes_CXX.rsp -g -std=c++11 -MD -MT src/CMakeFiles/fltk.dir/fl_ask.cxx.obj -MF CMak
eFiles\fltk.dir\fl_ask.cxx.obj.d -o CMakeFiles\fltk.dir\fl_ask.cxx.obj -c C:\fltk\fltk\src\fl_ask.cxx
[ 31%] Building CXX object src/CMakeFiles/fltk.dir/fl_boxtype.cxx.obj
cd /d C:\fltk\fltk\build\src && C:\mingw32-8\bin\c++.exe -DFL_LIBRARY -D_FILE_OFFSET_BITS=64 -D_LARGEFILE64_SOURCE -D_LAR
GEFILE_SOURCE @CMakeFiles/fltk.dir/includes_CXX.rsp -g -std=c++11 -MD -MT src/CMakeFiles/fltk.dir/fl_boxtype.cxx.obj -MF
CMakeFiles\fltk.dir\fl_boxtype.cxx.obj.d -o CMakeFiles\fltk.dir\fl_boxtype.cxx.obj -c C:\fltk\fltk\src\fl_boxtype.cxx
[ 31%] Building CXX object src/CMakeFiles/fltk.dir/fl_color.cxx.obj
cd /d C:\fltk\fltk\build\src && C:\mingw32-8\bin\c++.exe -DFL_LIBRARY -D_FILE_OFFSET_BITS=64 -D_LARGEFILE64_SOURCE -D_LAR
GEFILE_SOURCE @CMakeFiles/fltk.dir/includes_CXX.rsp -g -std=c++11 -MD -MT src/CMakeFiles/fltk.dir/fl_color.cxx.obj -MF CM
akeFiles\fltk.dir\fl_color.cxx.obj.d -o CMakeFiles\fltk.dir\fl_color.cxx.obj -c C:\fltk\fltk\src\fl_color.cxx
[ 31%] Building CXX object src/CMakeFiles/fltk.dir/fl_contrast.cxx.obj
cd /d C:\fltk\fltk\build\src && C:\mingw32-8\bin\c++.exe -DFL_LIBRARY -D_FILE_OFFSET_BITS=64 -D_LARGEFILE64_SOURCE -D_LAR
GEFILE_SOURCE @CMakeFiles/fltk.dir/includes_CXX.rsp -g -std=c++11 -MD -MT src/CMakeFiles/fltk.dir/fl_contrast.cxx.obj -MF
 CMakeFiles\fltk.dir\fl_contrast.cxx.obj.d -o CMakeFiles\fltk.dir\fl_contrast.cxx.obj -c C:\fltk\fltk\src\fl_contrast.cxx

[ 31%] Building CXX object src/CMakeFiles/fltk.dir/fl_cursor.cxx.obj
cd /d C:\fltk\fltk\build\src && C:\mingw32-8\bin\c++.exe -DFL_LIBRARY -D_FILE_OFFSET_BITS=64 -D_LARGEFILE64_SOURCE -D_LAR
GEFILE_SOURCE @CMakeFiles/fltk.dir/includes_CXX.rsp -g -std=c++11 -MD -MT src/CMakeFiles/fltk.dir/fl_cursor.cxx.obj -MF C
MakeFiles\fltk.dir\fl_cursor.cxx.obj.d -o CMakeFiles\fltk.dir\fl_cursor.cxx.obj -c C:\fltk\fltk\src\fl_cursor.cxx
[ 31%] Building CXX object src/CMakeFiles/fltk.dir/fl_curve.cxx.obj
cd /d C:\fltk\fltk\build\src && C:\mingw32-8\bin\c++.exe -DFL_LIBRARY -D_FILE_OFFSET_BITS=64 -D_LARGEFILE64_SOURCE -D_LAR
GEFILE_SOURCE @CMakeFiles/fltk.dir/includes_CXX.rsp -g -std=c++11 -MD -MT src/CMakeFiles/fltk.dir/fl_curve.cxx.obj -MF CM
akeFiles\fltk.dir\fl_curve.cxx.obj.d -o CMakeFiles\fltk.dir\fl_curve.cxx.obj -c C:\fltk\fltk\src\fl_curve.cxx
[ 32%] Building CXX object src/CMakeFiles/fltk.dir/fl_diamond_box.cxx.obj
cd /d C:\fltk\fltk\build\src && C:\mingw32-8\bin\c++.exe -DFL_LIBRARY -D_FILE_OFFSET_BITS=64 -D_LARGEFILE64_SOURCE -D_LAR
GEFILE_SOURCE @CMakeFiles/fltk.dir/includes_CXX.rsp -g -std=c++11 -MD -MT src/CMakeFiles/fltk.dir/fl_diamond_box.cxx.obj
-MF CMakeFiles\fltk.dir\fl_diamond_box.cxx.obj.d -o CMakeFiles\fltk.dir\fl_diamond_box.cxx.obj -c C:\fltk\fltk\src\fl_dia
mond_box.cxx
[ 32%] Building CXX object src/CMakeFiles/fltk.dir/fl_draw.cxx.obj
cd /d C:\fltk\fltk\build\src && C:\mingw32-8\bin\c++.exe -DFL_LIBRARY -D_FILE_OFFSET_BITS=64 -D_LARGEFILE64_SOURCE -D_LAR
GEFILE_SOURCE @CMakeFiles/fltk.dir/includes_CXX.rsp -g -std=c++11 -MD -MT src/CMakeFiles/fltk.dir/fl_draw.cxx.obj -MF CMa
keFiles\fltk.dir\fl_draw.cxx.obj.d -o CMakeFiles\fltk.dir\fl_draw.cxx.obj -c C:\fltk\fltk\src\fl_draw.cxx
[ 32%] Building CXX object src/CMakeFiles/fltk.dir/fl_draw_arrow.cxx.obj
cd /d C:\fltk\fltk\build\src && C:\mingw32-8\bin\c++.exe -DFL_LIBRARY -D_FILE_OFFSET_BITS=64 -D_LARGEFILE64_SOURCE -D_LAR
GEFILE_SOURCE @CMakeFiles/fltk.dir/includes_CXX.rsp -g -std=c++11 -MD -MT src/CMakeFiles/fltk.dir/fl_draw_arrow.cxx.obj -
MF CMakeFiles\fltk.dir\fl_draw_arrow.cxx.obj.d -o CMakeFiles\fltk.dir\fl_draw_arrow.cxx.obj -c C:\fltk\fltk\src\fl_draw_a
rrow.cxx
[ 32%] Building CXX object src/CMakeFiles/fltk.dir/fl_draw_pixmap.cxx.obj
cd /d C:\fltk\fltk\build\src && C:\mingw32-8\bin\c++.exe -DFL_LIBRARY -D_FILE_OFFSET_BITS=64 -D_LARGEFILE64_SOURCE -D_LAR
GEFILE_SOURCE @CMakeFiles/fltk.dir/includes_CXX.rsp -g -std=c++11 -MD -MT src/CMakeFiles/fltk.dir/fl_draw_pixmap.cxx.obj
-MF CMakeFiles\fltk.dir\fl_draw_pixmap.cxx.obj.d -o CMakeFiles\fltk.dir\fl_draw_pixmap.cxx.obj -c C:\fltk\fltk\src\fl_dra
w_pixmap.cxx
[ 32%] Building CXX object src/CMakeFiles/fltk.dir/fl_encoding_latin1.cxx.obj
cd /d C:\fltk\fltk\build\src && C:\mingw32-8\bin\c++.exe -DFL_LIBRARY -D_FILE_OFFSET_BITS=64 -D_LARGEFILE64_SOURCE -D_LAR
GEFILE_SOURCE @CMakeFiles/fltk.dir/includes_CXX.rsp -g -std=c++11 -MD -MT src/CMakeFiles/fltk.dir/fl_encoding_latin1.cxx.
obj -MF CMakeFiles\fltk.dir\fl_encoding_latin1.cxx.obj.d -o CMakeFiles\fltk.dir\fl_encoding_latin1.cxx.obj -c C:\fltk\flt
k\src\fl_encoding_latin1.cxx
[ 32%] Building CXX object src/CMakeFiles/fltk.dir/fl_encoding_mac_roman.cxx.obj
cd /d C:\fltk\fltk\build\src && C:\mingw32-8\bin\c++.exe -DFL_LIBRARY -D_FILE_OFFSET_BITS=64 -D_LARGEFILE64_SOURCE -D_LAR
GEFILE_SOURCE @CMakeFiles/fltk.dir/includes_CXX.rsp -g -std=c++11 -MD -MT src/CMakeFiles/fltk.dir/fl_encoding_mac_roman.c
xx.obj -MF CMakeFiles\fltk.dir\fl_encoding_mac_roman.cxx.obj.d -o CMakeFiles\fltk.dir\fl_encoding_mac_roman.cxx.obj -c C:
\fltk\fltk\src\fl_encoding_mac_roman.cxx
[ 32%] Building CXX object src/CMakeFiles/fltk.dir/fl_engraved_label.cxx.obj
cd /d C:\fltk\fltk\build\src && C:\mingw32-8\bin\c++.exe -DFL_LIBRARY -D_FILE_OFFSET_BITS=64 -D_LARGEFILE64_SOURCE -D_LAR
GEFILE_SOURCE @CMakeFiles/fltk.dir/includes_CXX.rsp -g -std=c++11 -MD -MT src/CMakeFiles/fltk.dir/fl_engraved_label.cxx.o
bj -MF CMakeFiles\fltk.dir\fl_engraved_label.cxx.obj.d -o CMakeFiles\fltk.dir\fl_engraved_label.cxx.obj -c C:\fltk\fltk\s
rc\fl_engraved_label.cxx
[ 33%] Building CXX object src/CMakeFiles/fltk.dir/fl_file_dir.cxx.obj
cd /d C:\fltk\fltk\build\src && C:\mingw32-8\bin\c++.exe -DFL_LIBRARY -D_FILE_OFFSET_BITS=64 -D_LARGEFILE64_SOURCE -D_LAR
GEFILE_SOURCE @CMakeFiles/fltk.dir/includes_CXX.rsp -g -std=c++11 -MD -MT src/CMakeFiles/fltk.dir/fl_file_dir.cxx.obj -MF
 CMakeFiles\fltk.dir\fl_file_dir.cxx.obj.d -o CMakeFiles\fltk.dir\fl_file_dir.cxx.obj -c C:\fltk\fltk\src\fl_file_dir.cxx

[ 33%] Building CXX object src/CMakeFiles/fltk.dir/fl_font.cxx.obj
cd /d C:\fltk\fltk\build\src && C:\mingw32-8\bin\c++.exe -DFL_LIBRARY -D_FILE_OFFSET_BITS=64 -D_LARGEFILE64_SOURCE -D_LAR
GEFILE_SOURCE @CMakeFiles/fltk.dir/includes_CXX.rsp -g -std=c++11 -MD -MT src/CMakeFiles/fltk.dir/fl_font.cxx.obj -MF CMa
keFiles\fltk.dir\fl_font.cxx.obj.d -o CMakeFiles\fltk.dir\fl_font.cxx.obj -c C:\fltk\fltk\src\fl_font.cxx
[ 33%] Building CXX object src/CMakeFiles/fltk.dir/fl_gleam.cxx.obj
cd /d C:\fltk\fltk\build\src && C:\mingw32-8\bin\c++.exe -DFL_LIBRARY -D_FILE_OFFSET_BITS=64 -D_LARGEFILE64_SOURCE -D_LAR
GEFILE_SOURCE @CMakeFiles/fltk.dir/includes_CXX.rsp -g -std=c++11 -MD -MT src/CMakeFiles/fltk.dir/fl_gleam.cxx.obj -MF CM
akeFiles\fltk.dir\fl_gleam.cxx.obj.d -o CMakeFiles\fltk.dir\fl_gleam.cxx.obj -c C:\fltk\fltk\src\fl_gleam.cxx
[ 33%] Building CXX object src/CMakeFiles/fltk.dir/fl_gtk.cxx.obj
cd /d C:\fltk\fltk\build\src && C:\mingw32-8\bin\c++.exe -DFL_LIBRARY -D_FILE_OFFSET_BITS=64 -D_LARGEFILE64_SOURCE -D_LAR
GEFILE_SOURCE @CMakeFiles/fltk.dir/includes_CXX.rsp -g -std=c++11 -MD -MT src/CMakeFiles/fltk.dir/fl_gtk.cxx.obj -MF CMak
eFiles\fltk.dir\fl_gtk.cxx.obj.d -o CMakeFiles\fltk.dir\fl_gtk.cxx.obj -c C:\fltk\fltk\src\fl_gtk.cxx
[ 33%] Building CXX object src/CMakeFiles/fltk.dir/fl_labeltype.cxx.obj
cd /d C:\fltk\fltk\build\src && C:\mingw32-8\bin\c++.exe -DFL_LIBRARY -D_FILE_OFFSET_BITS=64 -D_LARGEFILE64_SOURCE -D_LAR
GEFILE_SOURCE @CMakeFiles/fltk.dir/includes_CXX.rsp -g -std=c++11 -MD -MT src/CMakeFiles/fltk.dir/fl_labeltype.cxx.obj -M
F CMakeFiles\fltk.dir\fl_labeltype.cxx.obj.d -o CMakeFiles\fltk.dir\fl_labeltype.cxx.obj -c C:\fltk\fltk\src\fl_labeltype
.cxx
[ 33%] Building CXX object src/CMakeFiles/fltk.dir/fl_open_uri.cxx.obj
cd /d C:\fltk\fltk\build\src && C:\mingw32-8\bin\c++.exe -DFL_LIBRARY -D_FILE_OFFSET_BITS=64 -D_LARGEFILE64_SOURCE -D_LAR
GEFILE_SOURCE @CMakeFiles/fltk.dir/includes_CXX.rsp -g -std=c++11 -MD -MT src/CMakeFiles/fltk.dir/fl_open_uri.cxx.obj -MF
 CMakeFiles\fltk.dir\fl_open_uri.cxx.obj.d -o CMakeFiles\fltk.dir\fl_open_uri.cxx.obj -c C:\fltk\fltk\src\fl_open_uri.cxx

[ 34%] Building CXX object src/CMakeFiles/fltk.dir/fl_oval_box.cxx.obj
cd /d C:\fltk\fltk\build\src && C:\mingw32-8\bin\c++.exe -DFL_LIBRARY -D_FILE_OFFSET_BITS=64 -D_LARGEFILE64_SOURCE -D_LAR
GEFILE_SOURCE @CMakeFiles/fltk.dir/includes_CXX.rsp -g -std=c++11 -MD -MT src/CMakeFiles/fltk.dir/fl_oval_box.cxx.obj -MF
 CMakeFiles\fltk.dir\fl_oval_box.cxx.obj.d -o CMakeFiles\fltk.dir\fl_oval_box.cxx.obj -c C:\fltk\fltk\src\fl_oval_box.cxx

[ 34%] Building CXX object src/CMakeFiles/fltk.dir/fl_overlay.cxx.obj
cd /d C:\fltk\fltk\build\src && C:\mingw32-8\bin\c++.exe -DFL_LIBRARY -D_FILE_OFFSET_BITS=64 -D_LARGEFILE64_SOURCE -D_LAR
GEFILE_SOURCE @CMakeFiles/fltk.dir/includes_CXX.rsp -g -std=c++11 -MD -MT src/CMakeFiles/fltk.dir/fl_overlay.cxx.obj -MF
CMakeFiles\fltk.dir\fl_overlay.cxx.obj.d -o CMakeFiles\fltk.dir\fl_overlay.cxx.obj -c C:\fltk\fltk\src\fl_overlay.cxx
[ 34%] Building CXX object src/CMakeFiles/fltk.dir/fl_oxy.cxx.obj
cd /d C:\fltk\fltk\build\src && C:\mingw32-8\bin\c++.exe -DFL_LIBRARY -D_FILE_OFFSET_BITS=64 -D_LARGEFILE64_SOURCE -D_LAR
GEFILE_SOURCE @CMakeFiles/fltk.dir/includes_CXX.rsp -g -std=c++11 -MD -MT src/CMakeFiles/fltk.dir/fl_oxy.cxx.obj -MF CMak
eFiles\fltk.dir\fl_oxy.cxx.obj.d -o CMakeFiles\fltk.dir\fl_oxy.cxx.obj -c C:\fltk\fltk\src\fl_oxy.cxx
[ 34%] Building CXX object src/CMakeFiles/fltk.dir/fl_plastic.cxx.obj
cd /d C:\fltk\fltk\build\src && C:\mingw32-8\bin\c++.exe -DFL_LIBRARY -D_FILE_OFFSET_BITS=64 -D_LARGEFILE64_SOURCE -D_LAR
GEFILE_SOURCE @CMakeFiles/fltk.dir/includes_CXX.rsp -g -std=c++11 -MD -MT src/CMakeFiles/fltk.dir/fl_plastic.cxx.obj -MF
CMakeFiles\fltk.dir\fl_plastic.cxx.obj.d -o CMakeFiles\fltk.dir\fl_plastic.cxx.obj -c C:\fltk\fltk\src\fl_plastic.cxx
[ 34%] Building CXX object src/CMakeFiles/fltk.dir/fl_read_image.cxx.obj
cd /d C:\fltk\fltk\build\src && C:\mingw32-8\bin\c++.exe -DFL_LIBRARY -D_FILE_OFFSET_BITS=64 -D_LARGEFILE64_SOURCE -D_LAR
GEFILE_SOURCE @CMakeFiles/fltk.dir/includes_CXX.rsp -g -std=c++11 -MD -MT src/CMakeFiles/fltk.dir/fl_read_image.cxx.obj -
MF CMakeFiles\fltk.dir\fl_read_image.cxx.obj.d -o CMakeFiles\fltk.dir\fl_read_image.cxx.obj -c C:\fltk\fltk\src\fl_read_i
mage.cxx
[ 34%] Building CXX object src/CMakeFiles/fltk.dir/fl_rect.cxx.obj
cd /d C:\fltk\fltk\build\src && C:\mingw32-8\bin\c++.exe -DFL_LIBRARY -D_FILE_OFFSET_BITS=64 -D_LARGEFILE64_SOURCE -D_LAR
GEFILE_SOURCE @CMakeFiles/fltk.dir/includes_CXX.rsp -g -std=c++11 -MD -MT src/CMakeFiles/fltk.dir/fl_rect.cxx.obj -MF CMa
keFiles\fltk.dir\fl_rect.cxx.obj.d -o CMakeFiles\fltk.dir\fl_rect.cxx.obj -c C:\fltk\fltk\src\fl_rect.cxx
[ 34%] Building CXX object src/CMakeFiles/fltk.dir/fl_round_box.cxx.obj
cd /d C:\fltk\fltk\build\src && C:\mingw32-8\bin\c++.exe -DFL_LIBRARY -D_FILE_OFFSET_BITS=64 -D_LARGEFILE64_SOURCE -D_LAR
GEFILE_SOURCE @CMakeFiles/fltk.dir/includes_CXX.rsp -g -std=c++11 -MD -MT src/CMakeFiles/fltk.dir/fl_round_box.cxx.obj -M
F CMakeFiles\fltk.dir\fl_round_box.cxx.obj.d -o CMakeFiles\fltk.dir\fl_round_box.cxx.obj -c C:\fltk\fltk\src\fl_round_box
.cxx
[ 35%] Building CXX object src/CMakeFiles/fltk.dir/fl_rounded_box.cxx.obj
cd /d C:\fltk\fltk\build\src && C:\mingw32-8\bin\c++.exe -DFL_LIBRARY -D_FILE_OFFSET_BITS=64 -D_LARGEFILE64_SOURCE -D_LAR
GEFILE_SOURCE @CMakeFiles/fltk.dir/includes_CXX.rsp -g -std=c++11 -MD -MT src/CMakeFiles/fltk.dir/fl_rounded_box.cxx.obj
-MF CMakeFiles\fltk.dir\fl_rounded_box.cxx.obj.d -o CMakeFiles\fltk.dir\fl_rounded_box.cxx.obj -c C:\fltk\fltk\src\fl_rou
nded_box.cxx
[ 35%] Building CXX object src/CMakeFiles/fltk.dir/fl_set_font.cxx.obj
cd /d C:\fltk\fltk\build\src && C:\mingw32-8\bin\c++.exe -DFL_LIBRARY -D_FILE_OFFSET_BITS=64 -D_LARGEFILE64_SOURCE -D_LAR
GEFILE_SOURCE @CMakeFiles/fltk.dir/includes_CXX.rsp -g -std=c++11 -MD -MT src/CMakeFiles/fltk.dir/fl_set_font.cxx.obj -MF
 CMakeFiles\fltk.dir\fl_set_font.cxx.obj.d -o CMakeFiles\fltk.dir\fl_set_font.cxx.obj -c C:\fltk\fltk\src\fl_set_font.cxx

[ 35%] Building CXX object src/CMakeFiles/fltk.dir/fl_scroll_area.cxx.obj
cd /d C:\fltk\fltk\build\src && C:\mingw32-8\bin\c++.exe -DFL_LIBRARY -D_FILE_OFFSET_BITS=64 -D_LARGEFILE64_SOURCE -D_LAR
GEFILE_SOURCE @CMakeFiles/fltk.dir/includes_CXX.rsp -g -std=c++11 -MD -MT src/CMakeFiles/fltk.dir/fl_scroll_area.cxx.obj
-MF CMakeFiles\fltk.dir\fl_scroll_area.cxx.obj.d -o CMakeFiles\fltk.dir\fl_scroll_area.cxx.obj -c C:\fltk\fltk\src\fl_scr
oll_area.cxx
[ 35%] Building CXX object src/CMakeFiles/fltk.dir/fl_shadow_box.cxx.obj
cd /d C:\fltk\fltk\build\src && C:\mingw32-8\bin\c++.exe -DFL_LIBRARY -D_FILE_OFFSET_BITS=64 -D_LARGEFILE64_SOURCE -D_LAR
GEFILE_SOURCE @CMakeFiles/fltk.dir/includes_CXX.rsp -g -std=c++11 -MD -MT src/CMakeFiles/fltk.dir/fl_shadow_box.cxx.obj -
MF CMakeFiles\fltk.dir\fl_shadow_box.cxx.obj.d -o CMakeFiles\fltk.dir\fl_shadow_box.cxx.obj -c C:\fltk\fltk\src\fl_shadow
_box.cxx
[ 35%] Building CXX object src/CMakeFiles/fltk.dir/fl_shortcut.cxx.obj
cd /d C:\fltk\fltk\build\src && C:\mingw32-8\bin\c++.exe -DFL_LIBRARY -D_FILE_OFFSET_BITS=64 -D_LARGEFILE64_SOURCE -D_LAR
GEFILE_SOURCE @CMakeFiles/fltk.dir/includes_CXX.rsp -g -std=c++11 -MD -MT src/CMakeFiles/fltk.dir/fl_shortcut.cxx.obj -MF
 CMakeFiles\fltk.dir\fl_shortcut.cxx.obj.d -o CMakeFiles\fltk.dir\fl_shortcut.cxx.obj -c C:\fltk\fltk\src\fl_shortcut.cxx

[ 35%] Building CXX object src/CMakeFiles/fltk.dir/fl_show_colormap.cxx.obj
cd /d C:\fltk\fltk\build\src && C:\mingw32-8\bin\c++.exe -DFL_LIBRARY -D_FILE_OFFSET_BITS=64 -D_LARGEFILE64_SOURCE -D_LAR
GEFILE_SOURCE @CMakeFiles/fltk.dir/includes_CXX.rsp -g -std=c++11 -MD -MT src/CMakeFiles/fltk.dir/fl_show_colormap.cxx.ob
j -MF CMakeFiles\fltk.dir\fl_show_colormap.cxx.obj.d -o CMakeFiles\fltk.dir\fl_show_colormap.cxx.obj -c C:\fltk\fltk\src\
fl_show_colormap.cxx
[ 35%] Building CXX object src/CMakeFiles/fltk.dir/fl_string_functions.cxx.obj
cd /d C:\fltk\fltk\build\src && C:\mingw32-8\bin\c++.exe -DFL_LIBRARY -D_FILE_OFFSET_BITS=64 -D_LARGEFILE64_SOURCE -D_LAR
GEFILE_SOURCE @CMakeFiles/fltk.dir/includes_CXX.rsp -g -std=c++11 -MD -MT src/CMakeFiles/fltk.dir/fl_string_functions.cxx
.obj -MF CMakeFiles\fltk.dir\fl_string_functions.cxx.obj.d -o CMakeFiles\fltk.dir\fl_string_functions.cxx.obj -c C:\fltk\
fltk\src\fl_string_functions.cxx
[ 36%] Building CXX object src/CMakeFiles/fltk.dir/fl_symbols.cxx.obj
cd /d C:\fltk\fltk\build\src && C:\mingw32-8\bin\c++.exe -DFL_LIBRARY -D_FILE_OFFSET_BITS=64 -D_LARGEFILE64_SOURCE -D_LAR
GEFILE_SOURCE @CMakeFiles/fltk.dir/includes_CXX.rsp -g -std=c++11 -MD -MT src/CMakeFiles/fltk.dir/fl_symbols.cxx.obj -MF
CMakeFiles\fltk.dir\fl_symbols.cxx.obj.d -o CMakeFiles\fltk.dir\fl_symbols.cxx.obj -c C:\fltk\fltk\src\fl_symbols.cxx
[ 36%] Building CXX object src/CMakeFiles/fltk.dir/fl_utf8.cxx.obj
cd /d C:\fltk\fltk\build\src && C:\mingw32-8\bin\c++.exe -DFL_LIBRARY -D_FILE_OFFSET_BITS=64 -D_LARGEFILE64_SOURCE -D_LAR
GEFILE_SOURCE @CMakeFiles/fltk.dir/includes_CXX.rsp -g -std=c++11 -MD -MT src/CMakeFiles/fltk.dir/fl_utf8.cxx.obj -MF CMa
keFiles\fltk.dir\fl_utf8.cxx.obj.d -o CMakeFiles\fltk.dir\fl_utf8.cxx.obj -c C:\fltk\fltk\src\fl_utf8.cxx
[ 36%] Building CXX object src/CMakeFiles/fltk.dir/fl_vertex.cxx.obj
cd /d C:\fltk\fltk\build\src && C:\mingw32-8\bin\c++.exe -DFL_LIBRARY -D_FILE_OFFSET_BITS=64 -D_LARGEFILE64_SOURCE -D_LAR
GEFILE_SOURCE @CMakeFiles/fltk.dir/includes_CXX.rsp -g -std=c++11 -MD -MT src/CMakeFiles/fltk.dir/fl_vertex.cxx.obj -MF C
MakeFiles\fltk.dir\fl_vertex.cxx.obj.d -o CMakeFiles\fltk.dir\fl_vertex.cxx.obj -c C:\fltk\fltk\src\fl_vertex.cxx
[ 36%] Building CXX object src/CMakeFiles/fltk.dir/print_button.cxx.obj
cd /d C:\fltk\fltk\build\src && C:\mingw32-8\bin\c++.exe -DFL_LIBRARY -D_FILE_OFFSET_BITS=64 -D_LARGEFILE64_SOURCE -D_LAR
GEFILE_SOURCE @CMakeFiles/fltk.dir/includes_CXX.rsp -g -std=c++11 -MD -MT src/CMakeFiles/fltk.dir/print_button.cxx.obj -M
F CMakeFiles\fltk.dir\print_button.cxx.obj.d -o CMakeFiles\fltk.dir\print_button.cxx.obj -c C:\fltk\fltk\src\print_button
.cxx
[ 36%] Building CXX object src/CMakeFiles/fltk.dir/screen_xywh.cxx.obj
cd /d C:\fltk\fltk\build\src && C:\mingw32-8\bin\c++.exe -DFL_LIBRARY -D_FILE_OFFSET_BITS=64 -D_LARGEFILE64_SOURCE -D_LAR
GEFILE_SOURCE @CMakeFiles/fltk.dir/includes_CXX.rsp -g -std=c++11 -MD -MT src/CMakeFiles/fltk.dir/screen_xywh.cxx.obj -MF
 CMakeFiles\fltk.dir\screen_xywh.cxx.obj.d -o CMakeFiles\fltk.dir\screen_xywh.cxx.obj -c C:\fltk\fltk\src\screen_xywh.cxx

[ 36%] Building CXX object src/CMakeFiles/fltk.dir/drivers/WinAPI/Fl_WinAPI_System_Driver.cxx.obj
cd /d C:\fltk\fltk\build\src && C:\mingw32-8\bin\c++.exe -DFL_LIBRARY -D_FILE_OFFSET_BITS=64 -D_LARGEFILE64_SOURCE -D_LAR
GEFILE_SOURCE @CMakeFiles/fltk.dir/includes_CXX.rsp -g -std=c++11 -MD -MT src/CMakeFiles/fltk.dir/drivers/WinAPI/Fl_WinAP
I_System_Driver.cxx.obj -MF CMakeFiles\fltk.dir\drivers\WinAPI\Fl_WinAPI_System_Driver.cxx.obj.d -o CMakeFiles\fltk.dir\d
rivers\WinAPI\Fl_WinAPI_System_Driver.cxx.obj -c C:\fltk\fltk\src\drivers\WinAPI\Fl_WinAPI_System_Driver.cxx
[ 37%] Building CXX object src/CMakeFiles/fltk.dir/drivers/WinAPI/Fl_WinAPI_Screen_Driver.cxx.obj
cd /d C:\fltk\fltk\build\src && C:\mingw32-8\bin\c++.exe -DFL_LIBRARY -D_FILE_OFFSET_BITS=64 -D_LARGEFILE64_SOURCE -D_LAR
GEFILE_SOURCE @CMakeFiles/fltk.dir/includes_CXX.rsp -g -std=c++11 -MD -MT src/CMakeFiles/fltk.dir/drivers/WinAPI/Fl_WinAP
I_Screen_Driver.cxx.obj -MF CMakeFiles\fltk.dir\drivers\WinAPI\Fl_WinAPI_Screen_Driver.cxx.obj.d -o CMakeFiles\fltk.dir\d
rivers\WinAPI\Fl_WinAPI_Screen_Driver.cxx.obj -c C:\fltk\fltk\src\drivers\WinAPI\Fl_WinAPI_Screen_Driver.cxx
[ 37%] Building CXX object src/CMakeFiles/fltk.dir/drivers/WinAPI/Fl_WinAPI_Window_Driver.cxx.obj
cd /d C:\fltk\fltk\build\src && C:\mingw32-8\bin\c++.exe -DFL_LIBRARY -D_FILE_OFFSET_BITS=64 -D_LARGEFILE64_SOURCE -D_LAR
GEFILE_SOURCE @CMakeFiles/fltk.dir/includes_CXX.rsp -g -std=c++11 -MD -MT src/CMakeFiles/fltk.dir/drivers/WinAPI/Fl_WinAP
I_Window_Driver.cxx.obj -MF CMakeFiles\fltk.dir\drivers\WinAPI\Fl_WinAPI_Window_Driver.cxx.obj.d -o CMakeFiles\fltk.dir\d
rivers\WinAPI\Fl_WinAPI_Window_Driver.cxx.obj -c C:\fltk\fltk\src\drivers\WinAPI\Fl_WinAPI_Window_Driver.cxx
[ 37%] Building CXX object src/CMakeFiles/fltk.dir/drivers/WinAPI/Fl_WinAPI_Printer_Driver.cxx.obj
cd /d C:\fltk\fltk\build\src && C:\mingw32-8\bin\c++.exe -DFL_LIBRARY -D_FILE_OFFSET_BITS=64 -D_LARGEFILE64_SOURCE -D_LAR
GEFILE_SOURCE @CMakeFiles/fltk.dir/includes_CXX.rsp -g -std=c++11 -MD -MT src/CMakeFiles/fltk.dir/drivers/WinAPI/Fl_WinAP
I_Printer_Driver.cxx.obj -MF CMakeFiles\fltk.dir\drivers\WinAPI\Fl_WinAPI_Printer_Driver.cxx.obj.d -o CMakeFiles\fltk.dir
\drivers\WinAPI\Fl_WinAPI_Printer_Driver.cxx.obj -c C:\fltk\fltk\src\drivers\WinAPI\Fl_WinAPI_Printer_Driver.cxx
[ 37%] Building CXX object src/CMakeFiles/fltk.dir/drivers/GDI/Fl_GDI_Graphics_Driver.cxx.obj
cd /d C:\fltk\fltk\build\src && C:\mingw32-8\bin\c++.exe -DFL_LIBRARY -D_FILE_OFFSET_BITS=64 -D_LARGEFILE64_SOURCE -D_LAR
GEFILE_SOURCE @CMakeFiles/fltk.dir/includes_CXX.rsp -g -std=c++11 -MD -MT src/CMakeFiles/fltk.dir/drivers/GDI/Fl_GDI_Grap
hics_Driver.cxx.obj -MF CMakeFiles\fltk.dir\drivers\GDI\Fl_GDI_Graphics_Driver.cxx.obj.d -o CMakeFiles\fltk.dir\drivers\G
DI\Fl_GDI_Graphics_Driver.cxx.obj -c C:\fltk\fltk\src\drivers\GDI\Fl_GDI_Graphics_Driver.cxx
[ 37%] Building CXX object src/CMakeFiles/fltk.dir/drivers/GDI/Fl_GDI_Graphics_Driver_arci.cxx.obj
cd /d C:\fltk\fltk\build\src && C:\mingw32-8\bin\c++.exe -DFL_LIBRARY -D_FILE_OFFSET_BITS=64 -D_LARGEFILE64_SOURCE -D_LAR
GEFILE_SOURCE @CMakeFiles/fltk.dir/includes_CXX.rsp -g -std=c++11 -MD -MT src/CMakeFiles/fltk.dir/drivers/GDI/Fl_GDI_Grap
hics_Driver_arci.cxx.obj -MF CMakeFiles\fltk.dir\drivers\GDI\Fl_GDI_Graphics_Driver_arci.cxx.obj.d -o CMakeFiles\fltk.dir
\drivers\GDI\Fl_GDI_Graphics_Driver_arci.cxx.obj -c C:\fltk\fltk\src\drivers\GDI\Fl_GDI_Graphics_Driver_arci.cxx
[ 37%] Building CXX object src/CMakeFiles/fltk.dir/drivers/GDI/Fl_GDI_Graphics_Driver_color.cxx.obj
cd /d C:\fltk\fltk\build\src && C:\mingw32-8\bin\c++.exe -DFL_LIBRARY -D_FILE_OFFSET_BITS=64 -D_LARGEFILE64_SOURCE -D_LAR
GEFILE_SOURCE @CMakeFiles/fltk.dir/includes_CXX.rsp -g -std=c++11 -MD -MT src/CMakeFiles/fltk.dir/drivers/GDI/Fl_GDI_Grap
hics_Driver_color.cxx.obj -MF CMakeFiles\fltk.dir\drivers\GDI\Fl_GDI_Graphics_Driver_color.cxx.obj.d -o CMakeFiles\fltk.d
ir\drivers\GDI\Fl_GDI_Graphics_Driver_color.cxx.obj -c C:\fltk\fltk\src\drivers\GDI\Fl_GDI_Graphics_Driver_color.cxx
[ 37%] Building CXX object src/CMakeFiles/fltk.dir/drivers/GDI/Fl_GDI_Graphics_Driver_font.cxx.obj
cd /d C:\fltk\fltk\build\src && C:\mingw32-8\bin\c++.exe -DFL_LIBRARY -D_FILE_OFFSET_BITS=64 -D_LARGEFILE64_SOURCE -D_LAR
GEFILE_SOURCE @CMakeFiles/fltk.dir/includes_CXX.rsp -g -std=c++11 -MD -MT src/CMakeFiles/fltk.dir/drivers/GDI/Fl_GDI_Grap
hics_Driver_font.cxx.obj -MF CMakeFiles\fltk.dir\drivers\GDI\Fl_GDI_Graphics_Driver_font.cxx.obj.d -o CMakeFiles\fltk.dir
\drivers\GDI\Fl_GDI_Graphics_Driver_font.cxx.obj -c C:\fltk\fltk\src\drivers\GDI\Fl_GDI_Graphics_Driver_font.cxx
[ 38%] Building CXX object src/CMakeFiles/fltk.dir/drivers/GDI/Fl_GDI_Graphics_Driver_image.cxx.obj
cd /d C:\fltk\fltk\build\src && C:\mingw32-8\bin\c++.exe -DFL_LIBRARY -D_FILE_OFFSET_BITS=64 -D_LARGEFILE64_SOURCE -D_LAR
GEFILE_SOURCE @CMakeFiles/fltk.dir/includes_CXX.rsp -g -std=c++11 -MD -MT src/CMakeFiles/fltk.dir/drivers/GDI/Fl_GDI_Grap
hics_Driver_image.cxx.obj -MF CMakeFiles\fltk.dir\drivers\GDI\Fl_GDI_Graphics_Driver_image.cxx.obj.d -o CMakeFiles\fltk.d
ir\drivers\GDI\Fl_GDI_Graphics_Driver_image.cxx.obj -c C:\fltk\fltk\src\drivers\GDI\Fl_GDI_Graphics_Driver_image.cxx
[ 38%] Building CXX object src/CMakeFiles/fltk.dir/drivers/GDI/Fl_GDI_Graphics_Driver_line_style.cxx.obj
cd /d C:\fltk\fltk\build\src && C:\mingw32-8\bin\c++.exe -DFL_LIBRARY -D_FILE_OFFSET_BITS=64 -D_LARGEFILE64_SOURCE -D_LAR
GEFILE_SOURCE @CMakeFiles/fltk.dir/includes_CXX.rsp -g -std=c++11 -MD -MT src/CMakeFiles/fltk.dir/drivers/GDI/Fl_GDI_Grap
hics_Driver_line_style.cxx.obj -MF CMakeFiles\fltk.dir\drivers\GDI\Fl_GDI_Graphics_Driver_line_style.cxx.obj.d -o CMakeFi
les\fltk.dir\drivers\GDI\Fl_GDI_Graphics_Driver_line_style.cxx.obj -c C:\fltk\fltk\src\drivers\GDI\Fl_GDI_Graphics_Driver
_line_style.cxx
[ 38%] Building CXX object src/CMakeFiles/fltk.dir/drivers/GDI/Fl_GDI_Graphics_Driver_rect.cxx.obj
cd /d C:\fltk\fltk\build\src && C:\mingw32-8\bin\c++.exe -DFL_LIBRARY -D_FILE_OFFSET_BITS=64 -D_LARGEFILE64_SOURCE -D_LAR
GEFILE_SOURCE @CMakeFiles/fltk.dir/includes_CXX.rsp -g -std=c++11 -MD -MT src/CMakeFiles/fltk.dir/drivers/GDI/Fl_GDI_Grap
hics_Driver_rect.cxx.obj -MF CMakeFiles\fltk.dir\drivers\GDI\Fl_GDI_Graphics_Driver_rect.cxx.obj.d -o CMakeFiles\fltk.dir
\drivers\GDI\Fl_GDI_Graphics_Driver_rect.cxx.obj -c C:\fltk\fltk\src\drivers\GDI\Fl_GDI_Graphics_Driver_rect.cxx
[ 38%] Building CXX object src/CMakeFiles/fltk.dir/drivers/GDI/Fl_GDI_Graphics_Driver_vertex.cxx.obj
cd /d C:\fltk\fltk\build\src && C:\mingw32-8\bin\c++.exe -DFL_LIBRARY -D_FILE_OFFSET_BITS=64 -D_LARGEFILE64_SOURCE -D_LAR
GEFILE_SOURCE @CMakeFiles/fltk.dir/includes_CXX.rsp -g -std=c++11 -MD -MT src/CMakeFiles/fltk.dir/drivers/GDI/Fl_GDI_Grap
hics_Driver_vertex.cxx.obj -MF CMakeFiles\fltk.dir\drivers\GDI\Fl_GDI_Graphics_Driver_vertex.cxx.obj.d -o CMakeFiles\fltk
.dir\drivers\GDI\Fl_GDI_Graphics_Driver_vertex.cxx.obj -c C:\fltk\fltk\src\drivers\GDI\Fl_GDI_Graphics_Driver_vertex.cxx
[ 38%] Building CXX object src/CMakeFiles/fltk.dir/drivers/GDI/Fl_GDI_Copy_Surface_Driver.cxx.obj
cd /d C:\fltk\fltk\build\src && C:\mingw32-8\bin\c++.exe -DFL_LIBRARY -D_FILE_OFFSET_BITS=64 -D_LARGEFILE64_SOURCE -D_LAR
GEFILE_SOURCE @CMakeFiles/fltk.dir/includes_CXX.rsp -g -std=c++11 -MD -MT src/CMakeFiles/fltk.dir/drivers/GDI/Fl_GDI_Copy
_Surface_Driver.cxx.obj -MF CMakeFiles\fltk.dir\drivers\GDI\Fl_GDI_Copy_Surface_Driver.cxx.obj.d -o CMakeFiles\fltk.dir\d
rivers\GDI\Fl_GDI_Copy_Surface_Driver.cxx.obj -c C:\fltk\fltk\src\drivers\GDI\Fl_GDI_Copy_Surface_Driver.cxx
[ 38%] Building CXX object src/CMakeFiles/fltk.dir/drivers/GDI/Fl_GDI_Image_Surface_Driver.cxx.obj
cd /d C:\fltk\fltk\build\src && C:\mingw32-8\bin\c++.exe -DFL_LIBRARY -D_FILE_OFFSET_BITS=64 -D_LARGEFILE64_SOURCE -D_LAR
GEFILE_SOURCE @CMakeFiles/fltk.dir/includes_CXX.rsp -g -std=c++11 -MD -MT src/CMakeFiles/fltk.dir/drivers/GDI/Fl_GDI_Imag
e_Surface_Driver.cxx.obj -MF CMakeFiles\fltk.dir\drivers\GDI\Fl_GDI_Image_Surface_Driver.cxx.obj.d -o CMakeFiles\fltk.dir
\drivers\GDI\Fl_GDI_Image_Surface_Driver.cxx.obj -c C:\fltk\fltk\src\drivers\GDI\Fl_GDI_Image_Surface_Driver.cxx
[ 38%] Building CXX object src/CMakeFiles/fltk.dir/Fl_win32.cxx.obj
cd /d C:\fltk\fltk\build\src && C:\mingw32-8\bin\c++.exe -DFL_LIBRARY -D_FILE_OFFSET_BITS=64 -D_LARGEFILE64_SOURCE -D_LAR
GEFILE_SOURCE @CMakeFiles/fltk.dir/includes_CXX.rsp -g -std=c++11 -MD -MT src/CMakeFiles/fltk.dir/Fl_win32.cxx.obj -MF CM
akeFiles\fltk.dir\Fl_win32.cxx.obj.d -o CMakeFiles\fltk.dir\Fl_win32.cxx.obj -c C:\fltk\fltk\src\Fl_win32.cxx
[ 39%] Building CXX object src/CMakeFiles/fltk.dir/fl_dnd_win32.cxx.obj
cd /d C:\fltk\fltk\build\src && C:\mingw32-8\bin\c++.exe -DFL_LIBRARY -D_FILE_OFFSET_BITS=64 -D_LARGEFILE64_SOURCE -D_LAR
GEFILE_SOURCE @CMakeFiles/fltk.dir/includes_CXX.rsp -g -std=c++11 -MD -MT src/CMakeFiles/fltk.dir/fl_dnd_win32.cxx.obj -M
F CMakeFiles\fltk.dir\fl_dnd_win32.cxx.obj.d -o CMakeFiles\fltk.dir\fl_dnd_win32.cxx.obj -c C:\fltk\fltk\src\fl_dnd_win32
.cxx
[ 39%] Building CXX object src/CMakeFiles/fltk.dir/Fl_Native_File_Chooser_WIN32.cxx.obj
cd /d C:\fltk\fltk\build\src && C:\mingw32-8\bin\c++.exe -DFL_LIBRARY -D_FILE_OFFSET_BITS=64 -D_LARGEFILE64_SOURCE -D_LAR
GEFILE_SOURCE @CMakeFiles/fltk.dir/includes_CXX.rsp -g -std=c++11 -MD -MT src/CMakeFiles/fltk.dir/Fl_Native_File_Chooser_
WIN32.cxx.obj -MF CMakeFiles\fltk.dir\Fl_Native_File_Chooser_WIN32.cxx.obj.d -o CMakeFiles\fltk.dir\Fl_Native_File_Choose
r_WIN32.cxx.obj -c C:\fltk\fltk\src\Fl_Native_File_Chooser_WIN32.cxx
[ 39%] Building CXX object src/CMakeFiles/fltk.dir/Fl_get_key_win32.cxx.obj
cd /d C:\fltk\fltk\build\src && C:\mingw32-8\bin\c++.exe -DFL_LIBRARY -D_FILE_OFFSET_BITS=64 -D_LARGEFILE64_SOURCE -D_LAR
GEFILE_SOURCE @CMakeFiles/fltk.dir/includes_CXX.rsp -g -std=c++11 -MD -MT src/CMakeFiles/fltk.dir/Fl_get_key_win32.cxx.ob
j -MF CMakeFiles\fltk.dir\Fl_get_key_win32.cxx.obj.d -o CMakeFiles\fltk.dir\Fl_get_key_win32.cxx.obj -c C:\fltk\fltk\src\
Fl_get_key_win32.cxx
[ 39%] Building CXX object src/CMakeFiles/fltk.dir/drivers/WinAPI/fl_WinAPI_platform_init.cxx.obj
cd /d C:\fltk\fltk\build\src && C:\mingw32-8\bin\c++.exe -DFL_LIBRARY -D_FILE_OFFSET_BITS=64 -D_LARGEFILE64_SOURCE -D_LAR
GEFILE_SOURCE @CMakeFiles/fltk.dir/includes_CXX.rsp -g -std=c++11 -MD -MT src/CMakeFiles/fltk.dir/drivers/WinAPI/fl_WinAP
I_platform_init.cxx.obj -MF CMakeFiles\fltk.dir\drivers\WinAPI\fl_WinAPI_platform_init.cxx.obj.d -o CMakeFiles\fltk.dir\d
rivers\WinAPI\fl_WinAPI_platform_init.cxx.obj -c C:\fltk\fltk\src\drivers\WinAPI\fl_WinAPI_platform_init.cxx
[ 39%] Building C object src/CMakeFiles/fltk.dir/flstring.c.obj
cd /d C:\fltk\fltk\build\src && C:\mingw32-8\bin\gcc.exe -DFL_LIBRARY -D_FILE_OFFSET_BITS=64 -D_LARGEFILE64_SOURCE -D_LAR
GEFILE_SOURCE @CMakeFiles/fltk.dir/includes_C.rsp -g -MD -MT src/CMakeFiles/fltk.dir/flstring.c.obj -MF CMakeFiles\fltk.d
ir\flstring.c.obj.d -o CMakeFiles\fltk.dir\flstring.c.obj -c C:\fltk\fltk\src\flstring.c
[ 39%] Building C object src/CMakeFiles/fltk.dir/numericsort.c.obj
cd /d C:\fltk\fltk\build\src && C:\mingw32-8\bin\gcc.exe -DFL_LIBRARY -D_FILE_OFFSET_BITS=64 -D_LARGEFILE64_SOURCE -D_LAR
GEFILE_SOURCE @CMakeFiles/fltk.dir/includes_C.rsp -g -MD -MT src/CMakeFiles/fltk.dir/numericsort.c.obj -MF CMakeFiles\flt
k.dir\numericsort.c.obj.d -o CMakeFiles\fltk.dir\numericsort.c.obj -c C:\fltk\fltk\src\numericsort.c
[ 40%] Building C object src/CMakeFiles/fltk.dir/vsnprintf.c.obj
cd /d C:\fltk\fltk\build\src && C:\mingw32-8\bin\gcc.exe -DFL_LIBRARY -D_FILE_OFFSET_BITS=64 -D_LARGEFILE64_SOURCE -D_LAR
GEFILE_SOURCE @CMakeFiles/fltk.dir/includes_C.rsp -g -MD -MT src/CMakeFiles/fltk.dir/vsnprintf.c.obj -MF CMakeFiles\fltk.
dir\vsnprintf.c.obj.d -o CMakeFiles\fltk.dir\vsnprintf.c.obj -c C:\fltk\fltk\src\vsnprintf.c
[ 40%] Building C object src/CMakeFiles/fltk.dir/xutf8/is_right2left.c.obj
cd /d C:\fltk\fltk\build\src && C:\mingw32-8\bin\gcc.exe -DFL_LIBRARY -D_FILE_OFFSET_BITS=64 -D_LARGEFILE64_SOURCE -D_LAR
GEFILE_SOURCE @CMakeFiles/fltk.dir/includes_C.rsp -g -MD -MT src/CMakeFiles/fltk.dir/xutf8/is_right2left.c.obj -MF CMakeF
iles\fltk.dir\xutf8\is_right2left.c.obj.d -o CMakeFiles\fltk.dir\xutf8\is_right2left.c.obj -c C:\fltk\fltk\src\xutf8\is_r
ight2left.c
[ 40%] Building C object src/CMakeFiles/fltk.dir/xutf8/is_spacing.c.obj
cd /d C:\fltk\fltk\build\src && C:\mingw32-8\bin\gcc.exe -DFL_LIBRARY -D_FILE_OFFSET_BITS=64 -D_LARGEFILE64_SOURCE -D_LAR
GEFILE_SOURCE @CMakeFiles/fltk.dir/includes_C.rsp -g -MD -MT src/CMakeFiles/fltk.dir/xutf8/is_spacing.c.obj -MF CMakeFile
s\fltk.dir\xutf8\is_spacing.c.obj.d -o CMakeFiles\fltk.dir\xutf8\is_spacing.c.obj -c C:\fltk\fltk\src\xutf8\is_spacing.c
[ 40%] Building C object src/CMakeFiles/fltk.dir/xutf8/case.c.obj
cd /d C:\fltk\fltk\build\src && C:\mingw32-8\bin\gcc.exe -DFL_LIBRARY -D_FILE_OFFSET_BITS=64 -D_LARGEFILE64_SOURCE -D_LAR
GEFILE_SOURCE @CMakeFiles/fltk.dir/includes_C.rsp -g -MD -MT src/CMakeFiles/fltk.dir/xutf8/case.c.obj -MF CMakeFiles\fltk
.dir\xutf8\case.c.obj.d -o CMakeFiles\fltk.dir\xutf8\case.c.obj -c C:\fltk\fltk\src\xutf8\case.c
[ 40%] Building C object src/CMakeFiles/fltk.dir/scandir_win32.c.obj
cd /d C:\fltk\fltk\build\src && C:\mingw32-8\bin\gcc.exe -DFL_LIBRARY -D_FILE_OFFSET_BITS=64 -D_LARGEFILE64_SOURCE -D_LAR
GEFILE_SOURCE @CMakeFiles/fltk.dir/includes_C.rsp -g -MD -MT src/CMakeFiles/fltk.dir/scandir_win32.c.obj -MF CMakeFiles\f
ltk.dir\scandir_win32.c.obj.d -o CMakeFiles\fltk.dir\scandir_win32.c.obj -c C:\fltk\fltk\src\scandir_win32.c
[ 40%] Building CXX object src/CMakeFiles/fltk.dir/drivers/PostScript/Fl_PostScript.cxx.obj
cd /d C:\fltk\fltk\build\src && C:\mingw32-8\bin\c++.exe -DFL_LIBRARY -D_FILE_OFFSET_BITS=64 -D_LARGEFILE64_SOURCE -D_LAR
GEFILE_SOURCE @CMakeFiles/fltk.dir/includes_CXX.rsp -g -std=c++11 -MD -MT src/CMakeFiles/fltk.dir/drivers/PostScript/Fl_P
ostScript.cxx.obj -MF CMakeFiles\fltk.dir\drivers\PostScript\Fl_PostScript.cxx.obj.d -o CMakeFiles\fltk.dir\drivers\PostS
cript\Fl_PostScript.cxx.obj -c C:\fltk\fltk\src\drivers\PostScript\Fl_PostScript.cxx
[ 40%] Building CXX object src/CMakeFiles/fltk.dir/drivers/PostScript/Fl_PostScript_image.cxx.obj
cd /d C:\fltk\fltk\build\src && C:\mingw32-8\bin\c++.exe -DFL_LIBRARY -D_FILE_OFFSET_BITS=64 -D_LARGEFILE64_SOURCE -D_LAR
GEFILE_SOURCE @CMakeFiles/fltk.dir/includes_CXX.rsp -g -std=c++11 -MD -MT src/CMakeFiles/fltk.dir/drivers/PostScript/Fl_P
ostScript_image.cxx.obj -MF CMakeFiles\fltk.dir\drivers\PostScript\Fl_PostScript_image.cxx.obj.d -o CMakeFiles\fltk.dir\d
rivers\PostScript\Fl_PostScript_image.cxx.obj -c C:\fltk\fltk\src\drivers\PostScript\Fl_PostScript_image.cxx
[ 41%] Building C object src/CMakeFiles/fltk.dir/fl_call_main.c.obj
cd /d C:\fltk\fltk\build\src && C:\mingw32-8\bin\gcc.exe -DFL_LIBRARY -D_FILE_OFFSET_BITS=64 -D_LARGEFILE64_SOURCE -D_LAR
GEFILE_SOURCE @CMakeFiles/fltk.dir/includes_C.rsp -g -MD -MT src/CMakeFiles/fltk.dir/fl_call_main.c.obj -MF CMakeFiles\fl
tk.dir\fl_call_main.c.obj.d -o CMakeFiles\fltk.dir\fl_call_main.c.obj -c C:\fltk\fltk\src\fl_call_main.c
[ 41%] Linking CXX static library ..\lib\libfltk.a
cd /d C:\fltk\fltk\build\src && C:\cmake\3.28.1\x86_64\bin\cmake.exe -P CMakeFiles\fltk.dir\cmake_clean_target.cmake
cd /d C:\fltk\fltk\build\src && C:\cmake\3.28.1\x86_64\bin\cmake.exe -E cmake_link_script CMakeFiles\fltk.dir\link.txt --
verbose=on
C:\mingw32-8\bin\ar.exe qc ..\lib\libfltk.a CMakeFiles/fltk.dir/Fl.cxx.obj CMakeFiles/fltk.dir/Fl_Adjuster.cxx.obj CMakeF
iles/fltk.dir/Fl_Bitmap.cxx.obj CMakeFiles/fltk.dir/Fl_Browser.cxx.obj CMakeFiles/fltk.dir/Fl_Browser_.cxx.obj CMakeFiles
/fltk.dir/Fl_Browser_load.cxx.obj CMakeFiles/fltk.dir/Fl_Box.cxx.obj CMakeFiles/fltk.dir/Fl_Button.cxx.obj CMakeFiles/flt
k.dir/Fl_Chart.cxx.obj CMakeFiles/fltk.dir/Fl_Check_Browser.cxx.obj CMakeFiles/fltk.dir/Fl_Check_Button.cxx.obj CMakeFile
s/fltk.dir/Fl_Choice.cxx.obj CMakeFiles/fltk.dir/Fl_Clock.cxx.obj CMakeFiles/fltk.dir/Fl_Color_Chooser.cxx.obj CMakeFiles
/fltk.dir/Fl_Copy_Surface.cxx.obj CMakeFiles/fltk.dir/Fl_Counter.cxx.obj CMakeFiles/fltk.dir/Fl_Device.cxx.obj CMakeFiles
/fltk.dir/Fl_Dial.cxx.obj CMakeFiles/fltk.dir/Fl_Double_Window.cxx.obj CMakeFiles/fltk.dir/Fl_File_Browser.cxx.obj CMakeF
iles/fltk.dir/Fl_File_Chooser.cxx.obj CMakeFiles/fltk.dir/Fl_File_Chooser2.cxx.obj CMakeFiles/fltk.dir/Fl_File_Icon.cxx.o
bj CMakeFiles/fltk.dir/Fl_File_Input.cxx.obj CMakeFiles/fltk.dir/Fl_Flex.cxx.obj CMakeFiles/fltk.dir/Fl_Graphics_Driver.c
xx.obj CMakeFiles/fltk.dir/Fl_Grid.cxx.obj CMakeFiles/fltk.dir/Fl_Group.cxx.obj CMakeFiles/fltk.dir/Fl_Help_View.cxx.obj
CMakeFiles/fltk.dir/Fl_Image.cxx.obj CMakeFiles/fltk.dir/Fl_Image_Surface.cxx.obj CMakeFiles/fltk.dir/Fl_Input.cxx.obj CM
akeFiles/fltk.dir/Fl_Input_.cxx.obj CMakeFiles/fltk.dir/Fl_Input_Choice.cxx.obj CMakeFiles/fltk.dir/Fl_Light_Button.cxx.o
bj CMakeFiles/fltk.dir/Fl_Menu.cxx.obj CMakeFiles/fltk.dir/Fl_Menu_.cxx.obj CMakeFiles/fltk.dir/Fl_Menu_Bar.cxx.obj CMake
Files/fltk.dir/Fl_Menu_Button.cxx.obj CMakeFiles/fltk.dir/Fl_Menu_Window.cxx.obj CMakeFiles/fltk.dir/Fl_Menu_add.cxx.obj
CMakeFiles/fltk.dir/Fl_Menu_global.cxx.obj CMakeFiles/fltk.dir/Fl_Message.cxx.obj CMakeFiles/fltk.dir/Fl_Multi_Label.cxx.
obj CMakeFiles/fltk.dir/Fl_Native_File_Chooser.cxx.obj CMakeFiles/fltk.dir/Fl_Overlay_Window.cxx.obj CMakeFiles/fltk.dir/
Fl_Pack.cxx.obj CMakeFiles/fltk.dir/Fl_Paged_Device.cxx.obj CMakeFiles/fltk.dir/Fl_Pixmap.cxx.obj CMakeFiles/fltk.dir/Fl_
Positioner.cxx.obj CMakeFiles/fltk.dir/Fl_Preferences.cxx.obj CMakeFiles/fltk.dir/Fl_Printer.cxx.obj CMakeFiles/fltk.dir/
Fl_Progress.cxx.obj CMakeFiles/fltk.dir/Fl_Repeat_Button.cxx.obj CMakeFiles/fltk.dir/Fl_Return_Button.cxx.obj CMakeFiles/
fltk.dir/Fl_Roller.cxx.obj CMakeFiles/fltk.dir/Fl_Round_Button.cxx.obj CMakeFiles/fltk.dir/Fl_Scheme.cxx.obj CMakeFiles/f
ltk.dir/Fl_Scheme_Choice.cxx.obj CMakeFiles/fltk.dir/Fl_Screen_Driver.cxx.obj CMakeFiles/fltk.dir/Fl_Scroll.cxx.obj CMake
Files/fltk.dir/Fl_Scrollbar.cxx.obj CMakeFiles/fltk.dir/Fl_Shared_Image.cxx.obj CMakeFiles/fltk.dir/Fl_Shortcut_Button.cx
x.obj CMakeFiles/fltk.dir/Fl_Single_Window.cxx.obj CMakeFiles/fltk.dir/Fl_Slider.cxx.obj CMakeFiles/fltk.dir/Fl_Spinner.c
xx.obj CMakeFiles/fltk.dir/Fl_Sys_Menu_Bar.cxx.obj CMakeFiles/fltk.dir/Fl_System_Driver.cxx.obj CMakeFiles/fltk.dir/Fl_Ta
ble.cxx.obj CMakeFiles/fltk.dir/Fl_Table_Row.cxx.obj CMakeFiles/fltk.dir/Fl_Tabs.cxx.obj CMakeFiles/fltk.dir/Fl_Terminal.
cxx.obj CMakeFiles/fltk.dir/Fl_Text_Buffer.cxx.obj CMakeFiles/fltk.dir/Fl_Text_Display.cxx.obj CMakeFiles/fltk.dir/Fl_Tex
t_Editor.cxx.obj CMakeFiles/fltk.dir/Fl_Tile.cxx.obj CMakeFiles/fltk.dir/Fl_Tiled_Image.cxx.obj CMakeFiles/fltk.dir/Fl_Ti
meout.cxx.obj CMakeFiles/fltk.dir/Fl_Tooltip.cxx.obj CMakeFiles/fltk.dir/Fl_Tree.cxx.obj CMakeFiles/fltk.dir/Fl_Tree_Item
_Array.cxx.obj CMakeFiles/fltk.dir/Fl_Tree_Item.cxx.obj CMakeFiles/fltk.dir/Fl_Tree_Prefs.cxx.obj CMakeFiles/fltk.dir/Fl_
Valuator.cxx.obj CMakeFiles/fltk.dir/Fl_Value_Input.cxx.obj CMakeFiles/fltk.dir/Fl_Value_Output.cxx.obj CMakeFiles/fltk.d
ir/Fl_Value_Slider.cxx.obj CMakeFiles/fltk.dir/Fl_Widget.cxx.obj CMakeFiles/fltk.dir/Fl_Widget_Surface.cxx.obj CMakeFiles
/fltk.dir/Fl_Window.cxx.obj CMakeFiles/fltk.dir/Fl_Window_Driver.cxx.obj CMakeFiles/fltk.dir/Fl_Window_fullscreen.cxx.obj
 CMakeFiles/fltk.dir/Fl_Window_hotspot.cxx.obj CMakeFiles/fltk.dir/Fl_Window_iconize.cxx.obj CMakeFiles/fltk.dir/Fl_Wizar
d.cxx.obj CMakeFiles/fltk.dir/Fl_XBM_Image.cxx.obj CMakeFiles/fltk.dir/Fl_XPM_Image.cxx.obj CMakeFiles/fltk.dir/Fl_abort.
cxx.obj
C:\mingw32-8\bin\ar.exe q ..\lib\libfltk.a CMakeFiles/fltk.dir/Fl_add_idle.cxx.obj CMakeFiles/fltk.dir/Fl_arg.cxx.obj CMa
keFiles/fltk.dir/Fl_compose.cxx.obj CMakeFiles/fltk.dir/Fl_display.cxx.obj CMakeFiles/fltk.dir/Fl_get_system_colors.cxx.o
bj CMakeFiles/fltk.dir/Fl_grab.cxx.obj CMakeFiles/fltk.dir/Fl_lock.cxx.obj CMakeFiles/fltk.dir/Fl_own_colormap.cxx.obj CM
akeFiles/fltk.dir/Fl_visual.cxx.obj CMakeFiles/fltk.dir/filename_absolute.cxx.obj CMakeFiles/fltk.dir/filename_expand.cxx
.obj CMakeFiles/fltk.dir/filename_ext.cxx.obj CMakeFiles/fltk.dir/filename_isdir.cxx.obj CMakeFiles/fltk.dir/filename_lis
t.cxx.obj CMakeFiles/fltk.dir/filename_match.cxx.obj CMakeFiles/fltk.dir/filename_setext.cxx.obj CMakeFiles/fltk.dir/fl_a
rc.cxx.obj CMakeFiles/fltk.dir/fl_ask.cxx.obj CMakeFiles/fltk.dir/fl_boxtype.cxx.obj CMakeFiles/fltk.dir/fl_color.cxx.obj
 CMakeFiles/fltk.dir/fl_contrast.cxx.obj CMakeFiles/fltk.dir/fl_cursor.cxx.obj CMakeFiles/fltk.dir/fl_curve.cxx.obj CMake
Files/fltk.dir/fl_diamond_box.cxx.obj CMakeFiles/fltk.dir/fl_draw.cxx.obj CMakeFiles/fltk.dir/fl_draw_arrow.cxx.obj CMake
Files/fltk.dir/fl_draw_pixmap.cxx.obj CMakeFiles/fltk.dir/fl_encoding_latin1.cxx.obj CMakeFiles/fltk.dir/fl_encoding_mac_
roman.cxx.obj CMakeFiles/fltk.dir/fl_engraved_label.cxx.obj CMakeFiles/fltk.dir/fl_file_dir.cxx.obj CMakeFiles/fltk.dir/f
l_font.cxx.obj CMakeFiles/fltk.dir/fl_gleam.cxx.obj CMakeFiles/fltk.dir/fl_gtk.cxx.obj CMakeFiles/fltk.dir/fl_labeltype.c
xx.obj CMakeFiles/fltk.dir/fl_open_uri.cxx.obj CMakeFiles/fltk.dir/fl_oval_box.cxx.obj CMakeFiles/fltk.dir/fl_overlay.cxx
.obj CMakeFiles/fltk.dir/fl_oxy.cxx.obj CMakeFiles/fltk.dir/fl_plastic.cxx.obj CMakeFiles/fltk.dir/fl_read_image.cxx.obj
CMakeFiles/fltk.dir/fl_rect.cxx.obj CMakeFiles/fltk.dir/fl_round_box.cxx.obj CMakeFiles/fltk.dir/fl_rounded_box.cxx.obj C
MakeFiles/fltk.dir/fl_set_font.cxx.obj CMakeFiles/fltk.dir/fl_scroll_area.cxx.obj CMakeFiles/fltk.dir/fl_shadow_box.cxx.o
bj CMakeFiles/fltk.dir/fl_shortcut.cxx.obj CMakeFiles/fltk.dir/fl_show_colormap.cxx.obj CMakeFiles/fltk.dir/fl_string_fun
ctions.cxx.obj CMakeFiles/fltk.dir/fl_symbols.cxx.obj CMakeFiles/fltk.dir/fl_utf8.cxx.obj CMakeFiles/fltk.dir/fl_vertex.c
xx.obj CMakeFiles/fltk.dir/print_button.cxx.obj CMakeFiles/fltk.dir/screen_xywh.cxx.obj CMakeFiles/fltk.dir/drivers/WinAP
I/Fl_WinAPI_System_Driver.cxx.obj CMakeFiles/fltk.dir/drivers/WinAPI/Fl_WinAPI_Screen_Driver.cxx.obj CMakeFiles/fltk.dir/
drivers/WinAPI/Fl_WinAPI_Window_Driver.cxx.obj CMakeFiles/fltk.dir/drivers/WinAPI/Fl_WinAPI_Printer_Driver.cxx.obj CMakeF
iles/fltk.dir/drivers/GDI/Fl_GDI_Graphics_Driver.cxx.obj CMakeFiles/fltk.dir/drivers/GDI/Fl_GDI_Graphics_Driver_arci.cxx.
obj CMakeFiles/fltk.dir/drivers/GDI/Fl_GDI_Graphics_Driver_color.cxx.obj CMakeFiles/fltk.dir/drivers/GDI/Fl_GDI_Graphics_
Driver_font.cxx.obj CMakeFiles/fltk.dir/drivers/GDI/Fl_GDI_Graphics_Driver_image.cxx.obj CMakeFiles/fltk.dir/drivers/GDI/
Fl_GDI_Graphics_Driver_line_style.cxx.obj CMakeFiles/fltk.dir/drivers/GDI/Fl_GDI_Graphics_Driver_rect.cxx.obj CMakeFiles/
fltk.dir/drivers/GDI/Fl_GDI_Graphics_Driver_vertex.cxx.obj CMakeFiles/fltk.dir/drivers/GDI/Fl_GDI_Copy_Surface_Driver.cxx
.obj CMakeFiles/fltk.dir/drivers/GDI/Fl_GDI_Image_Surface_Driver.cxx.obj CMakeFiles/fltk.dir/Fl_win32.cxx.obj CMakeFiles/
fltk.dir/fl_dnd_win32.cxx.obj CMakeFiles/fltk.dir/Fl_Native_File_Chooser_WIN32.cxx.obj CMakeFiles/fltk.dir/Fl_get_key_win
32.cxx.obj CMakeFiles/fltk.dir/drivers/WinAPI/fl_WinAPI_platform_init.cxx.obj CMakeFiles/fltk.dir/flstring.c.obj CMakeFil
es/fltk.dir/numericsort.c.obj CMakeFiles/fltk.dir/vsnprintf.c.obj CMakeFiles/fltk.dir/xutf8/is_right2left.c.obj CMakeFile
s/fltk.dir/xutf8/is_spacing.c.obj CMakeFiles/fltk.dir/xutf8/case.c.obj CMakeFiles/fltk.dir/scandir_win32.c.obj CMakeFiles
/fltk.dir/drivers/PostScript/Fl_PostScript.cxx.obj CMakeFiles/fltk.dir/drivers/PostScript/Fl_PostScript_image.cxx.obj CMa
keFiles/fltk.dir/fl_call_main.c.obj
C:\mingw32-8\bin\ranlib.exe ..\lib\libfltk.a
mingw32-make[2]: Leaving directory 'C:/fltk/fltk/build'
[ 41%] Built target fltk
mingw32-make  -f src\CMakeFiles\fltk_images.dir\build.make src/CMakeFiles/fltk_images.dir/depend
mingw32-make  -f fltk-options\CMakeFiles\fltk-options.dir\build.make fltk-options/CMakeFiles/fltk-options.dir/depend
mingw32-make  -f fltk-options\CMakeFiles\fltk-options-cmd.dir\build.make fltk-options/CMakeFiles/fltk-options-cmd.dir/dep
end
mingw32-make[2]: Entering directory 'C:/fltk/fltk/build'
C:\cmake\3.28.1\x86_64\bin\cmake.exe -E cmake_depends "MinGW Makefiles" C:\fltk\fltk C:\fltk\fltk\src C:\fltk\fltk\build
C:\fltk\fltk\build\src C:\fltk\fltk\build\src\CMakeFiles\fltk_images.dir\DependInfo.cmake "--color="
mingw32-make[2]: Entering directory 'C:/fltk/fltk/build'
C:\cmake\3.28.1\x86_64\bin\cmake.exe -E cmake_depends "MinGW Makefiles" C:\fltk\fltk C:\fltk\fltk\fltk-options C:\fltk\fl
tk\build C:\fltk\fltk\build\fltk-options C:\fltk\fltk\build\fltk-options\CMakeFiles\fltk-options.dir\DependInfo.cmake "--
color="
mingw32-make[2]: Entering directory 'C:/fltk/fltk/build'
C:\cmake\3.28.1\x86_64\bin\cmake.exe -E cmake_depends "MinGW Makefiles" C:\fltk\fltk C:\fltk\fltk\fltk-options C:\fltk\fl
tk\build C:\fltk\fltk\build\fltk-options C:\fltk\fltk\build\fltk-options\CMakeFiles\fltk-options-cmd.dir\DependInfo.cmake
 "--color="
mingw32-make[2]: Leaving directory 'C:/fltk/fltk/build'
mingw32-make[2]: Leaving directory 'C:/fltk/fltk/build'
mingw32-make[2]: Leaving directory 'C:/fltk/fltk/build'
mingw32-make  -f fltk-options\CMakeFiles\fltk-options.dir\build.make fltk-options/CMakeFiles/fltk-options.dir/build
mingw32-make  -f src\CMakeFiles\fltk_images.dir\build.make src/CMakeFiles/fltk_images.dir/build
mingw32-make  -f fltk-options\CMakeFiles\fltk-options-cmd.dir\build.make fltk-options/CMakeFiles/fltk-options-cmd.dir/bui
ld
mingw32-make[2]: Entering directory 'C:/fltk/fltk/build'
mingw32-make[2]: Entering directory 'C:/fltk/fltk/build'
mingw32-make[2]: Entering directory 'C:/fltk/fltk/build'
[ 41%] [ 41%] [ 41%] Building CXX object src/CMakeFiles/fltk_images.dir/fl_images_core.cxx.objBuilding CXX object fltk-op
tions/CMakeFiles/fltk-options.dir/fltk-options.cxx.obj

Building CXX object fltk-options/CMakeFiles/fltk-options-cmd.dir/fltk-options.cxx.obj
cd /d C:\fltk\fltk\build\fltk-options && C:\mingw32-8\bin\c++.exe -D_FILE_OFFSET_BITS=64 -D_LARGEFILE64_SOURCE -D_LARGEFI
LE_SOURCE @CMakeFiles/fltk-options.dir/includes_CXX.rsp -g -std=c++11 -MD -MT fltk-options/CMakeFiles/fltk-options.dir/fl
tk-options.cxx.obj -MF CMakeFiles\fltk-options.dir\fltk-options.cxx.obj.d -o CMakeFiles\fltk-options.dir\fltk-options.cxx
.obj -c C:\fltk\fltk\fltk-options\fltk-options.cxx
cd /d C:\fltk\fltk\build\fltk-options && C:\mingw32-8\bin\c++.exe -D_FILE_OFFSET_BITS=64 -D_LARGEFILE64_SOURCE -D_LARGEFI
LE_SOURCE @CMakeFiles/fltk-options-cmd.dir/includes_CXX.rsp -g -std=c++11 -MD -MT fltk-options/CMakeFiles/fltk-options-cm
d.dir/fltk-options.cxx.obj -MF CMakeFiles\fltk-options-cmd.dir\fltk-options.cxx.obj.d -o CMakeFiles\fltk-options-cmd.dir\
fltk-options.cxx.obj -c C:\fltk\fltk\fltk-options\fltk-options.cxx
cd /d C:\fltk\fltk\build\src && C:\mingw32-8\bin\c++.exe -DFL_LIBRARY -DHAVE_PNG_GET_VALID=1 -DHAVE_PNG_H=1 -DHAVE_PNG_SE
T_TRNS_TO_ALPHA=1 -D_FILE_OFFSET_BITS=64 -D_LARGEFILE64_SOURCE -D_LARGEFILE_SOURCE @CMakeFiles/fltk_images.dir/includes_C
XX.rsp -g -std=c++11 -MD -MT src/CMakeFiles/fltk_images.dir/fl_images_core.cxx.obj -MF CMakeFiles\fltk_images.dir\fl_imag
es_core.cxx.obj.d -o CMakeFiles\fltk_images.dir\fl_images_core.cxx.obj -c C:\fltk\fltk\src\fl_images_core.cxx
[ 41%] Building CXX object src/CMakeFiles/fltk_images.dir/fl_write_png.cxx.obj
cd /d C:\fltk\fltk\build\src && C:\mingw32-8\bin\c++.exe -DFL_LIBRARY -DHAVE_PNG_GET_VALID=1 -DHAVE_PNG_H=1 -DHAVE_PNG_SE
T_TRNS_TO_ALPHA=1 -D_FILE_OFFSET_BITS=64 -D_LARGEFILE64_SOURCE -D_LARGEFILE_SOURCE @CMakeFiles/fltk_images.dir/includes_C
XX.rsp -g -std=c++11 -MD -MT src/CMakeFiles/fltk_images.dir/fl_write_png.cxx.obj -MF CMakeFiles\fltk_images.dir\fl_write_
png.cxx.obj.d -o CMakeFiles\fltk_images.dir\fl_write_png.cxx.obj -c C:\fltk\fltk\src\fl_write_png.cxx
[ 41%] [ 41%] Linking CXX executable ..\bin\fltk-options-cmd.exeLinking CXX executable ..\bin\fltk-options.exe

cd /d C:\fltk\fltk\build\fltk-options && C:\cmake\3.28.1\x86_64\bin\cmake.exe -E cmake_link_script CMakeFiles\fltk-option
s.dir\link.txt --verbose=on
cd /d C:\fltk\fltk\build\fltk-options && C:\cmake\3.28.1\x86_64\bin\cmake.exe -E cmake_link_script CMakeFiles\fltk-option
s-cmd.dir\link.txt --verbose=on
C:\cmake\3.28.1\x86_64\bin\cmake.exe -E rm -f CMakeFiles\fltk-options-cmd.dir/objects.a
C:\cmake\3.28.1\x86_64\bin\cmake.exe -E rm -f CMakeFiles\fltk-options.dir/objects.a
[ 41%] Building CXX object src/CMakeFiles/fltk_images.dir/fl_write_jpeg.cxx.obj
cd /d C:\fltk\fltk\build\src && C:\mingw32-8\bin\c++.exe -DFL_LIBRARY -DHAVE_PNG_GET_VALID=1 -DHAVE_PNG_H=1 -DHAVE_PNG_SE
T_TRNS_TO_ALPHA=1 -D_FILE_OFFSET_BITS=64 -D_LARGEFILE64_SOURCE -D_LARGEFILE_SOURCE @CMakeFiles/fltk_images.dir/includes_C
XX.rsp -g -std=c++11 -MD -MT src/CMakeFiles/fltk_images.dir/fl_write_jpeg.cxx.obj -MF CMakeFiles\fltk_images.dir\fl_write
_jpeg.cxx.obj.d -o CMakeFiles\fltk_images.dir\fl_write_jpeg.cxx.obj -c C:\fltk\fltk\src\fl_write_jpeg.cxx
C:\mingw32-8\bin\ar.exe qc CMakeFiles\fltk-options.dir/objects.a @CMakeFiles\fltk-options.dir\objects1.rsp
C:\mingw32-8\bin\ar.exe qc CMakeFiles\fltk-options-cmd.dir/objects.a @CMakeFiles\fltk-options-cmd.dir\objects1.rsp
C:\mingw32-8\bin\c++.exe -g -mwindows -Wl,--whole-archive CMakeFiles\fltk-options.dir/objects.a -Wl,--no-whole-archive -o
 ..\bin\fltk-options.exe -Wl,--out-implib,..\bin\libfltk-options.dll.a -Wl,--major-image-version,0,--minor-image-version,
0 @CMakeFiles\fltk-options.dir\linkLibs.rsp
C:\mingw32-8\bin\c++.exe -g -Wl,--whole-archive CMakeFiles\fltk-options-cmd.dir/objects.a -Wl,--no-whole-archive -o ..\bi
n\fltk-options-cmd.exe -Wl,--out-implib,..\bin\libfltk-options-cmd.dll.a -Wl,--major-image-version,0,--minor-image-versio
n,0 @CMakeFiles\fltk-options-cmd.dir\linkLibs.rsp
[ 41%] Building CXX object src/CMakeFiles/fltk_images.dir/Fl_BMP_Image.cxx.obj
cd /d C:\fltk\fltk\build\src && C:\mingw32-8\bin\c++.exe -DFL_LIBRARY -DHAVE_PNG_GET_VALID=1 -DHAVE_PNG_H=1 -DHAVE_PNG_SE
T_TRNS_TO_ALPHA=1 -D_FILE_OFFSET_BITS=64 -D_LARGEFILE64_SOURCE -D_LARGEFILE_SOURCE @CMakeFiles/fltk_images.dir/includes_C
XX.rsp -g -std=c++11 -MD -MT src/CMakeFiles/fltk_images.dir/Fl_BMP_Image.cxx.obj -MF CMakeFiles\fltk_images.dir\Fl_BMP_Im
age.cxx.obj.d -o CMakeFiles\fltk_images.dir\Fl_BMP_Image.cxx.obj -c C:\fltk\fltk\src\Fl_BMP_Image.cxx
[ 41%] Building CXX object src/CMakeFiles/fltk_images.dir/Fl_File_Icon2.cxx.obj
cd /d C:\fltk\fltk\build\src && C:\mingw32-8\bin\c++.exe -DFL_LIBRARY -DHAVE_PNG_GET_VALID=1 -DHAVE_PNG_H=1 -DHAVE_PNG_SE
T_TRNS_TO_ALPHA=1 -D_FILE_OFFSET_BITS=64 -D_LARGEFILE64_SOURCE -D_LARGEFILE_SOURCE @CMakeFiles/fltk_images.dir/includes_C
XX.rsp -g -std=c++11 -MD -MT src/CMakeFiles/fltk_images.dir/Fl_File_Icon2.cxx.obj -MF CMakeFiles\fltk_images.dir\Fl_File_
Icon2.cxx.obj.d -o CMakeFiles\fltk_images.dir\Fl_File_Icon2.cxx.obj -c C:\fltk\fltk\src\Fl_File_Icon2.cxx
mingw32-make[2]: Leaving directory 'C:/fltk/fltk/build'
mingw32-make[2]: Leaving directory 'C:/fltk/fltk/build'
[ 41%] Built target fltk-options
[ 41%] Built target fltk-options-cmd
[ 41%] Building CXX object src/CMakeFiles/fltk_images.dir/Fl_GIF_Image.cxx.obj
cd /d C:\fltk\fltk\build\src && C:\mingw32-8\bin\c++.exe -DFL_LIBRARY -DHAVE_PNG_GET_VALID=1 -DHAVE_PNG_H=1 -DHAVE_PNG_SE
T_TRNS_TO_ALPHA=1 -D_FILE_OFFSET_BITS=64 -D_LARGEFILE64_SOURCE -D_LARGEFILE_SOURCE @CMakeFiles/fltk_images.dir/includes_C
XX.rsp -g -std=c++11 -MD -MT src/CMakeFiles/fltk_images.dir/Fl_GIF_Image.cxx.obj -MF CMakeFiles\fltk_images.dir\Fl_GIF_Im
age.cxx.obj.d -o CMakeFiles\fltk_images.dir\Fl_GIF_Image.cxx.obj -c C:\fltk\fltk\src\Fl_GIF_Image.cxx
[ 42%] Building CXX object src/CMakeFiles/fltk_images.dir/Fl_Anim_GIF_Image.cxx.obj
cd /d C:\fltk\fltk\build\src && C:\mingw32-8\bin\c++.exe -DFL_LIBRARY -DHAVE_PNG_GET_VALID=1 -DHAVE_PNG_H=1 -DHAVE_PNG_SE
T_TRNS_TO_ALPHA=1 -D_FILE_OFFSET_BITS=64 -D_LARGEFILE64_SOURCE -D_LARGEFILE_SOURCE @CMakeFiles/fltk_images.dir/includes_C
XX.rsp -g -std=c++11 -MD -MT src/CMakeFiles/fltk_images.dir/Fl_Anim_GIF_Image.cxx.obj -MF CMakeFiles\fltk_images.dir\Fl_A
nim_GIF_Image.cxx.obj.d -o CMakeFiles\fltk_images.dir\Fl_Anim_GIF_Image.cxx.obj -c C:\fltk\fltk\src\Fl_Anim_GIF_Image.cxx

mingw32-make  -f test\CMakeFiles\adjuster.dir\build.make test/CMakeFiles/adjuster.dir/depend
mingw32-make[2]: Entering directory 'C:/fltk/fltk/build'
C:\cmake\3.28.1\x86_64\bin\cmake.exe -E cmake_depends "MinGW Makefiles" C:\fltk\fltk C:\fltk\fltk\test C:\fltk\fltk\build
 C:\fltk\fltk\build\test C:\fltk\fltk\build\test\CMakeFiles\adjuster.dir\DependInfo.cmake "--color="
mingw32-make[2]: Leaving directory 'C:/fltk/fltk/build'
mingw32-make  -f test\CMakeFiles\adjuster.dir\build.make test/CMakeFiles/adjuster.dir/build
mingw32-make[2]: Entering directory 'C:/fltk/fltk/build'
[ 42%] Building CXX object test/CMakeFiles/adjuster.dir/adjuster.cxx.obj
cd /d C:\fltk\fltk\build\test && C:\mingw32-8\bin\c++.exe -D_FILE_OFFSET_BITS=64 -D_LARGEFILE64_SOURCE -D_LARGEFILE_SOURC
E -Dadjuster_EXPORTS @CMakeFiles/adjuster.dir/includes_CXX.rsp -g -std=c++11 -MD -MT test/CMakeFiles/adjuster.dir/adjuste
r.cxx.obj -MF CMakeFiles\adjuster.dir\adjuster.cxx.obj.d -o CMakeFiles\adjuster.dir\adjuster.cxx.obj -c C:\fltk\fltk\test
\adjuster.cxx
mingw32-make  -f test\CMakeFiles\arc.dir\build.make test/CMakeFiles/arc.dir/depend
mingw32-make[2]: Entering directory 'C:/fltk/fltk/build'
C:\cmake\3.28.1\x86_64\bin\cmake.exe -E cmake_depends "MinGW Makefiles" C:\fltk\fltk C:\fltk\fltk\test C:\fltk\fltk\build
 C:\fltk\fltk\build\test C:\fltk\fltk\build\test\CMakeFiles\arc.dir\DependInfo.cmake "--color="
mingw32-make[2]: Leaving directory 'C:/fltk/fltk/build'
mingw32-make  -f test\CMakeFiles\arc.dir\build.make test/CMakeFiles/arc.dir/build
mingw32-make[2]: Entering directory 'C:/fltk/fltk/build'
[ 42%] Building CXX object test/CMakeFiles/arc.dir/arc.cxx.obj
cd /d C:\fltk\fltk\build\test && C:\mingw32-8\bin\c++.exe -D_FILE_OFFSET_BITS=64 -D_LARGEFILE64_SOURCE -D_LARGEFILE_SOURC
E -Darc_EXPORTS @CMakeFiles/arc.dir/includes_CXX.rsp -g -std=c++11 -MD -MT test/CMakeFiles/arc.dir/arc.cxx.obj -MF CMakeF
iles\arc.dir\arc.cxx.obj.d -o CMakeFiles\arc.dir\arc.cxx.obj -c C:\fltk\fltk\test\arc.cxx
[ 42%] Linking CXX executable ..\bin\test\adjuster.exe
cd /d C:\fltk\fltk\build\test && C:\cmake\3.28.1\x86_64\bin\cmake.exe -E cmake_link_script CMakeFiles\adjuster.dir\link.t
xt --verbose=on
C:\cmake\3.28.1\x86_64\bin\cmake.exe -E rm -f CMakeFiles\adjuster.dir/objects.a
C:\mingw32-8\bin\ar.exe qc CMakeFiles\adjuster.dir/objects.a @CMakeFiles\adjuster.dir\objects1.rsp
C:\mingw32-8\bin\c++.exe -g -mwindows -Wl,--whole-archive CMakeFiles\adjuster.dir/objects.a -Wl,--no-whole-archive -o ..\
bin\test\adjuster.exe -Wl,--out-implib,..\bin\test\libadjuster.dll.a -Wl,--major-image-version,0,--minor-image-version,0
@CMakeFiles\adjuster.dir\linkLibs.rsp
[ 42%] Building CXX object src/CMakeFiles/fltk_images.dir/Fl_Help_Dialog.cxx.obj
cd /d C:\fltk\fltk\build\src && C:\mingw32-8\bin\c++.exe -DFL_LIBRARY -DHAVE_PNG_GET_VALID=1 -DHAVE_PNG_H=1 -DHAVE_PNG_SE
T_TRNS_TO_ALPHA=1 -D_FILE_OFFSET_BITS=64 -D_LARGEFILE64_SOURCE -D_LARGEFILE_SOURCE @CMakeFiles/fltk_images.dir/includes_C
XX.rsp -g -std=c++11 -MD -MT src/CMakeFiles/fltk_images.dir/Fl_Help_Dialog.cxx.obj -MF CMakeFiles\fltk_images.dir\Fl_Help
_Dialog.cxx.obj.d -o CMakeFiles\fltk_images.dir\Fl_Help_Dialog.cxx.obj -c C:\fltk\fltk\src\Fl_Help_Dialog.cxx
[ 43%] Linking CXX executable ..\bin\test\arc.exe
cd /d C:\fltk\fltk\build\test && C:\cmake\3.28.1\x86_64\bin\cmake.exe -E cmake_link_script CMakeFiles\arc.dir\link.txt --
verbose=on
C:\cmake\3.28.1\x86_64\bin\cmake.exe -E rm -f CMakeFiles\arc.dir/objects.a
C:\mingw32-8\bin\ar.exe qc CMakeFiles\arc.dir/objects.a @CMakeFiles\arc.dir\objects1.rsp
C:\mingw32-8\bin\c++.exe -g -mwindows -Wl,--whole-archive CMakeFiles\arc.dir/objects.a -Wl,--no-whole-archive -o ..\bin\t
est\arc.exe -Wl,--out-implib,..\bin\test\libarc.dll.a -Wl,--major-image-version,0,--minor-image-version,0 @CMakeFiles\arc
.dir\linkLibs.rsp
[ 43%] Building CXX object src/CMakeFiles/fltk_images.dir/Fl_ICO_Image.cxx.obj
cd /d C:\fltk\fltk\build\src && C:\mingw32-8\bin\c++.exe -DFL_LIBRARY -DHAVE_PNG_GET_VALID=1 -DHAVE_PNG_H=1 -DHAVE_PNG_SE
T_TRNS_TO_ALPHA=1 -D_FILE_OFFSET_BITS=64 -D_LARGEFILE64_SOURCE -D_LARGEFILE_SOURCE @CMakeFiles/fltk_images.dir/includes_C
XX.rsp -g -std=c++11 -MD -MT src/CMakeFiles/fltk_images.dir/Fl_ICO_Image.cxx.obj -MF CMakeFiles\fltk_images.dir\Fl_ICO_Im
age.cxx.obj.d -o CMakeFiles\fltk_images.dir\Fl_ICO_Image.cxx.obj -c C:\fltk\fltk\src\Fl_ICO_Image.cxx
mingw32-make[2]: Leaving directory 'C:/fltk/fltk/build'
[ 43%] Built target adjuster
[ 43%] Building CXX object src/CMakeFiles/fltk_images.dir/Fl_JPEG_Image.cxx.obj
cd /d C:\fltk\fltk\build\src && C:\mingw32-8\bin\c++.exe -DFL_LIBRARY -DHAVE_PNG_GET_VALID=1 -DHAVE_PNG_H=1 -DHAVE_PNG_SE
T_TRNS_TO_ALPHA=1 -D_FILE_OFFSET_BITS=64 -D_LARGEFILE64_SOURCE -D_LARGEFILE_SOURCE @CMakeFiles/fltk_images.dir/includes_C
XX.rsp -g -std=c++11 -MD -MT src/CMakeFiles/fltk_images.dir/Fl_JPEG_Image.cxx.obj -MF CMakeFiles\fltk_images.dir\Fl_JPEG_
Image.cxx.obj.d -o CMakeFiles\fltk_images.dir\Fl_JPEG_Image.cxx.obj -c C:\fltk\fltk\src\Fl_JPEG_Image.cxx
mingw32-make  -f test\CMakeFiles\animated.dir\build.make test/CMakeFiles/animated.dir/depend
mingw32-make[2]: Entering directory 'C:/fltk/fltk/build'
C:\cmake\3.28.1\x86_64\bin\cmake.exe -E cmake_depends "MinGW Makefiles" C:\fltk\fltk C:\fltk\fltk\test C:\fltk\fltk\build
 C:\fltk\fltk\build\test C:\fltk\fltk\build\test\CMakeFiles\animated.dir\DependInfo.cmake "--color="
mingw32-make[2]: Leaving directory 'C:/fltk/fltk/build'
mingw32-make  -f test\CMakeFiles\animated.dir\build.make test/CMakeFiles/animated.dir/build
mingw32-make[2]: Entering directory 'C:/fltk/fltk/build'
[ 43%] Building CXX object test/CMakeFiles/animated.dir/animated.cxx.obj
cd /d C:\fltk\fltk\build\test && C:\mingw32-8\bin\c++.exe -D_FILE_OFFSET_BITS=64 -D_LARGEFILE64_SOURCE -D_LARGEFILE_SOURC
E -Danimated_EXPORTS @CMakeFiles/animated.dir/includes_CXX.rsp -g -std=c++11 -MD -MT test/CMakeFiles/animated.dir/animate
d.cxx.obj -MF CMakeFiles\animated.dir\animated.cxx.obj.d -o CMakeFiles\animated.dir\animated.cxx.obj -c C:\fltk\fltk\test
\animated.cxx
[ 43%] Building CXX object src/CMakeFiles/fltk_images.dir/Fl_PNG_Image.cxx.obj
cd /d C:\fltk\fltk\build\src && C:\mingw32-8\bin\c++.exe -DFL_LIBRARY -DHAVE_PNG_GET_VALID=1 -DHAVE_PNG_H=1 -DHAVE_PNG_SE
T_TRNS_TO_ALPHA=1 -D_FILE_OFFSET_BITS=64 -D_LARGEFILE64_SOURCE -D_LARGEFILE_SOURCE @CMakeFiles/fltk_images.dir/includes_C
XX.rsp -g -std=c++11 -MD -MT src/CMakeFiles/fltk_images.dir/Fl_PNG_Image.cxx.obj -MF CMakeFiles\fltk_images.dir\Fl_PNG_Im
age.cxx.obj.d -o CMakeFiles\fltk_images.dir\Fl_PNG_Image.cxx.obj -c C:\fltk\fltk\src\Fl_PNG_Image.cxx
mingw32-make[2]: Leaving directory 'C:/fltk/fltk/build'
[ 43%] Built target arc
[ 43%] Building CXX object src/CMakeFiles/fltk_images.dir/Fl_PNM_Image.cxx.obj
cd /d C:\fltk\fltk\build\src && C:\mingw32-8\bin\c++.exe -DFL_LIBRARY -DHAVE_PNG_GET_VALID=1 -DHAVE_PNG_H=1 -DHAVE_PNG_SE
T_TRNS_TO_ALPHA=1 -D_FILE_OFFSET_BITS=64 -D_LARGEFILE64_SOURCE -D_LARGEFILE_SOURCE @CMakeFiles/fltk_images.dir/includes_C
XX.rsp -g -std=c++11 -MD -MT src/CMakeFiles/fltk_images.dir/Fl_PNM_Image.cxx.obj -MF CMakeFiles\fltk_images.dir\Fl_PNM_Im
age.cxx.obj.d -o CMakeFiles\fltk_images.dir\Fl_PNM_Image.cxx.obj -c C:\fltk\fltk\src\Fl_PNM_Image.cxx
mingw32-make  -f test\CMakeFiles\ask.dir\build.make test/CMakeFiles/ask.dir/depend
mingw32-make[2]: Entering directory 'C:/fltk/fltk/build'
C:\cmake\3.28.1\x86_64\bin\cmake.exe -E cmake_depends "MinGW Makefiles" C:\fltk\fltk C:\fltk\fltk\test C:\fltk\fltk\build
 C:\fltk\fltk\build\test C:\fltk\fltk\build\test\CMakeFiles\ask.dir\DependInfo.cmake "--color="
mingw32-make[2]: Leaving directory 'C:/fltk/fltk/build'
mingw32-make  -f test\CMakeFiles\ask.dir\build.make test/CMakeFiles/ask.dir/build
mingw32-make[2]: Entering directory 'C:/fltk/fltk/build'
[ 43%] Building CXX object test/CMakeFiles/ask.dir/ask.cxx.obj
cd /d C:\fltk\fltk\build\test && C:\mingw32-8\bin\c++.exe -D_FILE_OFFSET_BITS=64 -D_LARGEFILE64_SOURCE -D_LARGEFILE_SOURC
E -Dask_EXPORTS @CMakeFiles/ask.dir/includes_CXX.rsp -g -std=c++11 -MD -MT test/CMakeFiles/ask.dir/ask.cxx.obj -MF CMakeF
iles\ask.dir\ask.cxx.obj.d -o CMakeFiles\ask.dir\ask.cxx.obj -c C:\fltk\fltk\test\ask.cxx
[ 44%] Building CXX object src/CMakeFiles/fltk_images.dir/Fl_Image_Reader.cxx.obj
cd /d C:\fltk\fltk\build\src && C:\mingw32-8\bin\c++.exe -DFL_LIBRARY -DHAVE_PNG_GET_VALID=1 -DHAVE_PNG_H=1 -DHAVE_PNG_SE
T_TRNS_TO_ALPHA=1 -D_FILE_OFFSET_BITS=64 -D_LARGEFILE64_SOURCE -D_LARGEFILE_SOURCE @CMakeFiles/fltk_images.dir/includes_C
XX.rsp -g -std=c++11 -MD -MT src/CMakeFiles/fltk_images.dir/Fl_Image_Reader.cxx.obj -MF CMakeFiles\fltk_images.dir\Fl_Ima
ge_Reader.cxx.obj.d -o CMakeFiles\fltk_images.dir\Fl_Image_Reader.cxx.obj -c C:\fltk\fltk\src\Fl_Image_Reader.cxx
[ 44%] Building CXX object src/CMakeFiles/fltk_images.dir/Fl_SVG_Image.cxx.obj
cd /d C:\fltk\fltk\build\src && C:\mingw32-8\bin\c++.exe -DFL_LIBRARY -DHAVE_PNG_GET_VALID=1 -DHAVE_PNG_H=1 -DHAVE_PNG_SE
T_TRNS_TO_ALPHA=1 -D_FILE_OFFSET_BITS=64 -D_LARGEFILE64_SOURCE -D_LARGEFILE_SOURCE @CMakeFiles/fltk_images.dir/includes_C
XX.rsp -g -std=c++11 -MD -MT src/CMakeFiles/fltk_images.dir/Fl_SVG_Image.cxx.obj -MF CMakeFiles\fltk_images.dir\Fl_SVG_Im
age.cxx.obj.d -o CMakeFiles\fltk_images.dir\Fl_SVG_Image.cxx.obj -c C:\fltk\fltk\src\Fl_SVG_Image.cxx
[ 44%] Linking CXX executable ..\bin\test\ask.exe
cd /d C:\fltk\fltk\build\test && C:\cmake\3.28.1\x86_64\bin\cmake.exe -E cmake_link_script CMakeFiles\ask.dir\link.txt --
verbose=on
C:\cmake\3.28.1\x86_64\bin\cmake.exe -E rm -f CMakeFiles\ask.dir/objects.a
C:\mingw32-8\bin\ar.exe qc CMakeFiles\ask.dir/objects.a @CMakeFiles\ask.dir\objects1.rsp
C:\mingw32-8\bin\c++.exe -g -mwindows -Wl,--whole-archive CMakeFiles\ask.dir/objects.a -Wl,--no-whole-archive -o ..\bin\t
est\ask.exe -Wl,--out-implib,..\bin\test\libask.dll.a -Wl,--major-image-version,0,--minor-image-version,0 @CMakeFiles\ask
.dir\linkLibs.rsp
[ 44%] Linking CXX executable ..\bin\test\animated.exe
cd /d C:\fltk\fltk\build\test && C:\cmake\3.28.1\x86_64\bin\cmake.exe -E cmake_link_script CMakeFiles\animated.dir\link.t
xt --verbose=on
C:\cmake\3.28.1\x86_64\bin\cmake.exe -E rm -f CMakeFiles\animated.dir/objects.a
[ 44%] Building CXX object src/CMakeFiles/fltk_images.dir/nanosvg.cxx.obj
cd /d C:\fltk\fltk\build\src && C:\mingw32-8\bin\c++.exe -DFL_LIBRARY -DHAVE_PNG_GET_VALID=1 -DHAVE_PNG_H=1 -DHAVE_PNG_SE
T_TRNS_TO_ALPHA=1 -D_FILE_OFFSET_BITS=64 -D_LARGEFILE64_SOURCE -D_LARGEFILE_SOURCE @CMakeFiles/fltk_images.dir/includes_C
XX.rsp -g -std=c++11 -MD -MT src/CMakeFiles/fltk_images.dir/nanosvg.cxx.obj -MF CMakeFiles\fltk_images.dir\nanosvg.cxx.ob
j.d -o CMakeFiles\fltk_images.dir\nanosvg.cxx.obj -c C:\fltk\fltk\src\nanosvg.cxx
C:\mingw32-8\bin\ar.exe qc CMakeFiles\animated.dir/objects.a @CMakeFiles\animated.dir\objects1.rsp
C:\mingw32-8\bin\c++.exe -g -mwindows -Wl,--whole-archive CMakeFiles\animated.dir/objects.a -Wl,--no-whole-archive -o ..\
bin\test\animated.exe -Wl,--out-implib,..\bin\test\libanimated.dll.a -Wl,--major-image-version,0,--minor-image-version,0
@CMakeFiles\animated.dir\linkLibs.rsp
mingw32-make[2]: Leaving directory 'C:/fltk/fltk/build'
[ 44%] Built target ask
mingw32-make  -f test\CMakeFiles\bitmap.dir\build.make test/CMakeFiles/bitmap.dir/depend
mingw32-make[2]: Entering directory 'C:/fltk/fltk/build'
C:\cmake\3.28.1\x86_64\bin\cmake.exe -E cmake_depends "MinGW Makefiles" C:\fltk\fltk C:\fltk\fltk\test C:\fltk\fltk\build
 C:\fltk\fltk\build\test C:\fltk\fltk\build\test\CMakeFiles\bitmap.dir\DependInfo.cmake "--color="
[ 44%] Building CXX object src/CMakeFiles/fltk_images.dir/drivers/SVG/Fl_SVG_File_Surface.cxx.obj
cd /d C:\fltk\fltk\build\src && C:\mingw32-8\bin\c++.exe -DFL_LIBRARY -DHAVE_PNG_GET_VALID=1 -DHAVE_PNG_H=1 -DHAVE_PNG_SE
T_TRNS_TO_ALPHA=1 -D_FILE_OFFSET_BITS=64 -D_LARGEFILE64_SOURCE -D_LARGEFILE_SOURCE @CMakeFiles/fltk_images.dir/includes_C
XX.rsp -g -std=c++11 -MD -MT src/CMakeFiles/fltk_images.dir/drivers/SVG/Fl_SVG_File_Surface.cxx.obj -MF CMakeFiles\fltk_i
mages.dir\drivers\SVG\Fl_SVG_File_Surface.cxx.obj.d -o CMakeFiles\fltk_images.dir\drivers\SVG\Fl_SVG_File_Surface.cxx.obj
 -c C:\fltk\fltk\src\drivers\SVG\Fl_SVG_File_Surface.cxx
mingw32-make[2]: Leaving directory 'C:/fltk/fltk/build'
mingw32-make  -f test\CMakeFiles\bitmap.dir\build.make test/CMakeFiles/bitmap.dir/build
mingw32-make[2]: Entering directory 'C:/fltk/fltk/build'
[ 44%] Building CXX object test/CMakeFiles/bitmap.dir/bitmap.cxx.obj
cd /d C:\fltk\fltk\build\test && C:\mingw32-8\bin\c++.exe -D_FILE_OFFSET_BITS=64 -D_LARGEFILE64_SOURCE -D_LARGEFILE_SOURC
E -Dbitmap_EXPORTS @CMakeFiles/bitmap.dir/includes_CXX.rsp -g -std=c++11 -MD -MT test/CMakeFiles/bitmap.dir/bitmap.cxx.ob
j -MF CMakeFiles\bitmap.dir\bitmap.cxx.obj.d -o CMakeFiles\bitmap.dir\bitmap.cxx.obj -c C:\fltk\fltk\test\bitmap.cxx
mingw32-make[2]: Leaving directory 'C:/fltk/fltk/build'
[ 44%] Built target animated
mingw32-make  -f test\CMakeFiles\boxtype.dir\build.make test/CMakeFiles/boxtype.dir/depend
mingw32-make[2]: Entering directory 'C:/fltk/fltk/build'
C:\cmake\3.28.1\x86_64\bin\cmake.exe -E cmake_depends "MinGW Makefiles" C:\fltk\fltk C:\fltk\fltk\test C:\fltk\fltk\build
 C:\fltk\fltk\build\test C:\fltk\fltk\build\test\CMakeFiles\boxtype.dir\DependInfo.cmake "--color="
mingw32-make[2]: Leaving directory 'C:/fltk/fltk/build'
mingw32-make  -f test\CMakeFiles\boxtype.dir\build.make test/CMakeFiles/boxtype.dir/build
mingw32-make[2]: Entering directory 'C:/fltk/fltk/build'
[ 45%] Building CXX object test/CMakeFiles/boxtype.dir/boxtype.cxx.obj
cd /d C:\fltk\fltk\build\test && C:\mingw32-8\bin\c++.exe -D_FILE_OFFSET_BITS=64 -D_LARGEFILE64_SOURCE -D_LARGEFILE_SOURC
E -Dboxtype_EXPORTS @CMakeFiles/boxtype.dir/includes_CXX.rsp -g -std=c++11 -MD -MT test/CMakeFiles/boxtype.dir/boxtype.cx
x.obj -MF CMakeFiles\boxtype.dir\boxtype.cxx.obj.d -o CMakeFiles\boxtype.dir\boxtype.cxx.obj -c C:\fltk\fltk\test\boxtype
.cxx
[ 45%] Linking CXX executable ..\bin\test\bitmap.exe
cd /d C:\fltk\fltk\build\test && C:\cmake\3.28.1\x86_64\bin\cmake.exe -E cmake_link_script CMakeFiles\bitmap.dir\link.txt
 --verbose=on
C:\cmake\3.28.1\x86_64\bin\cmake.exe -E rm -f CMakeFiles\bitmap.dir/objects.a
C:\mingw32-8\bin\ar.exe qc CMakeFiles\bitmap.dir/objects.a @CMakeFiles\bitmap.dir\objects1.rsp
C:\mingw32-8\bin\c++.exe -g -mwindows -Wl,--whole-archive CMakeFiles\bitmap.dir/objects.a -Wl,--no-whole-archive -o ..\bi
n\test\bitmap.exe -Wl,--out-implib,..\bin\test\libbitmap.dll.a -Wl,--major-image-version,0,--minor-image-version,0 @CMake
Files\bitmap.dir\linkLibs.rsp
[ 45%] Linking CXX static library ..\lib\libfltk_images.a
cd /d C:\fltk\fltk\build\src && C:\cmake\3.28.1\x86_64\bin\cmake.exe -P CMakeFiles\fltk_images.dir\cmake_clean_target.cma
ke
cd /d C:\fltk\fltk\build\src && C:\cmake\3.28.1\x86_64\bin\cmake.exe -E cmake_link_script CMakeFiles\fltk_images.dir\link
.txt --verbose=on
[ 45%] Linking CXX executable ..\bin\test\boxtype.exe
C:\mingw32-8\bin\ar.exe qc ..\lib\libfltk_images.a CMakeFiles/fltk_images.dir/fl_images_core.cxx.obj CMakeFiles/fltk_imag
es.dir/fl_write_png.cxx.obj CMakeFiles/fltk_images.dir/fl_write_jpeg.cxx.obj CMakeFiles/fltk_images.dir/Fl_BMP_Image.cxx.
obj CMakeFiles/fltk_images.dir/Fl_File_Icon2.cxx.obj CMakeFiles/fltk_images.dir/Fl_GIF_Image.cxx.obj CMakeFiles/fltk_imag
es.dir/Fl_Anim_GIF_Image.cxx.obj CMakeFiles/fltk_images.dir/Fl_Help_Dialog.cxx.obj CMakeFiles/fltk_images.dir/Fl_ICO_Imag
e.cxx.obj CMakeFiles/fltk_images.dir/Fl_JPEG_Image.cxx.obj CMakeFiles/fltk_images.dir/Fl_PNG_Image.cxx.obj CMakeFiles/flt
k_images.dir/Fl_PNM_Image.cxx.obj CMakeFiles/fltk_images.dir/Fl_Image_Reader.cxx.obj CMakeFiles/fltk_images.dir/Fl_SVG_Im
age.cxx.obj CMakeFiles/fltk_images.dir/nanosvg.cxx.obj CMakeFiles/fltk_images.dir/drivers/SVG/Fl_SVG_File_Surface.cxx.obj

cd /d C:\fltk\fltk\build\test && C:\cmake\3.28.1\x86_64\bin\cmake.exe -E cmake_link_script CMakeFiles\boxtype.dir\link.tx
t --verbose=on
C:\mingw32-8\bin\ranlib.exe ..\lib\libfltk_images.a
C:\cmake\3.28.1\x86_64\bin\cmake.exe -E rm -f CMakeFiles\boxtype.dir/objects.a
C:\mingw32-8\bin\ar.exe qc CMakeFiles\boxtype.dir/objects.a @CMakeFiles\boxtype.dir\objects1.rsp
mingw32-make[2]: Leaving directory 'C:/fltk/fltk/build'
C:\mingw32-8\bin\c++.exe -g -mwindows -Wl,--whole-archive CMakeFiles\boxtype.dir/objects.a -Wl,--no-whole-archive -o ..\b
in\test\boxtype.exe -Wl,--out-implib,..\bin\test\libboxtype.dll.a -Wl,--major-image-version,0,--minor-image-version,0 @CM
akeFiles\boxtype.dir\linkLibs.rsp
[ 45%] Built target fltk_images
mingw32-make  -f test\CMakeFiles\browser.dir\build.make test/CMakeFiles/browser.dir/depend
mingw32-make[2]: Entering directory 'C:/fltk/fltk/build'
C:\cmake\3.28.1\x86_64\bin\cmake.exe -E cmake_depends "MinGW Makefiles" C:\fltk\fltk C:\fltk\fltk\test C:\fltk\fltk\build
 C:\fltk\fltk\build\test C:\fltk\fltk\build\test\CMakeFiles\browser.dir\DependInfo.cmake "--color="
mingw32-make[2]: Leaving directory 'C:/fltk/fltk/build'
mingw32-make  -f test\CMakeFiles\browser.dir\build.make test/CMakeFiles/browser.dir/build
mingw32-make[2]: Entering directory 'C:/fltk/fltk/build'
[ 45%] Building CXX object test/CMakeFiles/browser.dir/browser.cxx.obj
cd /d C:\fltk\fltk\build\test && C:\mingw32-8\bin\c++.exe -D_FILE_OFFSET_BITS=64 -D_LARGEFILE64_SOURCE -D_LARGEFILE_SOURC
E -Dbrowser_EXPORTS @CMakeFiles/browser.dir/includes_CXX.rsp -g -std=c++11 -MD -MT test/CMakeFiles/browser.dir/browser.cx
x.obj -MF CMakeFiles\browser.dir\browser.cxx.obj.d -o CMakeFiles\browser.dir\browser.cxx.obj -c C:\fltk\fltk\test\browser
.cxx
mingw32-make[2]: Leaving directory 'C:/fltk/fltk/build'
[ 45%] Built target bitmap
mingw32-make  -f test\CMakeFiles\button.dir\build.make test/CMakeFiles/button.dir/depend
mingw32-make[2]: Entering directory 'C:/fltk/fltk/build'
C:\cmake\3.28.1\x86_64\bin\cmake.exe -E cmake_depends "MinGW Makefiles" C:\fltk\fltk C:\fltk\fltk\test C:\fltk\fltk\build
 C:\fltk\fltk\build\test C:\fltk\fltk\build\test\CMakeFiles\button.dir\DependInfo.cmake "--color="
mingw32-make[2]: Leaving directory 'C:/fltk/fltk/build'
mingw32-make  -f test\CMakeFiles\button.dir\build.make test/CMakeFiles/button.dir/build
mingw32-make[2]: Entering directory 'C:/fltk/fltk/build'
[ 46%] Building CXX object test/CMakeFiles/button.dir/button.cxx.obj
cd /d C:\fltk\fltk\build\test && C:\mingw32-8\bin\c++.exe -D_FILE_OFFSET_BITS=64 -D_LARGEFILE64_SOURCE -D_LARGEFILE_SOURC
E -Dbutton_EXPORTS @CMakeFiles/button.dir/includes_CXX.rsp -g -std=c++11 -MD -MT test/CMakeFiles/button.dir/button.cxx.ob
j -MF CMakeFiles\button.dir\button.cxx.obj.d -o CMakeFiles\button.dir\button.cxx.obj -c C:\fltk\fltk\test\button.cxx
[ 46%] Linking CXX executable ..\bin\test\browser.exe
cd /d C:\fltk\fltk\build\test && C:\cmake\3.28.1\x86_64\bin\cmake.exe -E cmake_link_script CMakeFiles\browser.dir\link.tx
t --verbose=on
C:\cmake\3.28.1\x86_64\bin\cmake.exe -E rm -f CMakeFiles\browser.dir/objects.a
C:\mingw32-8\bin\ar.exe qc CMakeFiles\browser.dir/objects.a @CMakeFiles\browser.dir\objects1.rsp
C:\mingw32-8\bin\c++.exe -g -mwindows -Wl,--whole-archive CMakeFiles\browser.dir/objects.a -Wl,--no-whole-archive -o ..\b
in\test\browser.exe -Wl,--out-implib,..\bin\test\libbrowser.dll.a -Wl,--major-image-version,0,--minor-image-version,0 @CM
akeFiles\browser.dir\linkLibs.rsp
mingw32-make[2]: Leaving directory 'C:/fltk/fltk/build'
[ 46%] Built target boxtype
mingw32-make  -f test\CMakeFiles\buttons.dir\build.make test/CMakeFiles/buttons.dir/depend
mingw32-make[2]: Entering directory 'C:/fltk/fltk/build'
C:\cmake\3.28.1\x86_64\bin\cmake.exe -E cmake_depends "MinGW Makefiles" C:\fltk\fltk C:\fltk\fltk\test C:\fltk\fltk\build
 C:\fltk\fltk\build\test C:\fltk\fltk\build\test\CMakeFiles\buttons.dir\DependInfo.cmake "--color="
[ 46%] Linking CXX executable ..\bin\test\button.exe
cd /d C:\fltk\fltk\build\test && C:\cmake\3.28.1\x86_64\bin\cmake.exe -E cmake_link_script CMakeFiles\button.dir\link.txt
 --verbose=on
mingw32-make[2]: Leaving directory 'C:/fltk/fltk/build'
mingw32-make  -f test\CMakeFiles\buttons.dir\build.make test/CMakeFiles/buttons.dir/build
mingw32-make[2]: Entering directory 'C:/fltk/fltk/build'
C:\cmake\3.28.1\x86_64\bin\cmake.exe -E rm -f CMakeFiles\button.dir/objects.a
[ 46%] Building CXX object test/CMakeFiles/buttons.dir/buttons.cxx.obj
cd /d C:\fltk\fltk\build\test && C:\mingw32-8\bin\c++.exe -D_FILE_OFFSET_BITS=64 -D_LARGEFILE64_SOURCE -D_LARGEFILE_SOURC
E -Dbuttons_EXPORTS @CMakeFiles/buttons.dir/includes_CXX.rsp -g -std=c++11 -MD -MT test/CMakeFiles/buttons.dir/buttons.cx
x.obj -MF CMakeFiles\buttons.dir\buttons.cxx.obj.d -o CMakeFiles\buttons.dir\buttons.cxx.obj -c C:\fltk\fltk\test\buttons
.cxx
C:\mingw32-8\bin\ar.exe qc CMakeFiles\button.dir/objects.a @CMakeFiles\button.dir\objects1.rsp
C:\mingw32-8\bin\c++.exe -g -mwindows -Wl,--whole-archive CMakeFiles\button.dir/objects.a -Wl,--no-whole-archive -o ..\bi
n\test\button.exe -Wl,--out-implib,..\bin\test\libbutton.dll.a -Wl,--major-image-version,0,--minor-image-version,0 @CMake
Files\button.dir\linkLibs.rsp
[ 46%] Linking CXX executable ..\bin\test\buttons.exe
cd /d C:\fltk\fltk\build\test && C:\cmake\3.28.1\x86_64\bin\cmake.exe -E cmake_link_script CMakeFiles\buttons.dir\link.tx
t --verbose=on
C:\cmake\3.28.1\x86_64\bin\cmake.exe -E rm -f CMakeFiles\buttons.dir/objects.a
C:\mingw32-8\bin\ar.exe qc CMakeFiles\buttons.dir/objects.a @CMakeFiles\buttons.dir\objects1.rsp
C:\mingw32-8\bin\c++.exe -g -mwindows -Wl,--whole-archive CMakeFiles\buttons.dir/objects.a -Wl,--no-whole-archive -o ..\b
in\test\buttons.exe -Wl,--out-implib,..\bin\test\libbuttons.dll.a -Wl,--major-image-version,0,--minor-image-version,0 @CM
akeFiles\buttons.dir\linkLibs.rsp
mingw32-make[2]: Leaving directory 'C:/fltk/fltk/build'
[ 46%] Built target browser
mingw32-make  -f test\CMakeFiles\cairo_test.dir\build.make test/CMakeFiles/cairo_test.dir/depend
mingw32-make[2]: Entering directory 'C:/fltk/fltk/build'
C:\cmake\3.28.1\x86_64\bin\cmake.exe -E cmake_depends "MinGW Makefiles" C:\fltk\fltk C:\fltk\fltk\test C:\fltk\fltk\build
 C:\fltk\fltk\build\test C:\fltk\fltk\build\test\CMakeFiles\cairo_test.dir\DependInfo.cmake "--color="
mingw32-make[2]: Leaving directory 'C:/fltk/fltk/build'
mingw32-make  -f test\CMakeFiles\cairo_test.dir\build.make test/CMakeFiles/cairo_test.dir/build
mingw32-make[2]: Entering directory 'C:/fltk/fltk/build'
[ 46%] Building CXX object test/CMakeFiles/cairo_test.dir/cairo_test.cxx.obj
cd /d C:\fltk\fltk\build\test && C:\mingw32-8\bin\c++.exe -D_FILE_OFFSET_BITS=64 -D_LARGEFILE64_SOURCE -D_LARGEFILE_SOURC
E -Dcairo_test_EXPORTS @CMakeFiles/cairo_test.dir/includes_CXX.rsp -g -std=c++11 -MD -MT test/CMakeFiles/cairo_test.dir/c
airo_test.cxx.obj -MF CMakeFiles\cairo_test.dir\cairo_test.cxx.obj.d -o CMakeFiles\cairo_test.dir\cairo_test.cxx.obj -c C
:\fltk\fltk\test\cairo_test.cxx
mingw32-make[2]: Leaving directory 'C:/fltk/fltk/build'
[ 46%] Built target button
mingw32-make  -f test\CMakeFiles\clipboard.dir\build.make test/CMakeFiles/clipboard.dir/depend
mingw32-make[2]: Entering directory 'C:/fltk/fltk/build'
C:\cmake\3.28.1\x86_64\bin\cmake.exe -E cmake_depends "MinGW Makefiles" C:\fltk\fltk C:\fltk\fltk\test C:\fltk\fltk\build
 C:\fltk\fltk\build\test C:\fltk\fltk\build\test\CMakeFiles\clipboard.dir\DependInfo.cmake "--color="
mingw32-make[2]: Leaving directory 'C:/fltk/fltk/build'
mingw32-make  -f test\CMakeFiles\clipboard.dir\build.make test/CMakeFiles/clipboard.dir/build
mingw32-make[2]: Entering directory 'C:/fltk/fltk/build'
[ 46%] Building CXX object test/CMakeFiles/clipboard.dir/clipboard.cxx.obj
cd /d C:\fltk\fltk\build\test && C:\mingw32-8\bin\c++.exe -D_FILE_OFFSET_BITS=64 -D_LARGEFILE64_SOURCE -D_LARGEFILE_SOURC
E -Dclipboard_EXPORTS @CMakeFiles/clipboard.dir/includes_CXX.rsp -g -std=c++11 -MD -MT test/CMakeFiles/clipboard.dir/clip
board.cxx.obj -MF CMakeFiles\clipboard.dir\clipboard.cxx.obj.d -o CMakeFiles\clipboard.dir\clipboard.cxx.obj -c C:\fltk\f
ltk\test\clipboard.cxx
[ 47%] Linking CXX executable ..\bin\test\cairo_test.exe
cd /d C:\fltk\fltk\build\test && C:\cmake\3.28.1\x86_64\bin\cmake.exe -E cmake_link_script CMakeFiles\cairo_test.dir\link
.txt --verbose=on
C:\cmake\3.28.1\x86_64\bin\cmake.exe -E rm -f CMakeFiles\cairo_test.dir/objects.a
C:\mingw32-8\bin\ar.exe qc CMakeFiles\cairo_test.dir/objects.a @CMakeFiles\cairo_test.dir\objects1.rsp
C:\mingw32-8\bin\c++.exe -g -mwindows -Wl,--whole-archive CMakeFiles\cairo_test.dir/objects.a -Wl,--no-whole-archive -o .
.\bin\test\cairo_test.exe -Wl,--out-implib,..\bin\test\libcairo_test.dll.a -Wl,--major-image-version,0,--minor-image-vers
ion,0 @CMakeFiles\cairo_test.dir\linkLibs.rsp
mingw32-make[2]: Leaving directory 'C:/fltk/fltk/build'
[ 47%] Built target buttons
mingw32-make  -f test\CMakeFiles\clock.dir\build.make test/CMakeFiles/clock.dir/depend
mingw32-make[2]: Entering directory 'C:/fltk/fltk/build'
C:\cmake\3.28.1\x86_64\bin\cmake.exe -E cmake_depends "MinGW Makefiles" C:\fltk\fltk C:\fltk\fltk\test C:\fltk\fltk\build
 C:\fltk\fltk\build\test C:\fltk\fltk\build\test\CMakeFiles\clock.dir\DependInfo.cmake "--color="
mingw32-make[2]: Leaving directory 'C:/fltk/fltk/build'
mingw32-make  -f test\CMakeFiles\clock.dir\build.make test/CMakeFiles/clock.dir/build
mingw32-make[2]: Entering directory 'C:/fltk/fltk/build'
[ 47%] Building CXX object test/CMakeFiles/clock.dir/clock.cxx.obj
cd /d C:\fltk\fltk\build\test && C:\mingw32-8\bin\c++.exe -D_FILE_OFFSET_BITS=64 -D_LARGEFILE64_SOURCE -D_LARGEFILE_SOURC
E -Dclock_EXPORTS @CMakeFiles/clock.dir/includes_CXX.rsp -g -std=c++11 -MD -MT test/CMakeFiles/clock.dir/clock.cxx.obj -M
F CMakeFiles\clock.dir\clock.cxx.obj.d -o CMakeFiles\clock.dir\clock.cxx.obj -c C:\fltk\fltk\test\clock.cxx
[ 47%] Linking CXX executable ..\bin\test\clipboard.exe
cd /d C:\fltk\fltk\build\test && C:\cmake\3.28.1\x86_64\bin\cmake.exe -E cmake_link_script CMakeFiles\clipboard.dir\link.
txt --verbose=on
C:\cmake\3.28.1\x86_64\bin\cmake.exe -E rm -f CMakeFiles\clipboard.dir/objects.a
C:\mingw32-8\bin\ar.exe qc CMakeFiles\clipboard.dir/objects.a @CMakeFiles\clipboard.dir\objects1.rsp
C:\mingw32-8\bin\c++.exe -g -mwindows -Wl,--whole-archive CMakeFiles\clipboard.dir/objects.a -Wl,--no-whole-archive -o ..
\bin\test\clipboard.exe -Wl,--out-implib,..\bin\test\libclipboard.dll.a -Wl,--major-image-version,0,--minor-image-version
,0 @CMakeFiles\clipboard.dir\linkLibs.rsp
[ 47%] Linking CXX executable ..\bin\test\clock.exe
cd /d C:\fltk\fltk\build\test && C:\cmake\3.28.1\x86_64\bin\cmake.exe -E cmake_link_script CMakeFiles\clock.dir\link.txt
--verbose=on
C:\cmake\3.28.1\x86_64\bin\cmake.exe -E rm -f CMakeFiles\clock.dir/objects.a
C:\mingw32-8\bin\ar.exe qc CMakeFiles\clock.dir/objects.a @CMakeFiles\clock.dir\objects1.rsp
C:\mingw32-8\bin\c++.exe -g -mwindows -Wl,--whole-archive CMakeFiles\clock.dir/objects.a -Wl,--no-whole-archive -o ..\bin
\test\clock.exe -Wl,--out-implib,..\bin\test\libclock.dll.a -Wl,--major-image-version,0,--minor-image-version,0 @CMakeFil
es\clock.dir\linkLibs.rsp
mingw32-make[2]: Leaving directory 'C:/fltk/fltk/build'
[ 47%] Built target cairo_test
mingw32-make  -f test\CMakeFiles\colbrowser.dir\build.make test/CMakeFiles/colbrowser.dir/depend
mingw32-make[2]: Entering directory 'C:/fltk/fltk/build'
C:\cmake\3.28.1\x86_64\bin\cmake.exe -E cmake_depends "MinGW Makefiles" C:\fltk\fltk C:\fltk\fltk\test C:\fltk\fltk\build
 C:\fltk\fltk\build\test C:\fltk\fltk\build\test\CMakeFiles\colbrowser.dir\DependInfo.cmake "--color="
mingw32-make[2]: Leaving directory 'C:/fltk/fltk/build'
mingw32-make  -f test\CMakeFiles\colbrowser.dir\build.make test/CMakeFiles/colbrowser.dir/build
mingw32-make[2]: Entering directory 'C:/fltk/fltk/build'
[ 47%] Building CXX object test/CMakeFiles/colbrowser.dir/colbrowser.cxx.obj
cd /d C:\fltk\fltk\build\test && C:\mingw32-8\bin\c++.exe -D_FILE_OFFSET_BITS=64 -D_LARGEFILE64_SOURCE -D_LARGEFILE_SOURC
E -Dcolbrowser_EXPORTS @CMakeFiles/colbrowser.dir/includes_CXX.rsp -g -std=c++11 -MD -MT test/CMakeFiles/colbrowser.dir/c
olbrowser.cxx.obj -MF CMakeFiles\colbrowser.dir\colbrowser.cxx.obj.d -o CMakeFiles\colbrowser.dir\colbrowser.cxx.obj -c C
:\fltk\fltk\test\colbrowser.cxx
[ 47%] Linking CXX executable ..\bin\test\colbrowser.exe
cd /d C:\fltk\fltk\build\test && C:\cmake\3.28.1\x86_64\bin\cmake.exe -E cmake_link_script CMakeFiles\colbrowser.dir\link
.txt --verbose=on
C:\cmake\3.28.1\x86_64\bin\cmake.exe -E rm -f CMakeFiles\colbrowser.dir/objects.a
C:\mingw32-8\bin\ar.exe qc CMakeFiles\colbrowser.dir/objects.a @CMakeFiles\colbrowser.dir\objects1.rsp
C:\mingw32-8\bin\c++.exe -g -mwindows -Wl,--whole-archive CMakeFiles\colbrowser.dir/objects.a -Wl,--no-whole-archive -o .
.\bin\test\colbrowser.exe -Wl,--out-implib,..\bin\test\libcolbrowser.dll.a -Wl,--major-image-version,0,--minor-image-vers
ion,0 @CMakeFiles\colbrowser.dir\linkLibs.rsp
mingw32-make[2]: Leaving directory 'C:/fltk/fltk/build'
[ 47%] Built target clipboard
mingw32-make  -f test\CMakeFiles\color_chooser.dir\build.make test/CMakeFiles/color_chooser.dir/depend
mingw32-make[2]: Entering directory 'C:/fltk/fltk/build'
C:\cmake\3.28.1\x86_64\bin\cmake.exe -E cmake_depends "MinGW Makefiles" C:\fltk\fltk C:\fltk\fltk\test C:\fltk\fltk\build
 C:\fltk\fltk\build\test C:\fltk\fltk\build\test\CMakeFiles\color_chooser.dir\DependInfo.cmake "--color="
mingw32-make[2]: Leaving directory 'C:/fltk/fltk/build'
mingw32-make  -f test\CMakeFiles\color_chooser.dir\build.make test/CMakeFiles/color_chooser.dir/build
mingw32-make[2]: Entering directory 'C:/fltk/fltk/build'
mingw32-make[2]: Leaving directory 'C:/fltk/fltk/build'
[ 47%] Building CXX object test/CMakeFiles/color_chooser.dir/color_chooser.cxx.obj
[ 47%] Built target clock
cd /d C:\fltk\fltk\build\test && C:\mingw32-8\bin\c++.exe -D_FILE_OFFSET_BITS=64 -D_LARGEFILE64_SOURCE -D_LARGEFILE_SOURC
E -Dcolor_chooser_EXPORTS @CMakeFiles/color_chooser.dir/includes_CXX.rsp -g -std=c++11 -MD -MT test/CMakeFiles/color_choo
ser.dir/color_chooser.cxx.obj -MF CMakeFiles\color_chooser.dir\color_chooser.cxx.obj.d -o CMakeFiles\color_chooser.dir\co
lor_chooser.cxx.obj -c C:\fltk\fltk\test\color_chooser.cxx
mingw32-make  -f test\CMakeFiles\contrast.dir\build.make test/CMakeFiles/contrast.dir/depend
mingw32-make[2]: Entering directory 'C:/fltk/fltk/build'
C:\cmake\3.28.1\x86_64\bin\cmake.exe -E cmake_depends "MinGW Makefiles" C:\fltk\fltk C:\fltk\fltk\test C:\fltk\fltk\build
 C:\fltk\fltk\build\test C:\fltk\fltk\build\test\CMakeFiles\contrast.dir\DependInfo.cmake "--color="
mingw32-make[2]: Leaving directory 'C:/fltk/fltk/build'
mingw32-make  -f test\CMakeFiles\contrast.dir\build.make test/CMakeFiles/contrast.dir/build
mingw32-make[2]: Entering directory 'C:/fltk/fltk/build'
[ 47%] Building CXX object test/CMakeFiles/contrast.dir/contrast.cxx.obj
cd /d C:\fltk\fltk\build\test && C:\mingw32-8\bin\c++.exe -D_FILE_OFFSET_BITS=64 -D_LARGEFILE64_SOURCE -D_LARGEFILE_SOURC
E -Dcontrast_EXPORTS @CMakeFiles/contrast.dir/includes_CXX.rsp -g -std=c++11 -MD -MT test/CMakeFiles/contrast.dir/contras
t.cxx.obj -MF CMakeFiles\contrast.dir\contrast.cxx.obj.d -o CMakeFiles\contrast.dir\contrast.cxx.obj -c C:\fltk\fltk\test
\contrast.cxx
[ 48%] Linking CXX executable ..\bin\test\contrast.exe
cd /d C:\fltk\fltk\build\test && C:\cmake\3.28.1\x86_64\bin\cmake.exe -E cmake_link_script CMakeFiles\contrast.dir\link.t
xt --verbose=on
mingw32-make[2]: Leaving directory 'C:/fltk/fltk/build'
[ 48%] Built target colbrowser
mingw32-make  -f test\CMakeFiles\coordinates.dir\build.make test/CMakeFiles/coordinates.dir/depend
C:\cmake\3.28.1\x86_64\bin\cmake.exe -E rm -f CMakeFiles\contrast.dir/objects.a
mingw32-make[2]: Entering directory 'C:/fltk/fltk/build'
C:\cmake\3.28.1\x86_64\bin\cmake.exe -E cmake_depends "MinGW Makefiles" C:\fltk\fltk C:\fltk\fltk\test C:\fltk\fltk\build
 C:\fltk\fltk\build\test C:\fltk\fltk\build\test\CMakeFiles\coordinates.dir\DependInfo.cmake "--color="
C:\mingw32-8\bin\ar.exe qc CMakeFiles\contrast.dir/objects.a @CMakeFiles\contrast.dir\objects1.rsp
mingw32-make[2]: Leaving directory 'C:/fltk/fltk/build'
mingw32-make  -f test\CMakeFiles\coordinates.dir\build.make test/CMakeFiles/coordinates.dir/build
C:\mingw32-8\bin\c++.exe -g -mwindows -Wl,--whole-archive CMakeFiles\contrast.dir/objects.a -Wl,--no-whole-archive -o ..\
bin\test\contrast.exe -Wl,--out-implib,..\bin\test\libcontrast.dll.a -Wl,--major-image-version,0,--minor-image-version,0
@CMakeFiles\contrast.dir\linkLibs.rsp
mingw32-make[2]: Entering directory 'C:/fltk/fltk/build'
[ 48%] Building CXX object test/CMakeFiles/coordinates.dir/coordinates.cxx.obj
cd /d C:\fltk\fltk\build\test && C:\mingw32-8\bin\c++.exe -D_FILE_OFFSET_BITS=64 -D_LARGEFILE64_SOURCE -D_LARGEFILE_SOURC
E -Dcoordinates_EXPORTS @CMakeFiles/coordinates.dir/includes_CXX.rsp -g -std=c++11 -MD -MT test/CMakeFiles/coordinates.di
r/coordinates.cxx.obj -MF CMakeFiles\coordinates.dir\coordinates.cxx.obj.d -o CMakeFiles\coordinates.dir\coordinates.cxx.
obj -c C:\fltk\fltk\test\coordinates.cxx
[ 48%] Linking CXX executable ..\bin\test\coordinates.exe
cd /d C:\fltk\fltk\build\test && C:\cmake\3.28.1\x86_64\bin\cmake.exe -E cmake_link_script CMakeFiles\coordinates.dir\lin
k.txt --verbose=on
C:\cmake\3.28.1\x86_64\bin\cmake.exe -E rm -f CMakeFiles\coordinates.dir/objects.a
C:\mingw32-8\bin\ar.exe qc CMakeFiles\coordinates.dir/objects.a @CMakeFiles\coordinates.dir\objects1.rsp
C:\mingw32-8\bin\c++.exe -g -mwindows -Wl,--whole-archive CMakeFiles\coordinates.dir/objects.a -Wl,--no-whole-archive -o
..\bin\test\coordinates.exe -Wl,--out-implib,..\bin\test\libcoordinates.dll.a -Wl,--major-image-version,0,--minor-image-v
ersion,0 @CMakeFiles\coordinates.dir\linkLibs.rsp
[ 48%] Linking CXX executable ..\bin\test\color_chooser.exe
cd /d C:\fltk\fltk\build\test && C:\cmake\3.28.1\x86_64\bin\cmake.exe -E cmake_link_script CMakeFiles\color_chooser.dir\l
ink.txt --verbose=on
C:\cmake\3.28.1\x86_64\bin\cmake.exe -E rm -f CMakeFiles\color_chooser.dir/objects.a
C:\mingw32-8\bin\ar.exe qc CMakeFiles\color_chooser.dir/objects.a @CMakeFiles\color_chooser.dir\objects1.rsp
C:\mingw32-8\bin\c++.exe -g -mwindows -Wl,--whole-archive CMakeFiles\color_chooser.dir/objects.a -Wl,--no-whole-archive -
o ..\bin\test\color_chooser.exe -Wl,--out-implib,..\bin\test\libcolor_chooser.dll.a -Wl,--major-image-version,0,--minor-i
mage-version,0 @CMakeFiles\color_chooser.dir\linkLibs.rsp
mingw32-make[2]: Leaving directory 'C:/fltk/fltk/build'
[ 48%] Built target contrast
mingw32-make  -f test\CMakeFiles\cursor.dir\build.make test/CMakeFiles/cursor.dir/depend
mingw32-make[2]: Entering directory 'C:/fltk/fltk/build'
C:\cmake\3.28.1\x86_64\bin\cmake.exe -E cmake_depends "MinGW Makefiles" C:\fltk\fltk C:\fltk\fltk\test C:\fltk\fltk\build
 C:\fltk\fltk\build\test C:\fltk\fltk\build\test\CMakeFiles\cursor.dir\DependInfo.cmake "--color="
mingw32-make[2]: Leaving directory 'C:/fltk/fltk/build'
mingw32-make  -f test\CMakeFiles\cursor.dir\build.make test/CMakeFiles/cursor.dir/build
mingw32-make[2]: Entering directory 'C:/fltk/fltk/build'
[ 48%] Building CXX object test/CMakeFiles/cursor.dir/cursor.cxx.obj
cd /d C:\fltk\fltk\build\test && C:\mingw32-8\bin\c++.exe -D_FILE_OFFSET_BITS=64 -D_LARGEFILE64_SOURCE -D_LARGEFILE_SOURC
E -Dcursor_EXPORTS @CMakeFiles/cursor.dir/includes_CXX.rsp -g -std=c++11 -MD -MT test/CMakeFiles/cursor.dir/cursor.cxx.ob
j -MF CMakeFiles\cursor.dir\cursor.cxx.obj.d -o CMakeFiles\cursor.dir\cursor.cxx.obj -c C:\fltk\fltk\test\cursor.cxx
mingw32-make[2]: Leaving directory 'C:/fltk/fltk/build'
[ 48%] Built target coordinates
mingw32-make  -f test\CMakeFiles\curve.dir\build.make test/CMakeFiles/curve.dir/depend
mingw32-make[2]: Entering directory 'C:/fltk/fltk/build'
C:\cmake\3.28.1\x86_64\bin\cmake.exe -E cmake_depends "MinGW Makefiles" C:\fltk\fltk C:\fltk\fltk\test C:\fltk\fltk\build
 C:\fltk\fltk\build\test C:\fltk\fltk\build\test\CMakeFiles\curve.dir\DependInfo.cmake "--color="
mingw32-make[2]: Leaving directory 'C:/fltk/fltk/build'
mingw32-make  -f test\CMakeFiles\curve.dir\build.make test/CMakeFiles/curve.dir/build
mingw32-make[2]: Entering directory 'C:/fltk/fltk/build'
[ 48%] Building CXX object test/CMakeFiles/curve.dir/curve.cxx.obj
cd /d C:\fltk\fltk\build\test && C:\mingw32-8\bin\c++.exe -D_FILE_OFFSET_BITS=64 -D_LARGEFILE64_SOURCE -D_LARGEFILE_SOURC
E -Dcurve_EXPORTS @CMakeFiles/curve.dir/includes_CXX.rsp -g -std=c++11 -MD -MT test/CMakeFiles/curve.dir/curve.cxx.obj -M
F CMakeFiles\curve.dir\curve.cxx.obj.d -o CMakeFiles\curve.dir\curve.cxx.obj -c C:\fltk\fltk\test\curve.cxx
[ 48%] Linking CXX executable ..\bin\test\cursor.exe
cd /d C:\fltk\fltk\build\test && C:\cmake\3.28.1\x86_64\bin\cmake.exe -E cmake_link_script CMakeFiles\cursor.dir\link.txt
 --verbose=on
C:\cmake\3.28.1\x86_64\bin\cmake.exe -E rm -f CMakeFiles\cursor.dir/objects.a
C:\mingw32-8\bin\ar.exe qc CMakeFiles\cursor.dir/objects.a @CMakeFiles\cursor.dir\objects1.rsp
C:\mingw32-8\bin\c++.exe -g -mwindows -Wl,--whole-archive CMakeFiles\cursor.dir/objects.a -Wl,--no-whole-archive -o ..\bi
n\test\cursor.exe -Wl,--out-implib,..\bin\test\libcursor.dll.a -Wl,--major-image-version,0,--minor-image-version,0 @CMake
Files\cursor.dir\linkLibs.rsp
mingw32-make[2]: Leaving directory 'C:/fltk/fltk/build'
[ 48%] Built target color_chooser
mingw32-make  -f test\CMakeFiles\demo.dir\build.make test/CMakeFiles/demo.dir/depend
mingw32-make[2]: Entering directory 'C:/fltk/fltk/build'
C:\cmake\3.28.1\x86_64\bin\cmake.exe -E cmake_depends "MinGW Makefiles" C:\fltk\fltk C:\fltk\fltk\test C:\fltk\fltk\build
 C:\fltk\fltk\build\test C:\fltk\fltk\build\test\CMakeFiles\demo.dir\DependInfo.cmake "--color="
mingw32-make[2]: Leaving directory 'C:/fltk/fltk/build'
mingw32-make  -f test\CMakeFiles\demo.dir\build.make test/CMakeFiles/demo.dir/build
mingw32-make[2]: Entering directory 'C:/fltk/fltk/build'
[ 49%] Building CXX object test/CMakeFiles/demo.dir/demo.cxx.obj
cd /d C:\fltk\fltk\build\test && C:\mingw32-8\bin\c++.exe -D_FILE_OFFSET_BITS=64 -D_LARGEFILE64_SOURCE -D_LARGEFILE_SOURC
E -Ddemo_EXPORTS @CMakeFiles/demo.dir/includes_CXX.rsp -g -std=c++11 -MD -MT test/CMakeFiles/demo.dir/demo.cxx.obj -MF CM
akeFiles\demo.dir\demo.cxx.obj.d -o CMakeFiles\demo.dir\demo.cxx.obj -c C:\fltk\fltk\test\demo.cxx
[ 49%] Linking CXX executable ..\bin\test\curve.exe
cd /d C:\fltk\fltk\build\test && C:\cmake\3.28.1\x86_64\bin\cmake.exe -E cmake_link_script CMakeFiles\curve.dir\link.txt
--verbose=on
C:\cmake\3.28.1\x86_64\bin\cmake.exe -E rm -f CMakeFiles\curve.dir/objects.a
C:\mingw32-8\bin\ar.exe qc CMakeFiles\curve.dir/objects.a @CMakeFiles\curve.dir\objects1.rsp
C:\mingw32-8\bin\c++.exe -g -mwindows -Wl,--whole-archive CMakeFiles\curve.dir/objects.a -Wl,--no-whole-archive -o ..\bin
\test\curve.exe -Wl,--out-implib,..\bin\test\libcurve.dll.a -Wl,--major-image-version,0,--minor-image-version,0 @CMakeFil
es\curve.dir\linkLibs.rsp
mingw32-make[2]: Leaving directory 'C:/fltk/fltk/build'
[ 49%] Built target cursor
mingw32-make  -f test\CMakeFiles\device.dir\build.make test/CMakeFiles/device.dir/depend
mingw32-make[2]: Entering directory 'C:/fltk/fltk/build'
C:\cmake\3.28.1\x86_64\bin\cmake.exe -E cmake_depends "MinGW Makefiles" C:\fltk\fltk C:\fltk\fltk\test C:\fltk\fltk\build
 C:\fltk\fltk\build\test C:\fltk\fltk\build\test\CMakeFiles\device.dir\DependInfo.cmake "--color="
mingw32-make[2]: Leaving directory 'C:/fltk/fltk/build'
mingw32-make  -f test\CMakeFiles\device.dir\build.make test/CMakeFiles/device.dir/build
mingw32-make[2]: Entering directory 'C:/fltk/fltk/build'
[ 49%] Building CXX object test/CMakeFiles/device.dir/device.cxx.obj
cd /d C:\fltk\fltk\build\test && C:\mingw32-8\bin\c++.exe -D_FILE_OFFSET_BITS=64 -D_LARGEFILE64_SOURCE -D_LARGEFILE_SOURC
E -Ddevice_EXPORTS @CMakeFiles/device.dir/includes_CXX.rsp -g -std=c++11 -MD -MT test/CMakeFiles/device.dir/device.cxx.ob
j -MF CMakeFiles\device.dir\device.cxx.obj.d -o CMakeFiles\device.dir\device.cxx.obj -c C:\fltk\fltk\test\device.cxx
mingw32-make[2]: Leaving directory 'C:/fltk/fltk/build'
[ 49%] Built target curve
mingw32-make  -f test\CMakeFiles\doublebuffer.dir\build.make test/CMakeFiles/doublebuffer.dir/depend
mingw32-make[2]: Entering directory 'C:/fltk/fltk/build'
C:\cmake\3.28.1\x86_64\bin\cmake.exe -E cmake_depends "MinGW Makefiles" C:\fltk\fltk C:\fltk\fltk\test C:\fltk\fltk\build
 C:\fltk\fltk\build\test C:\fltk\fltk\build\test\CMakeFiles\doublebuffer.dir\DependInfo.cmake "--color="
mingw32-make[2]: Leaving directory 'C:/fltk/fltk/build'
mingw32-make  -f test\CMakeFiles\doublebuffer.dir\build.make test/CMakeFiles/doublebuffer.dir/build
mingw32-make[2]: Entering directory 'C:/fltk/fltk/build'
[ 49%] Building CXX object test/CMakeFiles/doublebuffer.dir/doublebuffer.cxx.obj
cd /d C:\fltk\fltk\build\test && C:\mingw32-8\bin\c++.exe -D_FILE_OFFSET_BITS=64 -D_LARGEFILE64_SOURCE -D_LARGEFILE_SOURC
E -Ddoublebuffer_EXPORTS @CMakeFiles/doublebuffer.dir/includes_CXX.rsp -g -std=c++11 -MD -MT test/CMakeFiles/doublebuffer
.dir/doublebuffer.cxx.obj -MF CMakeFiles\doublebuffer.dir\doublebuffer.cxx.obj.d -o CMakeFiles\doublebuffer.dir\doublebuf
fer.cxx.obj -c C:\fltk\fltk\test\doublebuffer.cxx
[ 49%] Linking CXX executable ..\bin\test\demo.exe
cd /d C:\fltk\fltk\build\test && C:\cmake\3.28.1\x86_64\bin\cmake.exe -E cmake_link_script CMakeFiles\demo.dir\link.txt -
-verbose=on
C:\cmake\3.28.1\x86_64\bin\cmake.exe -E rm -f CMakeFiles\demo.dir/objects.a
C:\mingw32-8\bin\ar.exe qc CMakeFiles\demo.dir/objects.a @CMakeFiles\demo.dir\objects1.rsp
C:\mingw32-8\bin\c++.exe -g -mwindows -Wl,--whole-archive CMakeFiles\demo.dir/objects.a -Wl,--no-whole-archive -o ..\bin\
test\demo.exe -Wl,--out-implib,..\bin\test\libdemo.dll.a -Wl,--major-image-version,0,--minor-image-version,0 @CMakeFiles\
demo.dir\linkLibs.rsp
[ 49%] Linking CXX executable ..\bin\test\device.exe
cd /d C:\fltk\fltk\build\test && C:\cmake\3.28.1\x86_64\bin\cmake.exe -E cmake_link_script CMakeFiles\device.dir\link.txt
 --verbose=on
C:\cmake\3.28.1\x86_64\bin\cmake.exe -E rm -f CMakeFiles\device.dir/objects.a
[ 49%] C:\mingw32-8\bin\ar.exe qc CMakeFiles\device.dir/objects.a @CMakeFiles\device.dir\objects1.rsp
Linking CXX executable ..\bin\test\doublebuffer.exe
cd /d C:\fltk\fltk\build\test && C:\cmake\3.28.1\x86_64\bin\cmake.exe -E cmake_link_script CMakeFiles\doublebuffer.dir\li
nk.txt --verbose=on
C:\mingw32-8\bin\c++.exe -g -mwindows -Wl,--whole-archive CMakeFiles\device.dir/objects.a -Wl,--no-whole-archive -o ..\bi
n\test\device.exe -Wl,--out-implib,..\bin\test\libdevice.dll.a -Wl,--major-image-version,0,--minor-image-version,0 @CMake
Files\device.dir\linkLibs.rsp
C:\cmake\3.28.1\x86_64\bin\cmake.exe -E rm -f CMakeFiles\doublebuffer.dir/objects.a
C:\mingw32-8\bin\ar.exe qc CMakeFiles\doublebuffer.dir/objects.a @CMakeFiles\doublebuffer.dir\objects1.rsp
C:\mingw32-8\bin\c++.exe -g -mwindows -Wl,--whole-archive CMakeFiles\doublebuffer.dir/objects.a -Wl,--no-whole-archive -o
 ..\bin\test\doublebuffer.exe -Wl,--out-implib,..\bin\test\libdoublebuffer.dll.a -Wl,--major-image-version,0,--minor-imag
e-version,0 @CMakeFiles\doublebuffer.dir\linkLibs.rsp
mingw32-make[2]: Leaving directory 'C:/fltk/fltk/build'
[ 49%] Built target demo
mingw32-make  -f test\CMakeFiles\editor.dir\build.make test/CMakeFiles/editor.dir/depend
mingw32-make[2]: Entering directory 'C:/fltk/fltk/build'
C:\cmake\3.28.1\x86_64\bin\cmake.exe -E cmake_depends "MinGW Makefiles" C:\fltk\fltk C:\fltk\fltk\test C:\fltk\fltk\build
 C:\fltk\fltk\build\test C:\fltk\fltk\build\test\CMakeFiles\editor.dir\DependInfo.cmake "--color="
mingw32-make[2]: Leaving directory 'C:/fltk/fltk/build'
mingw32-make  -f test\CMakeFiles\editor.dir\build.make test/CMakeFiles/editor.dir/build
mingw32-make[2]: Entering directory 'C:/fltk/fltk/build'
[ 49%] Building CXX object test/CMakeFiles/editor.dir/editor.cxx.obj
cd /d C:\fltk\fltk\build\test && C:\mingw32-8\bin\c++.exe -D_FILE_OFFSET_BITS=64 -D_LARGEFILE64_SOURCE -D_LARGEFILE_SOURC
E -Deditor_EXPORTS @CMakeFiles/editor.dir/includes_CXX.rsp -g -std=c++11 -MD -MT test/CMakeFiles/editor.dir/editor.cxx.ob
j -MF CMakeFiles\editor.dir\editor.cxx.obj.d -o CMakeFiles\editor.dir\editor.cxx.obj -c C:\fltk\fltk\test\editor.cxx
mingw32-make[2]: Leaving directory 'C:/fltk/fltk/build'
[ 49%] Built target doublebuffer
mingw32-make  -f test\CMakeFiles\file_chooser.dir\build.make test/CMakeFiles/file_chooser.dir/depend
mingw32-make[2]: Entering directory 'C:/fltk/fltk/build'
C:\cmake\3.28.1\x86_64\bin\cmake.exe -E cmake_depends "MinGW Makefiles" C:\fltk\fltk C:\fltk\fltk\test C:\fltk\fltk\build
 C:\fltk\fltk\build\test C:\fltk\fltk\build\test\CMakeFiles\file_chooser.dir\DependInfo.cmake "--color="
mingw32-make[2]: Leaving directory 'C:/fltk/fltk/build'
mingw32-make  -f test\CMakeFiles\file_chooser.dir\build.make test/CMakeFiles/file_chooser.dir/build
mingw32-make[2]: Entering directory 'C:/fltk/fltk/build'
[ 50%] Building CXX object test/CMakeFiles/file_chooser.dir/file_chooser.cxx.obj
cd /d C:\fltk\fltk\build\test && C:\mingw32-8\bin\c++.exe -D_FILE_OFFSET_BITS=64 -D_LARGEFILE64_SOURCE -D_LARGEFILE_SOURC
E -Dfile_chooser_EXPORTS @CMakeFiles/file_chooser.dir/includes_CXX.rsp -g -std=c++11 -MD -MT test/CMakeFiles/file_chooser
.dir/file_chooser.cxx.obj -MF CMakeFiles\file_chooser.dir\file_chooser.cxx.obj.d -o CMakeFiles\file_chooser.dir\file_choo
ser.cxx.obj -c C:\fltk\fltk\test\file_chooser.cxx
mingw32-make[2]: Leaving directory 'C:/fltk/fltk/build'
[ 50%] Built target device
mingw32-make  -f test\CMakeFiles\flex_demo.dir\build.make test/CMakeFiles/flex_demo.dir/depend
mingw32-make[2]: Entering directory 'C:/fltk/fltk/build'
C:\cmake\3.28.1\x86_64\bin\cmake.exe -E cmake_depends "MinGW Makefiles" C:\fltk\fltk C:\fltk\fltk\test C:\fltk\fltk\build
 C:\fltk\fltk\build\test C:\fltk\fltk\build\test\CMakeFiles\flex_demo.dir\DependInfo.cmake "--color="
mingw32-make[2]: Leaving directory 'C:/fltk/fltk/build'
mingw32-make  -f test\CMakeFiles\flex_demo.dir\build.make test/CMakeFiles/flex_demo.dir/build
mingw32-make[2]: Entering directory 'C:/fltk/fltk/build'
[ 50%] Building CXX object test/CMakeFiles/flex_demo.dir/flex_demo.cxx.obj
cd /d C:\fltk\fltk\build\test && C:\mingw32-8\bin\c++.exe -D_FILE_OFFSET_BITS=64 -D_LARGEFILE64_SOURCE -D_LARGEFILE_SOURC
E -Dflex_demo_EXPORTS @CMakeFiles/flex_demo.dir/includes_CXX.rsp -g -std=c++11 -MD -MT test/CMakeFiles/flex_demo.dir/flex
_demo.cxx.obj -MF CMakeFiles\flex_demo.dir\flex_demo.cxx.obj.d -o CMakeFiles\flex_demo.dir\flex_demo.cxx.obj -c C:\fltk\f
ltk\test\flex_demo.cxx
[ 50%] Linking CXX executable ..\bin\test\flex_demo.exe
cd /d C:\fltk\fltk\build\test && C:\cmake\3.28.1\x86_64\bin\cmake.exe -E cmake_link_script CMakeFiles\flex_demo.dir\link.
txt --verbose=on
C:\cmake\3.28.1\x86_64\bin\cmake.exe -E rm -f CMakeFiles\flex_demo.dir/objects.a
C:\mingw32-8\bin\ar.exe qc CMakeFiles\flex_demo.dir/objects.a @CMakeFiles\flex_demo.dir\objects1.rsp
C:\mingw32-8\bin\c++.exe -g -mwindows -Wl,--whole-archive CMakeFiles\flex_demo.dir/objects.a -Wl,--no-whole-archive -o ..
\bin\test\flex_demo.exe -Wl,--out-implib,..\bin\test\libflex_demo.dll.a -Wl,--major-image-version,0,--minor-image-version
,0 @CMakeFiles\flex_demo.dir\linkLibs.rsp
[ 50%] Linking CXX executable ..\bin\test\file_chooser.exe
cd /d C:\fltk\fltk\build\test && C:\cmake\3.28.1\x86_64\bin\cmake.exe -E cmake_link_script CMakeFiles\file_chooser.dir\li
nk.txt --verbose=on
C:\cmake\3.28.1\x86_64\bin\cmake.exe -E rm -f CMakeFiles\file_chooser.dir/objects.a
C:\mingw32-8\bin\ar.exe qc CMakeFiles\file_chooser.dir/objects.a @CMakeFiles\file_chooser.dir\objects1.rsp
C:\mingw32-8\bin\c++.exe -g -mwindows -Wl,--whole-archive CMakeFiles\file_chooser.dir/objects.a -Wl,--no-whole-archive -o
 ..\bin\test\file_chooser.exe -Wl,--out-implib,..\bin\test\libfile_chooser.dll.a -Wl,--major-image-version,0,--minor-imag
e-version,0 @CMakeFiles\file_chooser.dir\linkLibs.rsp
[ 50%] Linking CXX executable ..\bin\test\editor.exe
cd /d C:\fltk\fltk\build\test && C:\cmake\3.28.1\x86_64\bin\cmake.exe -E cmake_link_script CMakeFiles\editor.dir\link.txt
 --verbose=on
C:\cmake\3.28.1\x86_64\bin\cmake.exe -E rm -f CMakeFiles\editor.dir/objects.a
C:\mingw32-8\bin\ar.exe qc CMakeFiles\editor.dir/objects.a @CMakeFiles\editor.dir\objects1.rsp
C:\mingw32-8\bin\c++.exe -g -mwindows -Wl,--whole-archive CMakeFiles\editor.dir/objects.a -Wl,--no-whole-archive -o ..\bi
n\test\editor.exe -Wl,--out-implib,..\bin\test\libeditor.dll.a -Wl,--major-image-version,0,--minor-image-version,0 @CMake
Files\editor.dir\linkLibs.rsp
mingw32-make[2]: Leaving directory 'C:/fltk/fltk/build'
[ 50%] Built target flex_demo
mingw32-make  -f test\CMakeFiles\flex_login.dir\build.make test/CMakeFiles/flex_login.dir/depend
mingw32-make[2]: Entering directory 'C:/fltk/fltk/build'
C:\cmake\3.28.1\x86_64\bin\cmake.exe -E cmake_depends "MinGW Makefiles" C:\fltk\fltk C:\fltk\fltk\test C:\fltk\fltk\build
 C:\fltk\fltk\build\test C:\fltk\fltk\build\test\CMakeFiles\flex_login.dir\DependInfo.cmake "--color="
mingw32-make[2]: Leaving directory 'C:/fltk/fltk/build'
mingw32-make  -f test\CMakeFiles\flex_login.dir\build.make test/CMakeFiles/flex_login.dir/build
mingw32-make[2]: Entering directory 'C:/fltk/fltk/build'
[ 50%] Building CXX object test/CMakeFiles/flex_login.dir/flex_login.cxx.obj
cd /d C:\fltk\fltk\build\test && C:\mingw32-8\bin\c++.exe -D_FILE_OFFSET_BITS=64 -D_LARGEFILE64_SOURCE -D_LARGEFILE_SOURC
E -Dflex_login_EXPORTS @CMakeFiles/flex_login.dir/includes_CXX.rsp -g -std=c++11 -MD -MT test/CMakeFiles/flex_login.dir/f
lex_login.cxx.obj -MF CMakeFiles\flex_login.dir\flex_login.cxx.obj.d -o CMakeFiles\flex_login.dir\flex_login.cxx.obj -c C
:\fltk\fltk\test\flex_login.cxx
mingw32-make[2]: Leaving directory 'C:/fltk/fltk/build'
[ 50%] Built target file_chooser
mingw32-make  -f test\CMakeFiles\fltk-versions.dir\build.make test/CMakeFiles/fltk-versions.dir/depend
[ 50%] Linking CXX executable ..\bin\test\flex_login.exe
cd /d C:\fltk\fltk\build\test && C:\cmake\3.28.1\x86_64\bin\cmake.exe -E cmake_link_script CMakeFiles\flex_login.dir\link
.txt --verbose=on
mingw32-make[2]: Entering directory 'C:/fltk/fltk/build'
C:\cmake\3.28.1\x86_64\bin\cmake.exe -E cmake_depends "MinGW Makefiles" C:\fltk\fltk C:\fltk\fltk\test C:\fltk\fltk\build
 C:\fltk\fltk\build\test C:\fltk\fltk\build\test\CMakeFiles\fltk-versions.dir\DependInfo.cmake "--color="
mingw32-make[2]: Leaving directory 'C:/fltk/fltk/build'
mingw32-make  -f test\CMakeFiles\fltk-versions.dir\build.make test/CMakeFiles/fltk-versions.dir/build
C:\cmake\3.28.1\x86_64\bin\cmake.exe -E rm -f CMakeFiles\flex_login.dir/objects.a
mingw32-make[2]: Entering directory 'C:/fltk/fltk/build'
C:\mingw32-8\bin\ar.exe qc CMakeFiles\flex_login.dir/objects.a @CMakeFiles\flex_login.dir\objects1.rsp
[ 50%] Building CXX object test/CMakeFiles/fltk-versions.dir/fltk-versions.cxx.obj
cd /d C:\fltk\fltk\build\test && C:\mingw32-8\bin\c++.exe -D_FILE_OFFSET_BITS=64 -D_LARGEFILE64_SOURCE -D_LARGEFILE_SOURC
E -Dfltk_versions_EXPORTS @CMakeFiles/fltk-versions.dir/includes_CXX.rsp -g -std=c++11 -MD -MT test/CMakeFiles/fltk-versi
ons.dir/fltk-versions.cxx.obj -MF CMakeFiles\fltk-versions.dir\fltk-versions.cxx.obj.d -o CMakeFiles\fltk-versions.dir\fl
tk-versions.cxx.obj -c C:\fltk\fltk\test\fltk-versions.cxx
C:\mingw32-8\bin\c++.exe -g -mwindows -Wl,--whole-archive CMakeFiles\flex_login.dir/objects.a -Wl,--no-whole-archive -o .
.\bin\test\flex_login.exe -Wl,--out-implib,..\bin\test\libflex_login.dll.a -Wl,--major-image-version,0,--minor-image-vers
ion,0 @CMakeFiles\flex_login.dir\linkLibs.rsp
mingw32-make[2]: Leaving directory 'C:/fltk/fltk/build'
[ 50%] Built target editor
mingw32-make  -f test\CMakeFiles\fonts.dir\build.make test/CMakeFiles/fonts.dir/depend
mingw32-make[2]: Entering directory 'C:/fltk/fltk/build'
C:\cmake\3.28.1\x86_64\bin\cmake.exe -E cmake_depends "MinGW Makefiles" C:\fltk\fltk C:\fltk\fltk\test C:\fltk\fltk\build
 C:\fltk\fltk\build\test C:\fltk\fltk\build\test\CMakeFiles\fonts.dir\DependInfo.cmake "--color="
mingw32-make[2]: Leaving directory 'C:/fltk/fltk/build'
mingw32-make  -f test\CMakeFiles\fonts.dir\build.make test/CMakeFiles/fonts.dir/build
mingw32-make[2]: Entering directory 'C:/fltk/fltk/build'
[ 50%] Building CXX object test/CMakeFiles/fonts.dir/fonts.cxx.obj
cd /d C:\fltk\fltk\build\test && C:\mingw32-8\bin\c++.exe -D_FILE_OFFSET_BITS=64 -D_LARGEFILE64_SOURCE -D_LARGEFILE_SOURC
E -Dfonts_EXPORTS @CMakeFiles/fonts.dir/includes_CXX.rsp -g -std=c++11 -MD -MT test/CMakeFiles/fonts.dir/fonts.cxx.obj -M
F CMakeFiles\fonts.dir\fonts.cxx.obj.d -o CMakeFiles\fonts.dir\fonts.cxx.obj -c C:\fltk\fltk\test\fonts.cxx
mingw32-make[2]: Leaving directory 'C:/fltk/fltk/build'
[ 50%] Built target flex_login
mingw32-make  -f test\CMakeFiles\forms.dir\build.make test/CMakeFiles/forms.dir/depend
mingw32-make[2]: Entering directory 'C:/fltk/fltk/build'
C:\cmake\3.28.1\x86_64\bin\cmake.exe -E cmake_depends "MinGW Makefiles" C:\fltk\fltk C:\fltk\fltk\test C:\fltk\fltk\build
 C:\fltk\fltk\build\test C:\fltk\fltk\build\test\CMakeFiles\forms.dir\DependInfo.cmake "--color="
mingw32-make[2]: Leaving directory 'C:/fltk/fltk/build'
mingw32-make  -f test\CMakeFiles\forms.dir\build.make test/CMakeFiles/forms.dir/build
mingw32-make[2]: Entering directory 'C:/fltk/fltk/build'
[ 50%] Building CXX object test/CMakeFiles/forms.dir/forms.cxx.obj
cd /d C:\fltk\fltk\build\test && C:\mingw32-8\bin\c++.exe -D_FILE_OFFSET_BITS=64 -D_LARGEFILE64_SOURCE -D_LARGEFILE_SOURC
E -Dforms_EXPORTS @CMakeFiles/forms.dir/includes_CXX.rsp -g -std=c++11 -MD -MT test/CMakeFiles/forms.dir/forms.cxx.obj -M
F CMakeFiles\forms.dir\forms.cxx.obj.d -o CMakeFiles\forms.dir\forms.cxx.obj -c C:\fltk\fltk\test\forms.cxx
[ 51%] Linking CXX executable ..\bin\test\fonts.exe
cd /d C:\fltk\fltk\build\test && C:\cmake\3.28.1\x86_64\bin\cmake.exe -E cmake_link_script CMakeFiles\fonts.dir\link.txt
--verbose=on
C:\cmake\3.28.1\x86_64\bin\cmake.exe -E rm -f CMakeFiles\fonts.dir/objects.a
C:\mingw32-8\bin\ar.exe qc CMakeFiles\fonts.dir/objects.a @CMakeFiles\fonts.dir\objects1.rsp
C:\mingw32-8\bin\c++.exe -g -mwindows -Wl,--whole-archive CMakeFiles\fonts.dir/objects.a -Wl,--no-whole-archive -o ..\bin
\test\fonts.exe -Wl,--out-implib,..\bin\test\libfonts.dll.a -Wl,--major-image-version,0,--minor-image-version,0 @CMakeFil
es\fonts.dir\linkLibs.rsp
[ 52%] Linking CXX executable ..\bin\test\fltk-versions.exe
cd /d C:\fltk\fltk\build\test && C:\cmake\3.28.1\x86_64\bin\cmake.exe -E cmake_link_script CMakeFiles\fltk-versions.dir\l
ink.txt --verbose=on
C:\cmake\3.28.1\x86_64\bin\cmake.exe -E rm -f CMakeFiles\fltk-versions.dir/objects.a
C:\mingw32-8\bin\ar.exe qc CMakeFiles\fltk-versions.dir/objects.a @CMakeFiles\fltk-versions.dir\objects1.rsp
C:\mingw32-8\bin\c++.exe -g -mwindows -Wl,--whole-archive CMakeFiles\fltk-versions.dir/objects.a -Wl,--no-whole-archive -
o ..\bin\test\fltk-versions.exe -Wl,--out-implib,..\bin\test\libfltk-versions.dll.a -Wl,--major-image-version,0,--minor-i
mage-version,0 @CMakeFiles\fltk-versions.dir\linkLibs.rsp
[ 52%] Linking CXX executable ..\bin\test\forms.exe
cd /d C:\fltk\fltk\build\test && C:\cmake\3.28.1\x86_64\bin\cmake.exe -E cmake_link_script CMakeFiles\forms.dir\link.txt
--verbose=on
C:\cmake\3.28.1\x86_64\bin\cmake.exe -E rm -f CMakeFiles\forms.dir/objects.a
C:\mingw32-8\bin\ar.exe qc CMakeFiles\forms.dir/objects.a @CMakeFiles\forms.dir\objects1.rsp
C:\mingw32-8\bin\c++.exe -g -mwindows -Wl,--whole-archive CMakeFiles\forms.dir/objects.a -Wl,--no-whole-archive -o ..\bin
\test\forms.exe -Wl,--out-implib,..\bin\test\libforms.dll.a -Wl,--major-image-version,0,--minor-image-version,0 @CMakeFil
es\forms.dir\linkLibs.rsp
mingw32-make[2]: Leaving directory 'C:/fltk/fltk/build'
[ 52%] Built target fonts
mingw32-make  -f test\CMakeFiles\fullscreen.dir\build.make test/CMakeFiles/fullscreen.dir/depend
mingw32-make[2]: Entering directory 'C:/fltk/fltk/build'
C:\cmake\3.28.1\x86_64\bin\cmake.exe -E cmake_depends "MinGW Makefiles" C:\fltk\fltk C:\fltk\fltk\test C:\fltk\fltk\build
 C:\fltk\fltk\build\test C:\fltk\fltk\build\test\CMakeFiles\fullscreen.dir\DependInfo.cmake "--color="
mingw32-make[2]: Leaving directory 'C:/fltk/fltk/build'
mingw32-make  -f test\CMakeFiles\fullscreen.dir\build.make test/CMakeFiles/fullscreen.dir/build
mingw32-make[2]: Entering directory 'C:/fltk/fltk/build'
[ 52%] Building CXX object test/CMakeFiles/fullscreen.dir/fullscreen.cxx.obj
cd /d C:\fltk\fltk\build\test && C:\mingw32-8\bin\c++.exe -D_FILE_OFFSET_BITS=64 -D_LARGEFILE64_SOURCE -D_LARGEFILE_SOURC
E -Dfullscreen_EXPORTS @CMakeFiles/fullscreen.dir/includes_CXX.rsp -g -std=c++11 -MD -MT test/CMakeFiles/fullscreen.dir/f
ullscreen.cxx.obj -MF CMakeFiles\fullscreen.dir\fullscreen.cxx.obj.d -o CMakeFiles\fullscreen.dir\fullscreen.cxx.obj -c C
:\fltk\fltk\test\fullscreen.cxx
mingw32-make[2]: Leaving directory 'C:/fltk/fltk/build'
[ 52%] Built target fltk-versions
mingw32-make  -f test\CMakeFiles\grid_alignment.dir\build.make test/CMakeFiles/grid_alignment.dir/depend
mingw32-make[2]: Entering directory 'C:/fltk/fltk/build'
C:\cmake\3.28.1\x86_64\bin\cmake.exe -E cmake_depends "MinGW Makefiles" C:\fltk\fltk C:\fltk\fltk\test C:\fltk\fltk\build
 C:\fltk\fltk\build\test C:\fltk\fltk\build\test\CMakeFiles\grid_alignment.dir\DependInfo.cmake "--color="
mingw32-make[2]: Leaving directory 'C:/fltk/fltk/build'
[ 52%] Built target forms
mingw32-make[2]: Leaving directory 'C:/fltk/fltk/build'
mingw32-make  -f test\CMakeFiles\grid_buttons.dir\build.make test/CMakeFiles/grid_buttons.dir/depend
mingw32-make  -f test\CMakeFiles\grid_alignment.dir\build.make test/CMakeFiles/grid_alignment.dir/build
mingw32-make[2]: Entering directory 'C:/fltk/fltk/build'
C:\cmake\3.28.1\x86_64\bin\cmake.exe -E cmake_depends "MinGW Makefiles" C:\fltk\fltk C:\fltk\fltk\test C:\fltk\fltk\build
 C:\fltk\fltk\build\test C:\fltk\fltk\build\test\CMakeFiles\grid_buttons.dir\DependInfo.cmake "--color="
mingw32-make[2]: Entering directory 'C:/fltk/fltk/build'
[ 53%] Building CXX object test/CMakeFiles/grid_alignment.dir/grid_alignment.cxx.obj
mingw32-make[2]: Leaving directory 'C:/fltk/fltk/build'
cd /d C:\fltk\fltk\build\test && C:\mingw32-8\bin\c++.exe -D_FILE_OFFSET_BITS=64 -D_LARGEFILE64_SOURCE -D_LARGEFILE_SOURC
E -Dgrid_alignment_EXPORTS @CMakeFiles/grid_alignment.dir/includes_CXX.rsp -g -std=c++11 -MD -MT test/CMakeFiles/grid_ali
gnment.dir/grid_alignment.cxx.obj -MF CMakeFiles\grid_alignment.dir\grid_alignment.cxx.obj.d -o CMakeFiles\grid_alignment
.dir\grid_alignment.cxx.obj -c C:\fltk\fltk\test\grid_alignment.cxx
mingw32-make  -f test\CMakeFiles\grid_buttons.dir\build.make test/CMakeFiles/grid_buttons.dir/build
mingw32-make[2]: Entering directory 'C:/fltk/fltk/build'
[ 53%] Building CXX object test/CMakeFiles/grid_buttons.dir/grid_buttons.cxx.obj
cd /d C:\fltk\fltk\build\test && C:\mingw32-8\bin\c++.exe -D_FILE_OFFSET_BITS=64 -D_LARGEFILE64_SOURCE -D_LARGEFILE_SOURC
E -Dgrid_buttons_EXPORTS @CMakeFiles/grid_buttons.dir/includes_CXX.rsp -g -std=c++11 -MD -MT test/CMakeFiles/grid_buttons
.dir/grid_buttons.cxx.obj -MF CMakeFiles\grid_buttons.dir\grid_buttons.cxx.obj.d -o CMakeFiles\grid_buttons.dir\grid_butt
ons.cxx.obj -c C:\fltk\fltk\test\grid_buttons.cxx
[ 53%] Linking CXX executable ..\bin\test\fullscreen.exe
cd /d C:\fltk\fltk\build\test && C:\cmake\3.28.1\x86_64\bin\cmake.exe -E cmake_link_script CMakeFiles\fullscreen.dir\link
.txt --verbose=on
C:\cmake\3.28.1\x86_64\bin\cmake.exe -E rm -f CMakeFiles\fullscreen.dir/objects.a
[ 53%] Linking CXX executable ..\bin\test\grid_alignment.exe
C:\mingw32-8\bin\ar.exe qc CMakeFiles\fullscreen.dir/objects.a @CMakeFiles\fullscreen.dir\objects1.rsp
cd /d C:\fltk\fltk\build\test && C:\cmake\3.28.1\x86_64\bin\cmake.exe -E cmake_link_script CMakeFiles\grid_alignment.dir\
link.txt --verbose=on
[ 53%] Linking CXX executable ..\bin\test\grid_buttons.exe
cd /d C:\fltk\fltk\build\test && C:\cmake\3.28.1\x86_64\bin\cmake.exe -E cmake_link_script CMakeFiles\grid_buttons.dir\li
nk.txt --verbose=on
C:\mingw32-8\bin\c++.exe -g -mwindows -Wl,--whole-archive CMakeFiles\fullscreen.dir/objects.a -Wl,--no-whole-archive -o .
.\bin\test\fullscreen.exe -Wl,--out-implib,..\bin\test\libfullscreen.dll.a -Wl,--major-image-version,0,--minor-image-vers
ion,0 @CMakeFiles\fullscreen.dir\linkLibs.rsp
C:\cmake\3.28.1\x86_64\bin\cmake.exe -E rm -f CMakeFiles\grid_alignment.dir/objects.a
C:\cmake\3.28.1\x86_64\bin\cmake.exe -E rm -f CMakeFiles\grid_buttons.dir/objects.a
C:\mingw32-8\bin\ar.exe qc CMakeFiles\grid_alignment.dir/objects.a @CMakeFiles\grid_alignment.dir\objects1.rsp
C:\mingw32-8\bin\ar.exe qc CMakeFiles\grid_buttons.dir/objects.a @CMakeFiles\grid_buttons.dir\objects1.rsp
C:\mingw32-8\bin\c++.exe -g -mwindows -Wl,--whole-archive CMakeFiles\grid_alignment.dir/objects.a -Wl,--no-whole-archive
-o ..\bin\test\grid_alignment.exe -Wl,--out-implib,..\bin\test\libgrid_alignment.dll.a -Wl,--major-image-version,0,--mino
r-image-version,0 @CMakeFiles\grid_alignment.dir\linkLibs.rsp
C:\mingw32-8\bin\c++.exe -g -mwindows -Wl,--whole-archive CMakeFiles\grid_buttons.dir/objects.a -Wl,--no-whole-archive -o
 ..\bin\test\grid_buttons.exe -Wl,--out-implib,..\bin\test\libgrid_buttons.dll.a -Wl,--major-image-version,0,--minor-imag
e-version,0 @CMakeFiles\grid_buttons.dir\linkLibs.rsp
mingw32-make[2]: Leaving directory 'C:/fltk/fltk/build'
[ 53%] Built target fullscreen
mingw32-make  -f test\CMakeFiles\grid_dialog.dir\build.make test/CMakeFiles/grid_dialog.dir/depend
mingw32-make[2]: Entering directory 'C:/fltk/fltk/build'
C:\cmake\3.28.1\x86_64\bin\cmake.exe -E cmake_depends "MinGW Makefiles" C:\fltk\fltk C:\fltk\fltk\test C:\fltk\fltk\build
 C:\fltk\fltk\build\test C:\fltk\fltk\build\test\CMakeFiles\grid_dialog.dir\DependInfo.cmake "--color="
mingw32-make[2]: Leaving directory 'C:/fltk/fltk/build'
mingw32-make  -f test\CMakeFiles\grid_dialog.dir\build.make test/CMakeFiles/grid_dialog.dir/build
mingw32-make[2]: Leaving directory 'C:/fltk/fltk/build'
mingw32-make[2]: Leaving directory 'C:/fltk/fltk/build'
mingw32-make[2]: Entering directory 'C:/fltk/fltk/build'
[ 53%] [ 53%] Built target grid_buttons
Built target grid_alignment
mingw32-make  -f test\CMakeFiles\grid_login.dir\build.make test/CMakeFiles/grid_login.dir/depend
mingw32-make  -f test\CMakeFiles\group.dir\build.make test/CMakeFiles/group.dir/depend
[ 53%] Building CXX object test/CMakeFiles/grid_dialog.dir/grid_dialog.cxx.obj
cd /d C:\fltk\fltk\build\test && C:\mingw32-8\bin\c++.exe -D_FILE_OFFSET_BITS=64 -D_LARGEFILE64_SOURCE -D_LARGEFILE_SOURC
E -Dgrid_dialog_EXPORTS @CMakeFiles/grid_dialog.dir/includes_CXX.rsp -g -std=c++11 -MD -MT test/CMakeFiles/grid_dialog.di
r/grid_dialog.cxx.obj -MF CMakeFiles\grid_dialog.dir\grid_dialog.cxx.obj.d -o CMakeFiles\grid_dialog.dir\grid_dialog.cxx.
obj -c C:\fltk\fltk\test\grid_dialog.cxx
mingw32-make[2]: Entering directory 'C:/fltk/fltk/build'
mingw32-make[2]: Entering directory 'C:/fltk/fltk/build'
C:\cmake\3.28.1\x86_64\bin\cmake.exe -E cmake_depends "MinGW Makefiles" C:\fltk\fltk C:\fltk\fltk\test C:\fltk\fltk\build
 C:\fltk\fltk\build\test C:\fltk\fltk\build\test\CMakeFiles\grid_login.dir\DependInfo.cmake "--color="
C:\cmake\3.28.1\x86_64\bin\cmake.exe -E cmake_depends "MinGW Makefiles" C:\fltk\fltk C:\fltk\fltk\test C:\fltk\fltk\build
 C:\fltk\fltk\build\test C:\fltk\fltk\build\test\CMakeFiles\group.dir\DependInfo.cmake "--color="
mingw32-make[2]: Leaving directory 'C:/fltk/fltk/build'
mingw32-make[2]: Leaving directory 'C:/fltk/fltk/build'
mingw32-make  -f test\CMakeFiles\group.dir\build.make test/CMakeFiles/group.dir/build
mingw32-make  -f test\CMakeFiles\grid_login.dir\build.make test/CMakeFiles/grid_login.dir/build
mingw32-make[2]: Entering directory 'C:/fltk/fltk/build'
mingw32-make[2]: Entering directory 'C:/fltk/fltk/build'
[ 54%] [ 54%] Building CXX object test/CMakeFiles/group.dir/group.cxx.obj
Building CXX object test/CMakeFiles/grid_login.dir/grid_login.cxx.obj
cd /d C:\fltk\fltk\build\test && C:\mingw32-8\bin\c++.exe -D_FILE_OFFSET_BITS=64 -D_LARGEFILE64_SOURCE -D_LARGEFILE_SOURC
E -Dgroup_EXPORTS @CMakeFiles/group.dir/includes_CXX.rsp -g -std=c++11 -MD -MT test/CMakeFiles/group.dir/group.cxx.obj -M
F CMakeFiles\group.dir\group.cxx.obj.d -o CMakeFiles\group.dir\group.cxx.obj -c C:\fltk\fltk\test\group.cxx
cd /d C:\fltk\fltk\build\test && C:\mingw32-8\bin\c++.exe -D_FILE_OFFSET_BITS=64 -D_LARGEFILE64_SOURCE -D_LARGEFILE_SOURC
E -Dgrid_login_EXPORTS @CMakeFiles/grid_login.dir/includes_CXX.rsp -g -std=c++11 -MD -MT test/CMakeFiles/grid_login.dir/g
rid_login.cxx.obj -MF CMakeFiles\grid_login.dir\grid_login.cxx.obj.d -o CMakeFiles\grid_login.dir\grid_login.cxx.obj -c C
:\fltk\fltk\test\grid_login.cxx
[ 54%] Linking CXX executable ..\bin\test\grid_dialog.exe
cd /d C:\fltk\fltk\build\test && C:\cmake\3.28.1\x86_64\bin\cmake.exe -E cmake_link_script CMakeFiles\grid_dialog.dir\lin
k.txt --verbose=on
C:\cmake\3.28.1\x86_64\bin\cmake.exe -E rm -f CMakeFiles\grid_dialog.dir/objects.a
C:\mingw32-8\bin\ar.exe qc CMakeFiles\grid_dialog.dir/objects.a @CMakeFiles\grid_dialog.dir\objects1.rsp
[ 54%] Linking CXX executable ..\bin\test\grid_login.exe
cd /d C:\fltk\fltk\build\test && C:\cmake\3.28.1\x86_64\bin\cmake.exe -E cmake_link_script CMakeFiles\grid_login.dir\link
.txt --verbose=on
C:\mingw32-8\bin\c++.exe -g -mwindows -Wl,--whole-archive CMakeFiles\grid_dialog.dir/objects.a -Wl,--no-whole-archive -o
..\bin\test\grid_dialog.exe -Wl,--out-implib,..\bin\test\libgrid_dialog.dll.a -Wl,--major-image-version,0,--minor-image-v
ersion,0 @CMakeFiles\grid_dialog.dir\linkLibs.rsp
C:\cmake\3.28.1\x86_64\bin\cmake.exe -E rm -f CMakeFiles\grid_login.dir/objects.a
C:\mingw32-8\bin\ar.exe qc CMakeFiles\grid_login.dir/objects.a @CMakeFiles\grid_login.dir\objects1.rsp
C:\mingw32-8\bin\c++.exe -g -mwindows -Wl,--whole-archive CMakeFiles\grid_login.dir/objects.a -Wl,--no-whole-archive -o .
.\bin\test\grid_login.exe -Wl,--out-implib,..\bin\test\libgrid_login.dll.a -Wl,--major-image-version,0,--minor-image-vers
ion,0 @CMakeFiles\grid_login.dir\linkLibs.rsp
[ 54%] Linking CXX executable ..\bin\test\group.exe
cd /d C:\fltk\fltk\build\test && C:\cmake\3.28.1\x86_64\bin\cmake.exe -E cmake_link_script CMakeFiles\group.dir\link.txt
--verbose=on
C:\cmake\3.28.1\x86_64\bin\cmake.exe -E rm -f CMakeFiles\group.dir/objects.a
C:\mingw32-8\bin\ar.exe qc CMakeFiles\group.dir/objects.a @CMakeFiles\group.dir\objects1.rsp
C:\mingw32-8\bin\c++.exe -g -mwindows -Wl,--whole-archive CMakeFiles\group.dir/objects.a -Wl,--no-whole-archive -o ..\bin
\test\group.exe -Wl,--out-implib,..\bin\test\libgroup.dll.a -Wl,--major-image-version,0,--minor-image-version,0 @CMakeFil
es\group.dir\linkLibs.rsp
mingw32-make[2]: Leaving directory 'C:/fltk/fltk/build'
[ 54%] Built target grid_dialog
mingw32-make  -f test\CMakeFiles\handle_events.dir\build.make test/CMakeFiles/handle_events.dir/depend
mingw32-make[2]: Leaving directory 'C:/fltk/fltk/build'
mingw32-make[2]: Entering directory 'C:/fltk/fltk/build'
C:\cmake\3.28.1\x86_64\bin\cmake.exe -E cmake_depends "MinGW Makefiles" C:\fltk\fltk C:\fltk\fltk\test C:\fltk\fltk\build
 C:\fltk\fltk\build\test C:\fltk\fltk\build\test\CMakeFiles\handle_events.dir\DependInfo.cmake "--color="
[ 54%] Built target grid_login
mingw32-make  -f test\CMakeFiles\handle_keys.dir\build.make test/CMakeFiles/handle_keys.dir/depend
mingw32-make[2]: Leaving directory 'C:/fltk/fltk/build'
mingw32-make  -f test\CMakeFiles\handle_events.dir\build.make test/CMakeFiles/handle_events.dir/build
mingw32-make[2]: Entering directory 'C:/fltk/fltk/build'
C:\cmake\3.28.1\x86_64\bin\cmake.exe -E cmake_depends "MinGW Makefiles" C:\fltk\fltk C:\fltk\fltk\test C:\fltk\fltk\build
 C:\fltk\fltk\build\test C:\fltk\fltk\build\test\CMakeFiles\handle_keys.dir\DependInfo.cmake "--color="
mingw32-make[2]: Entering directory 'C:/fltk/fltk/build'
[ 54%] Building CXX object test/CMakeFiles/handle_events.dir/handle_events.cxx.obj
mingw32-make[2]: Leaving directory 'C:/fltk/fltk/build'
cd /d C:\fltk\fltk\build\test && C:\mingw32-8\bin\c++.exe -D_FILE_OFFSET_BITS=64 -D_LARGEFILE64_SOURCE -D_LARGEFILE_SOURC
E -Dhandle_events_EXPORTS @CMakeFiles/handle_events.dir/includes_CXX.rsp -g -std=c++11 -MD -MT test/CMakeFiles/handle_eve
nts.dir/handle_events.cxx.obj -MF CMakeFiles\handle_events.dir\handle_events.cxx.obj.d -o CMakeFiles\handle_events.dir\ha
ndle_events.cxx.obj -c C:\fltk\fltk\test\handle_events.cxx
mingw32-make  -f test\CMakeFiles\handle_keys.dir\build.make test/CMakeFiles/handle_keys.dir/build
mingw32-make[2]: Entering directory 'C:/fltk/fltk/build'
[ 54%] Building CXX object test/CMakeFiles/handle_keys.dir/handle_keys.cxx.obj
cd /d C:\fltk\fltk\build\test && C:\mingw32-8\bin\c++.exe -D_FILE_OFFSET_BITS=64 -D_LARGEFILE64_SOURCE -D_LARGEFILE_SOURC
E -Dhandle_keys_EXPORTS @CMakeFiles/handle_keys.dir/includes_CXX.rsp -g -std=c++11 -MD -MT test/CMakeFiles/handle_keys.di
r/handle_keys.cxx.obj -MF CMakeFiles\handle_keys.dir\handle_keys.cxx.obj.d -o CMakeFiles\handle_keys.dir\handle_keys.cxx.
obj -c C:\fltk\fltk\test\handle_keys.cxx
mingw32-make[2]: Leaving directory 'C:/fltk/fltk/build'
[ 54%] Built target group
mingw32-make  -f test\CMakeFiles\hello.dir\build.make test/CMakeFiles/hello.dir/depend
mingw32-make[2]: Entering directory 'C:/fltk/fltk/build'
C:\cmake\3.28.1\x86_64\bin\cmake.exe -E cmake_depends "MinGW Makefiles" C:\fltk\fltk C:\fltk\fltk\test C:\fltk\fltk\build
 C:\fltk\fltk\build\test C:\fltk\fltk\build\test\CMakeFiles\hello.dir\DependInfo.cmake "--color="
mingw32-make[2]: Leaving directory 'C:/fltk/fltk/build'
mingw32-make  -f test\CMakeFiles\hello.dir\build.make test/CMakeFiles/hello.dir/build
mingw32-make[2]: Entering directory 'C:/fltk/fltk/build'
[ 54%] Building CXX object test/CMakeFiles/hello.dir/hello.cxx.obj
cd /d C:\fltk\fltk\build\test && C:\mingw32-8\bin\c++.exe -D_FILE_OFFSET_BITS=64 -D_LARGEFILE64_SOURCE -D_LARGEFILE_SOURC
E -Dhello_EXPORTS @CMakeFiles/hello.dir/includes_CXX.rsp -g -std=c++11 -MD -MT test/CMakeFiles/hello.dir/hello.cxx.obj -M
F CMakeFiles\hello.dir\hello.cxx.obj.d -o CMakeFiles\hello.dir\hello.cxx.obj -c C:\fltk\fltk\test\hello.cxx
[ 54%] Linking CXX executable ..\bin\test\hello.exe
cd /d C:\fltk\fltk\build\test && C:\cmake\3.28.1\x86_64\bin\cmake.exe -E cmake_link_script CMakeFiles\hello.dir\link.txt
--verbose=on
C:\cmake\3.28.1\x86_64\bin\cmake.exe -E rm -f CMakeFiles\hello.dir/objects.a
C:\mingw32-8\bin\ar.exe qc CMakeFiles\hello.dir/objects.a @CMakeFiles\hello.dir\objects1.rsp
C:\mingw32-8\bin\c++.exe -g -mwindows -Wl,--whole-archive CMakeFiles\hello.dir/objects.a -Wl,--no-whole-archive -o ..\bin
\test\hello.exe -Wl,--out-implib,..\bin\test\libhello.dll.a -Wl,--major-image-version,0,--minor-image-version,0 @CMakeFil
es\hello.dir\linkLibs.rsp
[ 54%] Linking CXX executable ..\bin\test\handle_events.exe
cd /d C:\fltk\fltk\build\test && C:\cmake\3.28.1\x86_64\bin\cmake.exe -E cmake_link_script CMakeFiles\handle_events.dir\l
ink.txt --verbose=on
C:\cmake\3.28.1\x86_64\bin\cmake.exe -E rm -f CMakeFiles\handle_events.dir/objects.a
C:\mingw32-8\bin\ar.exe qc CMakeFiles\handle_events.dir/objects.a @CMakeFiles\handle_events.dir\objects1.rsp
C:\mingw32-8\bin\c++.exe -g -mwindows -Wl,--whole-archive CMakeFiles\handle_events.dir/objects.a -Wl,--no-whole-archive -
o ..\bin\test\handle_events.exe -Wl,--out-implib,..\bin\test\libhandle_events.dll.a -Wl,--major-image-version,0,--minor-i
mage-version,0 @CMakeFiles\handle_events.dir\linkLibs.rsp
[ 55%] Linking CXX executable ..\bin\test\handle_keys.exe
cd /d C:\fltk\fltk\build\test && C:\cmake\3.28.1\x86_64\bin\cmake.exe -E cmake_link_script CMakeFiles\handle_keys.dir\lin
k.txt --verbose=on
C:\cmake\3.28.1\x86_64\bin\cmake.exe -E rm -f CMakeFiles\handle_keys.dir/objects.a
C:\mingw32-8\bin\ar.exe qc CMakeFiles\handle_keys.dir/objects.a @CMakeFiles\handle_keys.dir\objects1.rsp
C:\mingw32-8\bin\c++.exe -g -mwindows -Wl,--whole-archive CMakeFiles\handle_keys.dir/objects.a -Wl,--no-whole-archive -o
..\bin\test\handle_keys.exe -Wl,--out-implib,..\bin\test\libhandle_keys.dll.a -Wl,--major-image-version,0,--minor-image-v
ersion,0 @CMakeFiles\handle_keys.dir\linkLibs.rsp
mingw32-make[2]: Leaving directory 'C:/fltk/fltk/build'
[ 55%] Built target hello
mingw32-make  -f test\CMakeFiles\help_dialog.dir\build.make test/CMakeFiles/help_dialog.dir/depend
mingw32-make[2]: Entering directory 'C:/fltk/fltk/build'
C:\cmake\3.28.1\x86_64\bin\cmake.exe -E cmake_depends "MinGW Makefiles" C:\fltk\fltk C:\fltk\fltk\test C:\fltk\fltk\build
 C:\fltk\fltk\build\test C:\fltk\fltk\build\test\CMakeFiles\help_dialog.dir\DependInfo.cmake "--color="
mingw32-make[2]: Leaving directory 'C:/fltk/fltk/build'
mingw32-make  -f test\CMakeFiles\help_dialog.dir\build.make test/CMakeFiles/help_dialog.dir/build
mingw32-make[2]: Entering directory 'C:/fltk/fltk/build'
[ 55%] Building CXX object test/CMakeFiles/help_dialog.dir/help_dialog.cxx.obj
cd /d C:\fltk\fltk\build\test && C:\mingw32-8\bin\c++.exe -D_FILE_OFFSET_BITS=64 -D_LARGEFILE64_SOURCE -D_LARGEFILE_SOURC
E -Dhelp_dialog_EXPORTS @CMakeFiles/help_dialog.dir/includes_CXX.rsp -g -std=c++11 -MD -MT test/CMakeFiles/help_dialog.di
r/help_dialog.cxx.obj -MF CMakeFiles\help_dialog.dir\help_dialog.cxx.obj.d -o CMakeFiles\help_dialog.dir\help_dialog.cxx.
obj -c C:\fltk\fltk\test\help_dialog.cxx
mingw32-make[2]: Leaving directory 'C:/fltk/fltk/build'
[ 55%] Built target handle_events
mingw32-make  -f test\CMakeFiles\icon.dir\build.make test/CMakeFiles/icon.dir/depend
mingw32-make[2]: Entering directory 'C:/fltk/fltk/build'
C:\cmake\3.28.1\x86_64\bin\cmake.exe -E cmake_depends "MinGW Makefiles" C:\fltk\fltk C:\fltk\fltk\test C:\fltk\fltk\build
 C:\fltk\fltk\build\test C:\fltk\fltk\build\test\CMakeFiles\icon.dir\DependInfo.cmake "--color="
mingw32-make[2]: Leaving directory 'C:/fltk/fltk/build'
mingw32-make  -f test\CMakeFiles\icon.dir\build.make test/CMakeFiles/icon.dir/build
mingw32-make[2]: Entering directory 'C:/fltk/fltk/build'
[ 55%] Building CXX object test/CMakeFiles/icon.dir/icon.cxx.obj
cd /d C:\fltk\fltk\build\test && C:\mingw32-8\bin\c++.exe -D_FILE_OFFSET_BITS=64 -D_LARGEFILE64_SOURCE -D_LARGEFILE_SOURC
E -Dicon_EXPORTS @CMakeFiles/icon.dir/includes_CXX.rsp -g -std=c++11 -MD -MT test/CMakeFiles/icon.dir/icon.cxx.obj -MF CM
akeFiles\icon.dir\icon.cxx.obj.d -o CMakeFiles\icon.dir\icon.cxx.obj -c C:\fltk\fltk\test\icon.cxx
mingw32-make[2]: Leaving directory 'C:/fltk/fltk/build'
[ 55%] Built target handle_keys
mingw32-make  -f test\CMakeFiles\iconize.dir\build.make test/CMakeFiles/iconize.dir/depend
mingw32-make[2]: Entering directory 'C:/fltk/fltk/build'
C:\cmake\3.28.1\x86_64\bin\cmake.exe -E cmake_depends "MinGW Makefiles" C:\fltk\fltk C:\fltk\fltk\test C:\fltk\fltk\build
 C:\fltk\fltk\build\test C:\fltk\fltk\build\test\CMakeFiles\iconize.dir\DependInfo.cmake "--color="
mingw32-make[2]: Leaving directory 'C:/fltk/fltk/build'
mingw32-make  -f test\CMakeFiles\iconize.dir\build.make test/CMakeFiles/iconize.dir/build
mingw32-make[2]: Entering directory 'C:/fltk/fltk/build'
[ 56%] Building CXX object test/CMakeFiles/iconize.dir/iconize.cxx.obj
cd /d C:\fltk\fltk\build\test && C:\mingw32-8\bin\c++.exe -D_FILE_OFFSET_BITS=64 -D_LARGEFILE64_SOURCE -D_LARGEFILE_SOURC
E -Diconize_EXPORTS @CMakeFiles/iconize.dir/includes_CXX.rsp -g -std=c++11 -MD -MT test/CMakeFiles/iconize.dir/iconize.cx
x.obj -MF CMakeFiles\iconize.dir\iconize.cxx.obj.d -o CMakeFiles\iconize.dir\iconize.cxx.obj -c C:\fltk\fltk\test\iconize
.cxx
[ 56%] Linking CXX executable ..\bin\test\help_dialog.exe
cd /d C:\fltk\fltk\build\test && C:\cmake\3.28.1\x86_64\bin\cmake.exe -E cmake_link_script CMakeFiles\help_dialog.dir\lin
k.txt --verbose=on
C:\cmake\3.28.1\x86_64\bin\cmake.exe -E rm -f CMakeFiles\help_dialog.dir/objects.a
C:\mingw32-8\bin\ar.exe qc CMakeFiles\help_dialog.dir/objects.a @CMakeFiles\help_dialog.dir\objects1.rsp
C:\mingw32-8\bin\c++.exe -g -mwindows -Wl,--whole-archive CMakeFiles\help_dialog.dir/objects.a -Wl,--no-whole-archive -o
..\bin\test\help_dialog.exe -Wl,--out-implib,..\bin\test\libhelp_dialog.dll.a -Wl,--major-image-version,0,--minor-image-v
ersion,0 @CMakeFiles\help_dialog.dir\linkLibs.rsp
[ 56%] Linking CXX executable ..\bin\test\iconize.exe
cd /d C:\fltk\fltk\build\test && C:\cmake\3.28.1\x86_64\bin\cmake.exe -E cmake_link_script CMakeFiles\iconize.dir\link.tx
t --verbose=on
C:\cmake\3.28.1\x86_64\bin\cmake.exe -E rm -f CMakeFiles\iconize.dir/objects.a
C:\mingw32-8\bin\ar.exe qc CMakeFiles\iconize.dir/objects.a @CMakeFiles\iconize.dir\objects1.rsp
C:\mingw32-8\bin\c++.exe -g -mwindows -Wl,--whole-archive CMakeFiles\iconize.dir/objects.a -Wl,--no-whole-archive -o ..\b
in\test\iconize.exe -Wl,--out-implib,..\bin\test\libiconize.dll.a -Wl,--major-image-version,0,--minor-image-version,0 @CM
akeFiles\iconize.dir\linkLibs.rsp
[ 56%] Linking CXX executable ..\bin\test\icon.exe
cd /d C:\fltk\fltk\build\test && C:\cmake\3.28.1\x86_64\bin\cmake.exe -E cmake_link_script CMakeFiles\icon.dir\link.txt -
-verbose=on
C:\cmake\3.28.1\x86_64\bin\cmake.exe -E rm -f CMakeFiles\icon.dir/objects.a
C:\mingw32-8\bin\ar.exe qc CMakeFiles\icon.dir/objects.a @CMakeFiles\icon.dir\objects1.rsp
C:\mingw32-8\bin\c++.exe -g -mwindows -Wl,--whole-archive CMakeFiles\icon.dir/objects.a -Wl,--no-whole-archive -o ..\bin\
test\icon.exe -Wl,--out-implib,..\bin\test\libicon.dll.a -Wl,--major-image-version,0,--minor-image-version,0 @CMakeFiles\
icon.dir\linkLibs.rsp
mingw32-make[2]: Leaving directory 'C:/fltk/fltk/build'
[ 56%] Built target iconize
mingw32-make  -f test\CMakeFiles\image.dir\build.make test/CMakeFiles/image.dir/depend
mingw32-make[2]: Entering directory 'C:/fltk/fltk/build'
C:\cmake\3.28.1\x86_64\bin\cmake.exe -E cmake_depends "MinGW Makefiles" C:\fltk\fltk C:\fltk\fltk\test C:\fltk\fltk\build
 C:\fltk\fltk\build\test C:\fltk\fltk\build\test\CMakeFiles\image.dir\DependInfo.cmake "--color="
mingw32-make[2]: Leaving directory 'C:/fltk/fltk/build'
mingw32-make  -f test\CMakeFiles\image.dir\build.make test/CMakeFiles/image.dir/build
mingw32-make[2]: Entering directory 'C:/fltk/fltk/build'
[ 56%] Building CXX object test/CMakeFiles/image.dir/image.cxx.obj
cd /d C:\fltk\fltk\build\test && C:\mingw32-8\bin\c++.exe -D_FILE_OFFSET_BITS=64 -D_LARGEFILE64_SOURCE -D_LARGEFILE_SOURC
E -Dimage_EXPORTS @CMakeFiles/image.dir/includes_CXX.rsp -g -std=c++11 -MD -MT test/CMakeFiles/image.dir/image.cxx.obj -M
F CMakeFiles\image.dir\image.cxx.obj.d -o CMakeFiles\image.dir\image.cxx.obj -c C:\fltk\fltk\test\image.cxx
mingw32-make[2]: Leaving directory 'C:/fltk/fltk/build'
[ 56%] Built target icon
mingw32-make  -f test\CMakeFiles\input.dir\build.make test/CMakeFiles/input.dir/depend
mingw32-make[2]: Entering directory 'C:/fltk/fltk/build'
C:\cmake\3.28.1\x86_64\bin\cmake.exe -E cmake_depends "MinGW Makefiles" C:\fltk\fltk C:\fltk\fltk\test C:\fltk\fltk\build
 C:\fltk\fltk\build\test C:\fltk\fltk\build\test\CMakeFiles\input.dir\DependInfo.cmake "--color="
mingw32-make[2]: Leaving directory 'C:/fltk/fltk/build'
mingw32-make[2]: Leaving directory 'C:/fltk/fltk/build'
mingw32-make  -f test\CMakeFiles\input.dir\build.make test/CMakeFiles/input.dir/build
[ 56%] Built target help_dialogmingw32-make[2]: Entering directory 'C:/fltk/fltk/build'

mingw32-make  -f test\CMakeFiles\input_choice.dir\build.make test/CMakeFiles/input_choice.dir/depend
mingw32-make[2]: Entering directory 'C:/fltk/fltk/build'
C:\cmake\3.28.1\x86_64\bin\cmake.exe -E cmake_depends "MinGW Makefiles" C:\fltk\fltk C:\fltk\fltk\test C:\fltk\fltk\build
 C:\fltk\fltk\build\test C:\fltk\fltk\build\test\CMakeFiles\input_choice.dir\DependInfo.cmake "--color="
[ 57%] Building CXX object test/CMakeFiles/input.dir/input.cxx.obj
cd /d C:\fltk\fltk\build\test && C:\mingw32-8\bin\c++.exe -D_FILE_OFFSET_BITS=64 -D_LARGEFILE64_SOURCE -D_LARGEFILE_SOURC
E -Dinput_EXPORTS @CMakeFiles/input.dir/includes_CXX.rsp -g -std=c++11 -MD -MT test/CMakeFiles/input.dir/input.cxx.obj -M
F CMakeFiles\input.dir\input.cxx.obj.d -o CMakeFiles\input.dir\input.cxx.obj -c C:\fltk\fltk\test\input.cxx
mingw32-make[2]: Leaving directory 'C:/fltk/fltk/build'
mingw32-make  -f test\CMakeFiles\input_choice.dir\build.make test/CMakeFiles/input_choice.dir/build
mingw32-make[2]: Entering directory 'C:/fltk/fltk/build'
[ 57%] Building CXX object test/CMakeFiles/input_choice.dir/input_choice.cxx.obj
cd /d C:\fltk\fltk\build\test && C:\mingw32-8\bin\c++.exe -D_FILE_OFFSET_BITS=64 -D_LARGEFILE64_SOURCE -D_LARGEFILE_SOURC
E -Dinput_choice_EXPORTS @CMakeFiles/input_choice.dir/includes_CXX.rsp -g -std=c++11 -MD -MT test/CMakeFiles/input_choice
.dir/input_choice.cxx.obj -MF CMakeFiles\input_choice.dir\input_choice.cxx.obj.d -o CMakeFiles\input_choice.dir\input_cho
ice.cxx.obj -c C:\fltk\fltk\test\input_choice.cxx
[ 57%] Linking CXX executable ..\bin\test\input.exe
cd /d C:\fltk\fltk\build\test && C:\cmake\3.28.1\x86_64\bin\cmake.exe -E cmake_link_script CMakeFiles\input.dir\link.txt
--verbose=on
[ 57%] Linking CXX executable ..\bin\test\input_choice.exe
cd /d C:\fltk\fltk\build\test && C:\cmake\3.28.1\x86_64\bin\cmake.exe -E cmake_link_script CMakeFiles\input_choice.dir\li
nk.txt --verbose=on
C:\cmake\3.28.1\x86_64\bin\cmake.exe -E rm -f CMakeFiles\input.dir/objects.a
C:\cmake\3.28.1\x86_64\bin\cmake.exe -E rm -f CMakeFiles\input_choice.dir/objects.a
C:\mingw32-8\bin\ar.exe qc CMakeFiles\input.dir/objects.a @CMakeFiles\input.dir\objects1.rsp
C:\mingw32-8\bin\ar.exe qc CMakeFiles\input_choice.dir/objects.a @CMakeFiles\input_choice.dir\objects1.rsp
C:\mingw32-8\bin\c++.exe -g -mwindows -Wl,--whole-archive CMakeFiles\input.dir/objects.a -Wl,--no-whole-archive -o ..\bin
\test\input.exe -Wl,--out-implib,..\bin\test\libinput.dll.a -Wl,--major-image-version,0,--minor-image-version,0 @CMakeFil
es\input.dir\linkLibs.rsp
C:\mingw32-8\bin\c++.exe -g -mwindows -Wl,--whole-archive CMakeFiles\input_choice.dir/objects.a -Wl,--no-whole-archive -o
 ..\bin\test\input_choice.exe -Wl,--out-implib,..\bin\test\libinput_choice.dll.a -Wl,--major-image-version,0,--minor-imag
e-version,0 @CMakeFiles\input_choice.dir\linkLibs.rsp
[ 57%] Linking CXX executable ..\bin\test\image.exe
cd /d C:\fltk\fltk\build\test && C:\cmake\3.28.1\x86_64\bin\cmake.exe -E cmake_link_script CMakeFiles\image.dir\link.txt
--verbose=on
C:\cmake\3.28.1\x86_64\bin\cmake.exe -E rm -f CMakeFiles\image.dir/objects.a
C:\mingw32-8\bin\ar.exe qc CMakeFiles\image.dir/objects.a @CMakeFiles\image.dir\objects1.rsp
C:\mingw32-8\bin\c++.exe -g -mwindows -Wl,--whole-archive CMakeFiles\image.dir/objects.a -Wl,--no-whole-archive -o ..\bin
\test\image.exe -Wl,--out-implib,..\bin\test\libimage.dll.a -Wl,--major-image-version,0,--minor-image-version,0 @CMakeFil
es\image.dir\linkLibs.rsp
mingw32-make[2]: Leaving directory 'C:/fltk/fltk/build'
mingw32-make[2]: Leaving directory 'C:/fltk/fltk/build'
[ 57%] Built target input
mingw32-make  -f test\CMakeFiles\label.dir\build.make test/CMakeFiles/label.dir/depend
[ 57%] Built target input_choice
mingw32-make  -f test\CMakeFiles\line_style.dir\build.make test/CMakeFiles/line_style.dir/depend
mingw32-make[2]: Entering directory 'C:/fltk/fltk/build'
C:\cmake\3.28.1\x86_64\bin\cmake.exe -E cmake_depends "MinGW Makefiles" C:\fltk\fltk C:\fltk\fltk\test C:\fltk\fltk\build
 C:\fltk\fltk\build\test C:\fltk\fltk\build\test\CMakeFiles\label.dir\DependInfo.cmake "--color="
mingw32-make[2]: Entering directory 'C:/fltk/fltk/build'
C:\cmake\3.28.1\x86_64\bin\cmake.exe -E cmake_depends "MinGW Makefiles" C:\fltk\fltk C:\fltk\fltk\test C:\fltk\fltk\build
 C:\fltk\fltk\build\test C:\fltk\fltk\build\test\CMakeFiles\line_style.dir\DependInfo.cmake "--color="
mingw32-make[2]: Leaving directory 'C:/fltk/fltk/build'
mingw32-make  -f test\CMakeFiles\label.dir\build.make test/CMakeFiles/label.dir/build
mingw32-make[2]: Leaving directory 'C:/fltk/fltk/build'
mingw32-make  -f test\CMakeFiles\line_style.dir\build.make test/CMakeFiles/line_style.dir/build
mingw32-make[2]: Entering directory 'C:/fltk/fltk/build'
mingw32-make[2]: Entering directory 'C:/fltk/fltk/build'
[ 57%] Building CXX object test/CMakeFiles/label.dir/label.cxx.obj
cd /d C:\fltk\fltk\build\test && C:\mingw32-8\bin\c++.exe -D_FILE_OFFSET_BITS=64 -D_LARGEFILE64_SOURCE -D_LARGEFILE_SOURC
E -Dlabel_EXPORTS @CMakeFiles/label.dir/includes_CXX.rsp -g -std=c++11 -MD -MT test/CMakeFiles/label.dir/label.cxx.obj -M
F CMakeFiles\label.dir\label.cxx.obj.d -o CMakeFiles\label.dir\label.cxx.obj -c C:\fltk\fltk\test\label.cxx
[ 57%] Building CXX object test/CMakeFiles/line_style.dir/line_style.cxx.obj
cd /d C:\fltk\fltk\build\test && C:\mingw32-8\bin\c++.exe -D_FILE_OFFSET_BITS=64 -D_LARGEFILE64_SOURCE -D_LARGEFILE_SOURC
E -Dline_style_EXPORTS @CMakeFiles/line_style.dir/includes_CXX.rsp -g -std=c++11 -MD -MT test/CMakeFiles/line_style.dir/l
ine_style.cxx.obj -MF CMakeFiles\line_style.dir\line_style.cxx.obj.d -o CMakeFiles\line_style.dir\line_style.cxx.obj -c C
:\fltk\fltk\test\line_style.cxx
[ 57%] Linking CXX executable ..\bin\test\line_style.exe
cd /d C:\fltk\fltk\build\test && C:\cmake\3.28.1\x86_64\bin\cmake.exe -E cmake_link_script CMakeFiles\line_style.dir\link
.txt --verbose=on
mingw32-make[2]: Leaving directory 'C:/fltk/fltk/build'
[ 57%] Linking CXX executable ..\bin\test\label.exe
cd /d C:\fltk\fltk\build\test && C:\cmake\3.28.1\x86_64\bin\cmake.exe -E cmake_link_script CMakeFiles\label.dir\link.txt
--verbose=on
[ 57%] Built target image
mingw32-make  -f test\CMakeFiles\line_style_docs.dir\build.make test/CMakeFiles/line_style_docs.dir/depend
C:\cmake\3.28.1\x86_64\bin\cmake.exe -E rm -f CMakeFiles\line_style.dir/objects.a
mingw32-make[2]: Entering directory 'C:/fltk/fltk/build'
C:\cmake\3.28.1\x86_64\bin\cmake.exe -E cmake_depends "MinGW Makefiles" C:\fltk\fltk C:\fltk\fltk\test C:\fltk\fltk\build
 C:\fltk\fltk\build\test C:\fltk\fltk\build\test\CMakeFiles\line_style_docs.dir\DependInfo.cmake "--color="
C:\mingw32-8\bin\ar.exe qc CMakeFiles\line_style.dir/objects.a @CMakeFiles\line_style.dir\objects1.rsp
C:\cmake\3.28.1\x86_64\bin\cmake.exe -E rm -f CMakeFiles\label.dir/objects.a
mingw32-make[2]: Leaving directory 'C:/fltk/fltk/build'
mingw32-make  -f test\CMakeFiles\line_style_docs.dir\build.make test/CMakeFiles/line_style_docs.dir/build
C:\mingw32-8\bin\c++.exe -g -mwindows -Wl,--whole-archive CMakeFiles\line_style.dir/objects.a -Wl,--no-whole-archive -o .
.\bin\test\line_style.exe -Wl,--out-implib,..\bin\test\libline_style.dll.a -Wl,--major-image-version,0,--minor-image-vers
ion,0 @CMakeFiles\line_style.dir\linkLibs.rsp
C:\mingw32-8\bin\ar.exe qc CMakeFiles\label.dir/objects.a @CMakeFiles\label.dir\objects1.rsp
mingw32-make[2]: Entering directory 'C:/fltk/fltk/build'
C:\mingw32-8\bin\c++.exe -g -mwindows -Wl,--whole-archive CMakeFiles\label.dir/objects.a -Wl,--no-whole-archive -o ..\bin
\test\label.exe -Wl,--out-implib,..\bin\test\liblabel.dll.a -Wl,--major-image-version,0,--minor-image-version,0 @CMakeFil
es\label.dir\linkLibs.rsp
[ 57%] Building CXX object test/CMakeFiles/line_style_docs.dir/line_style_docs.cxx.obj
cd /d C:\fltk\fltk\build\test && C:\mingw32-8\bin\c++.exe -D_FILE_OFFSET_BITS=64 -D_LARGEFILE64_SOURCE -D_LARGEFILE_SOURC
E -Dline_style_docs_EXPORTS @CMakeFiles/line_style_docs.dir/includes_CXX.rsp -g -std=c++11 -MD -MT test/CMakeFiles/line_s
tyle_docs.dir/line_style_docs.cxx.obj -MF CMakeFiles\line_style_docs.dir\line_style_docs.cxx.obj.d -o CMakeFiles\line_sty
le_docs.dir\line_style_docs.cxx.obj -c C:\fltk\fltk\test\line_style_docs.cxx
[ 58%] Linking CXX executable ..\bin\test\line_style_docs.exe
cd /d C:\fltk\fltk\build\test && C:\cmake\3.28.1\x86_64\bin\cmake.exe -E cmake_link_script CMakeFiles\line_style_docs.dir
\link.txt --verbose=on
C:\cmake\3.28.1\x86_64\bin\cmake.exe -E rm -f CMakeFiles\line_style_docs.dir/objects.a
C:\mingw32-8\bin\ar.exe qc CMakeFiles\line_style_docs.dir/objects.a @CMakeFiles\line_style_docs.dir\objects1.rsp
C:\mingw32-8\bin\c++.exe -g -mwindows -Wl,--whole-archive CMakeFiles\line_style_docs.dir/objects.a -Wl,--no-whole-archive
 -o ..\bin\test\line_style_docs.exe -Wl,--out-implib,..\bin\test\libline_style_docs.dll.a -Wl,--major-image-version,0,--m
inor-image-version,0 @CMakeFiles\line_style_docs.dir\linkLibs.rsp
mingw32-make[2]: Leaving directory 'C:/fltk/fltk/build'
mingw32-make[2]: Leaving directory 'C:/fltk/fltk/build'
[ 58%] Built target line_style
[ 58%] Built target label
mingw32-make  -f test\CMakeFiles\list_visuals.dir\build.make test/CMakeFiles/list_visuals.dir/depend
mingw32-make  -f test\CMakeFiles\menubar.dir\build.make test/CMakeFiles/menubar.dir/depend
mingw32-make[2]: Entering directory 'C:/fltk/fltk/build'
C:\cmake\3.28.1\x86_64\bin\cmake.exe -E cmake_depends "MinGW Makefiles" C:\fltk\fltk C:\fltk\fltk\test C:\fltk\fltk\build
 C:\fltk\fltk\build\test C:\fltk\fltk\build\test\CMakeFiles\list_visuals.dir\DependInfo.cmake "--color="
mingw32-make[2]: Entering directory 'C:/fltk/fltk/build'
C:\cmake\3.28.1\x86_64\bin\cmake.exe -E cmake_depends "MinGW Makefiles" C:\fltk\fltk C:\fltk\fltk\test C:\fltk\fltk\build
 C:\fltk\fltk\build\test C:\fltk\fltk\build\test\CMakeFiles\menubar.dir\DependInfo.cmake "--color="
mingw32-make[2]: Leaving directory 'C:/fltk/fltk/build'
mingw32-make[2]: Leaving directory 'C:/fltk/fltk/build'
mingw32-make  -f test\CMakeFiles\list_visuals.dir\build.make test/CMakeFiles/list_visuals.dir/build
mingw32-make  -f test\CMakeFiles\menubar.dir\build.make test/CMakeFiles/menubar.dir/build
mingw32-make[2]: Entering directory 'C:/fltk/fltk/build'
mingw32-make[2]: Entering directory 'C:/fltk/fltk/build'
[ 58%] Building CXX object test/CMakeFiles/list_visuals.dir/list_visuals.cxx.obj[ 59%]
Building CXX object test/CMakeFiles/menubar.dir/menubar.cxx.obj
cd /d C:\fltk\fltk\build\test && C:\mingw32-8\bin\c++.exe -D_FILE_OFFSET_BITS=64 -D_LARGEFILE64_SOURCE -D_LARGEFILE_SOURC
E -Dmenubar_EXPORTS @CMakeFiles/menubar.dir/includes_CXX.rsp -g -std=c++11 -MD -MT test/CMakeFiles/menubar.dir/menubar.cx
x.obj -MF CMakeFiles\menubar.dir\menubar.cxx.obj.d -o CMakeFiles\menubar.dir\menubar.cxx.obj -c C:\fltk\fltk\test\menubar
.cxx
cd /d C:\fltk\fltk\build\test && C:\mingw32-8\bin\c++.exe -D_FILE_OFFSET_BITS=64 -D_LARGEFILE64_SOURCE -D_LARGEFILE_SOURC
E -Dlist_visuals_EXPORTS @CMakeFiles/list_visuals.dir/includes_CXX.rsp -g -std=c++11 -MD -MT test/CMakeFiles/list_visuals
.dir/list_visuals.cxx.obj -MF CMakeFiles\list_visuals.dir\list_visuals.cxx.obj.d -o CMakeFiles\list_visuals.dir\list_visu
als.cxx.obj -c C:\fltk\fltk\test\list_visuals.cxx
mingw32-make[2]: Leaving directory 'C:/fltk/fltk/build'
[ 59%] Built target line_style_docs
mingw32-make  -f test\CMakeFiles\message.dir\build.make test/CMakeFiles/message.dir/depend
mingw32-make[2]: Entering directory 'C:/fltk/fltk/build'
C:\cmake\3.28.1\x86_64\bin\cmake.exe -E cmake_depends "MinGW Makefiles" C:\fltk\fltk C:\fltk\fltk\test C:\fltk\fltk\build
 C:\fltk\fltk\build\test C:\fltk\fltk\build\test\CMakeFiles\message.dir\DependInfo.cmake "--color="
mingw32-make[2]: Leaving directory 'C:/fltk/fltk/build'
mingw32-make  -f test\CMakeFiles\message.dir\build.make test/CMakeFiles/message.dir/build
mingw32-make[2]: Entering directory 'C:/fltk/fltk/build'
[ 59%] Building CXX object test/CMakeFiles/message.dir/message.cxx.obj
cd /d C:\fltk\fltk\build\test && C:\mingw32-8\bin\c++.exe -D_FILE_OFFSET_BITS=64 -D_LARGEFILE64_SOURCE -D_LARGEFILE_SOURC
E -Dmessage_EXPORTS @CMakeFiles/message.dir/includes_CXX.rsp -g -std=c++11 -MD -MT test/CMakeFiles/message.dir/message.cx
x.obj -MF CMakeFiles\message.dir\message.cxx.obj.d -o CMakeFiles\message.dir\message.cxx.obj -c C:\fltk\fltk\test\message
.cxx
[ 59%] Linking CXX executable ..\bin\test\menubar.exe
cd /d C:\fltk\fltk\build\test && C:\cmake\3.28.1\x86_64\bin\cmake.exe -E cmake_link_script CMakeFiles\menubar.dir\link.tx
t --verbose=on
C:\cmake\3.28.1\x86_64\bin\cmake.exe -E rm -f CMakeFiles\menubar.dir/objects.a
C:\mingw32-8\bin\ar.exe qc CMakeFiles\menubar.dir/objects.a @CMakeFiles\menubar.dir\objects1.rsp
C:\mingw32-8\bin\c++.exe -g -mwindows -Wl,--whole-archive CMakeFiles\menubar.dir/objects.a -Wl,--no-whole-archive -o ..\b
in\test\menubar.exe -Wl,--out-implib,..\bin\test\libmenubar.dll.a -Wl,--major-image-version,0,--minor-image-version,0 @CM
akeFiles\menubar.dir\linkLibs.rsp
[ 59%] Linking CXX executable ..\bin\test\message.exe
cd /d C:\fltk\fltk\build\test && C:\cmake\3.28.1\x86_64\bin\cmake.exe -E cmake_link_script CMakeFiles\message.dir\link.tx
t --verbose=on
C:\cmake\3.28.1\x86_64\bin\cmake.exe -E rm -f CMakeFiles\message.dir/objects.a
C:\mingw32-8\bin\ar.exe qc CMakeFiles\message.dir/objects.a @CMakeFiles\message.dir\objects1.rsp
C:\mingw32-8\bin\c++.exe -g -mwindows -Wl,--whole-archive CMakeFiles\message.dir/objects.a -Wl,--no-whole-archive -o ..\b
in\test\message.exe -Wl,--out-implib,..\bin\test\libmessage.dll.a -Wl,--major-image-version,0,--minor-image-version,0 @CM
akeFiles\message.dir\linkLibs.rsp
[ 59%] Linking CXX executable ..\bin\test\list_visuals.exe
cd /d C:\fltk\fltk\build\test && C:\cmake\3.28.1\x86_64\bin\cmake.exe -E cmake_link_script CMakeFiles\list_visuals.dir\li
nk.txt --verbose=on
C:\cmake\3.28.1\x86_64\bin\cmake.exe -E rm -f CMakeFiles\list_visuals.dir/objects.a
C:\mingw32-8\bin\ar.exe qc CMakeFiles\list_visuals.dir/objects.a @CMakeFiles\list_visuals.dir\objects1.rsp
C:\mingw32-8\bin\c++.exe -g -mwindows -Wl,--whole-archive CMakeFiles\list_visuals.dir/objects.a -Wl,--no-whole-archive -o
 ..\bin\test\list_visuals.exe -Wl,--out-implib,..\bin\test\liblist_visuals.dll.a -Wl,--major-image-version,0,--minor-imag
e-version,0 @CMakeFiles\list_visuals.dir\linkLibs.rsp
mingw32-make[2]: Leaving directory 'C:/fltk/fltk/build'
[ 59%] Built target menubar
mingw32-make  -f test\CMakeFiles\minimum.dir\build.make test/CMakeFiles/minimum.dir/depend
mingw32-make[2]: Entering directory 'C:/fltk/fltk/build'
C:\cmake\3.28.1\x86_64\bin\cmake.exe -E cmake_depends "MinGW Makefiles" C:\fltk\fltk C:\fltk\fltk\test C:\fltk\fltk\build
 C:\fltk\fltk\build\test C:\fltk\fltk\build\test\CMakeFiles\minimum.dir\DependInfo.cmake "--color="
mingw32-make[2]: Leaving directory 'C:/fltk/fltk/build'
mingw32-make  -f test\CMakeFiles\minimum.dir\build.make test/CMakeFiles/minimum.dir/build
mingw32-make[2]: Entering directory 'C:/fltk/fltk/build'
[ 60%] Building CXX object test/CMakeFiles/minimum.dir/minimum.cxx.obj
cd /d C:\fltk\fltk\build\test && C:\mingw32-8\bin\c++.exe -D_FILE_OFFSET_BITS=64 -D_LARGEFILE64_SOURCE -D_LARGEFILE_SOURC
E -Dminimum_EXPORTS @CMakeFiles/minimum.dir/includes_CXX.rsp -g -std=c++11 -MD -MT test/CMakeFiles/minimum.dir/minimum.cx
x.obj -MF CMakeFiles\minimum.dir\minimum.cxx.obj.d -o CMakeFiles\minimum.dir\minimum.cxx.obj -c C:\fltk\fltk\test\minimum
.cxx
mingw32-make[2]: Leaving directory 'C:/fltk/fltk/build'
[ 60%] Built target message
mingw32-make  -f test\CMakeFiles\native-filechooser.dir\build.make test/CMakeFiles/native-filechooser.dir/depend
mingw32-make[2]: Entering directory 'C:/fltk/fltk/build'
C:\cmake\3.28.1\x86_64\bin\cmake.exe -E cmake_depends "MinGW Makefiles" C:\fltk\fltk C:\fltk\fltk\test C:\fltk\fltk\build
 C:\fltk\fltk\build\test C:\fltk\fltk\build\test\CMakeFiles\native-filechooser.dir\DependInfo.cmake "--color="
mingw32-make[2]: Leaving directory 'C:/fltk/fltk/build'
mingw32-make  -f test\CMakeFiles\native-filechooser.dir\build.make test/CMakeFiles/native-filechooser.dir/build
mingw32-make[2]: Entering directory 'C:/fltk/fltk/build'
[ 60%] Building CXX object test/CMakeFiles/native-filechooser.dir/native-filechooser.cxx.obj
cd /d C:\fltk\fltk\build\test && C:\mingw32-8\bin\c++.exe -D_FILE_OFFSET_BITS=64 -D_LARGEFILE64_SOURCE -D_LARGEFILE_SOURC
E -Dnative_filechooser_EXPORTS @CMakeFiles/native-filechooser.dir/includes_CXX.rsp -g -std=c++11 -MD -MT test/CMakeFiles/
native-filechooser.dir/native-filechooser.cxx.obj -MF CMakeFiles\native-filechooser.dir\native-filechooser.cxx.obj.d -o C
MakeFiles\native-filechooser.dir\native-filechooser.cxx.obj -c C:\fltk\fltk\test\native-filechooser.cxx
[ 60%] Linking CXX executable ..\bin\test\minimum.exe
cd /d C:\fltk\fltk\build\test && C:\cmake\3.28.1\x86_64\bin\cmake.exe -E cmake_link_script CMakeFiles\minimum.dir\link.tx
t --verbose=on
C:\cmake\3.28.1\x86_64\bin\cmake.exe -E rm -f CMakeFiles\minimum.dir/objects.a
C:\mingw32-8\bin\ar.exe qc CMakeFiles\minimum.dir/objects.a @CMakeFiles\minimum.dir\objects1.rsp
C:\mingw32-8\bin\c++.exe -g -mwindows -Wl,--whole-archive CMakeFiles\minimum.dir/objects.a -Wl,--no-whole-archive -o ..\b
in\test\minimum.exe -Wl,--out-implib,..\bin\test\libminimum.dll.a -Wl,--major-image-version,0,--minor-image-version,0 @CM
akeFiles\minimum.dir\linkLibs.rsp
mingw32-make[2]: Leaving directory 'C:/fltk/fltk/build'
[ 60%] Built target list_visuals
mingw32-make  -f test\CMakeFiles\navigation.dir\build.make test/CMakeFiles/navigation.dir/depend
mingw32-make[2]: Entering directory 'C:/fltk/fltk/build'
C:\cmake\3.28.1\x86_64\bin\cmake.exe -E cmake_depends "MinGW Makefiles" C:\fltk\fltk C:\fltk\fltk\test C:\fltk\fltk\build
 C:\fltk\fltk\build\test C:\fltk\fltk\build\test\CMakeFiles\navigation.dir\DependInfo.cmake "--color="
mingw32-make[2]: Leaving directory 'C:/fltk/fltk/build'
mingw32-make  -f test\CMakeFiles\navigation.dir\build.make test/CMakeFiles/navigation.dir/build
mingw32-make[2]: Entering directory 'C:/fltk/fltk/build'
[ 60%] Building CXX object test/CMakeFiles/navigation.dir/navigation.cxx.obj
cd /d C:\fltk\fltk\build\test && C:\mingw32-8\bin\c++.exe -D_FILE_OFFSET_BITS=64 -D_LARGEFILE64_SOURCE -D_LARGEFILE_SOURC
E -Dnavigation_EXPORTS @CMakeFiles/navigation.dir/includes_CXX.rsp -g -std=c++11 -MD -MT test/CMakeFiles/navigation.dir/n
avigation.cxx.obj -MF CMakeFiles\navigation.dir\navigation.cxx.obj.d -o CMakeFiles\navigation.dir\navigation.cxx.obj -c C
:\fltk\fltk\test\navigation.cxx
[ 60%] Linking CXX executable ..\bin\test\navigation.exe
cd /d C:\fltk\fltk\build\test && C:\cmake\3.28.1\x86_64\bin\cmake.exe -E cmake_link_script CMakeFiles\navigation.dir\link
.txt --verbose=on
[ 60%] Linking CXX executable ..\bin\test\native-filechooser.exe
cd /d C:\fltk\fltk\build\test && C:\cmake\3.28.1\x86_64\bin\cmake.exe -E cmake_link_script CMakeFiles\native-filechooser.
dir\link.txt --verbose=on
C:\cmake\3.28.1\x86_64\bin\cmake.exe -E rm -f CMakeFiles\navigation.dir/objects.a
C:\cmake\3.28.1\x86_64\bin\cmake.exe -E rm -f CMakeFiles\native-filechooser.dir/objects.a
C:\mingw32-8\bin\ar.exe qc CMakeFiles\navigation.dir/objects.a @CMakeFiles\navigation.dir\objects1.rsp
C:\mingw32-8\bin\c++.exe -g -mwindows -Wl,--whole-archive CMakeFiles\navigation.dir/objects.a -Wl,--no-whole-archive -o .
.\bin\test\navigation.exe -Wl,--out-implib,..\bin\test\libnavigation.dll.a -Wl,--major-image-version,0,--minor-image-vers
ion,0 @CMakeFiles\navigation.dir\linkLibs.rsp
C:\mingw32-8\bin\ar.exe qc CMakeFiles\native-filechooser.dir/objects.a @CMakeFiles\native-filechooser.dir\objects1.rsp
C:\mingw32-8\bin\c++.exe -g -mwindows -Wl,--whole-archive CMakeFiles\native-filechooser.dir/objects.a -Wl,--no-whole-arch
ive -o ..\bin\test\native-filechooser.exe -Wl,--out-implib,..\bin\test\libnative-filechooser.dll.a -Wl,--major-image-vers
ion,0,--minor-image-version,0 @CMakeFiles\native-filechooser.dir\linkLibs.rsp
mingw32-make[2]: Leaving directory 'C:/fltk/fltk/build'
[ 60%] Built target minimum
mingw32-make  -f test\CMakeFiles\output.dir\build.make test/CMakeFiles/output.dir/depend
mingw32-make[2]: Entering directory 'C:/fltk/fltk/build'
C:\cmake\3.28.1\x86_64\bin\cmake.exe -E cmake_depends "MinGW Makefiles" C:\fltk\fltk C:\fltk\fltk\test C:\fltk\fltk\build
 C:\fltk\fltk\build\test C:\fltk\fltk\build\test\CMakeFiles\output.dir\DependInfo.cmake "--color="
mingw32-make[2]: Leaving directory 'C:/fltk/fltk/build'
mingw32-make  -f test\CMakeFiles\output.dir\build.make test/CMakeFiles/output.dir/build
mingw32-make[2]: Entering directory 'C:/fltk/fltk/build'
[ 60%] Building CXX object test/CMakeFiles/output.dir/output.cxx.obj
cd /d C:\fltk\fltk\build\test && C:\mingw32-8\bin\c++.exe -D_FILE_OFFSET_BITS=64 -D_LARGEFILE64_SOURCE -D_LARGEFILE_SOURC
E -Doutput_EXPORTS @CMakeFiles/output.dir/includes_CXX.rsp -g -std=c++11 -MD -MT test/CMakeFiles/output.dir/output.cxx.ob
j -MF CMakeFiles\output.dir\output.cxx.obj.d -o CMakeFiles\output.dir\output.cxx.obj -c C:\fltk\fltk\test\output.cxx
mingw32-make[2]: Leaving directory 'C:/fltk/fltk/build'
[ 60%] Built target navigation
mingw32-make  -f test\CMakeFiles\overlay.dir\build.make test/CMakeFiles/overlay.dir/depend
[ 60%] Linking CXX executable ..\bin\test\output.exe
cd /d C:\fltk\fltk\build\test && C:\cmake\3.28.1\x86_64\bin\cmake.exe -E cmake_link_script CMakeFiles\output.dir\link.txt
 --verbose=on
mingw32-make[2]: Entering directory 'C:/fltk/fltk/build'
C:\cmake\3.28.1\x86_64\bin\cmake.exe -E cmake_depends "MinGW Makefiles" C:\fltk\fltk C:\fltk\fltk\test C:\fltk\fltk\build
 C:\fltk\fltk\build\test C:\fltk\fltk\build\test\CMakeFiles\overlay.dir\DependInfo.cmake "--color="
mingw32-make[2]: Leaving directory 'C:/fltk/fltk/build'
mingw32-make  -f test\CMakeFiles\overlay.dir\build.make test/CMakeFiles/overlay.dir/build
C:\cmake\3.28.1\x86_64\bin\cmake.exe -E rm -f CMakeFiles\output.dir/objects.a
mingw32-make[2]: Entering directory 'C:/fltk/fltk/build'
C:\mingw32-8\bin\ar.exe qc CMakeFiles\output.dir/objects.a @CMakeFiles\output.dir\objects1.rsp
[ 61%] Building CXX object test/CMakeFiles/overlay.dir/overlay.cxx.obj
cd /d C:\fltk\fltk\build\test && C:\mingw32-8\bin\c++.exe -D_FILE_OFFSET_BITS=64 -D_LARGEFILE64_SOURCE -D_LARGEFILE_SOURC
E -Doverlay_EXPORTS @CMakeFiles/overlay.dir/includes_CXX.rsp -g -std=c++11 -MD -MT test/CMakeFiles/overlay.dir/overlay.cx
x.obj -MF CMakeFiles\overlay.dir\overlay.cxx.obj.d -o CMakeFiles\overlay.dir\overlay.cxx.obj -c C:\fltk\fltk\test\overlay
.cxx
C:\mingw32-8\bin\c++.exe -g -mwindows -Wl,--whole-archive CMakeFiles\output.dir/objects.a -Wl,--no-whole-archive -o ..\bi
n\test\output.exe -Wl,--out-implib,..\bin\test\liboutput.dll.a -Wl,--major-image-version,0,--minor-image-version,0 @CMake
Files\output.dir\linkLibs.rsp
mingw32-make[2]: Leaving directory 'C:/fltk/fltk/build'
[ 61%] Built target native-filechooser
mingw32-make  -f test\CMakeFiles\pack.dir\build.make test/CMakeFiles/pack.dir/depend
mingw32-make[2]: Entering directory 'C:/fltk/fltk/build'
C:\cmake\3.28.1\x86_64\bin\cmake.exe -E cmake_depends "MinGW Makefiles" C:\fltk\fltk C:\fltk\fltk\test C:\fltk\fltk\build
 C:\fltk\fltk\build\test C:\fltk\fltk\build\test\CMakeFiles\pack.dir\DependInfo.cmake "--color="
mingw32-make[2]: Leaving directory 'C:/fltk/fltk/build'
mingw32-make  -f test\CMakeFiles\pack.dir\build.make test/CMakeFiles/pack.dir/build
mingw32-make[2]: Entering directory 'C:/fltk/fltk/build'
[ 61%] Building CXX object test/CMakeFiles/pack.dir/pack.cxx.obj
cd /d C:\fltk\fltk\build\test && C:\mingw32-8\bin\c++.exe -D_FILE_OFFSET_BITS=64 -D_LARGEFILE64_SOURCE -D_LARGEFILE_SOURC
E -Dpack_EXPORTS @CMakeFiles/pack.dir/includes_CXX.rsp -g -std=c++11 -MD -MT test/CMakeFiles/pack.dir/pack.cxx.obj -MF CM
akeFiles\pack.dir\pack.cxx.obj.d -o CMakeFiles\pack.dir\pack.cxx.obj -c C:\fltk\fltk\test\pack.cxx
[ 61%] Linking CXX executable ..\bin\test\overlay.exe
cd /d C:\fltk\fltk\build\test && C:\cmake\3.28.1\x86_64\bin\cmake.exe -E cmake_link_script CMakeFiles\overlay.dir\link.tx
t --verbose=on
C:\cmake\3.28.1\x86_64\bin\cmake.exe -E rm -f CMakeFiles\overlay.dir/objects.a
C:\mingw32-8\bin\ar.exe qc CMakeFiles\overlay.dir/objects.a @CMakeFiles\overlay.dir\objects1.rsp
C:\mingw32-8\bin\c++.exe -g -mwindows -Wl,--whole-archive CMakeFiles\overlay.dir/objects.a -Wl,--no-whole-archive -o ..\b
in\test\overlay.exe -Wl,--out-implib,..\bin\test\liboverlay.dll.a -Wl,--major-image-version,0,--minor-image-version,0 @CM
akeFiles\overlay.dir\linkLibs.rsp
[ 61%] Linking CXX executable ..\bin\test\pack.exe
cd /d C:\fltk\fltk\build\test && C:\cmake\3.28.1\x86_64\bin\cmake.exe -E cmake_link_script CMakeFiles\pack.dir\link.txt -
-verbose=on
C:\cmake\3.28.1\x86_64\bin\cmake.exe -E rm -f CMakeFiles\pack.dir/objects.a
C:\mingw32-8\bin\ar.exe qc CMakeFiles\pack.dir/objects.a @CMakeFiles\pack.dir\objects1.rsp
C:\mingw32-8\bin\c++.exe -g -mwindows -Wl,--whole-archive CMakeFiles\pack.dir/objects.a -Wl,--no-whole-archive -o ..\bin\
test\pack.exe -Wl,--out-implib,..\bin\test\libpack.dll.a -Wl,--major-image-version,0,--minor-image-version,0 @CMakeFiles\
pack.dir\linkLibs.rsp
mingw32-make[2]: Leaving directory 'C:/fltk/fltk/build'
[ 61%] Built target output
mingw32-make  -f test\CMakeFiles\pixmap.dir\build.make test/CMakeFiles/pixmap.dir/depend
mingw32-make[2]: Entering directory 'C:/fltk/fltk/build'
C:\cmake\3.28.1\x86_64\bin\cmake.exe -E cmake_depends "MinGW Makefiles" C:\fltk\fltk C:\fltk\fltk\test C:\fltk\fltk\build
 C:\fltk\fltk\build\test C:\fltk\fltk\build\test\CMakeFiles\pixmap.dir\DependInfo.cmake "--color="
mingw32-make[2]: Leaving directory 'C:/fltk/fltk/build'
mingw32-make  -f test\CMakeFiles\pixmap.dir\build.make test/CMakeFiles/pixmap.dir/build
mingw32-make[2]: Entering directory 'C:/fltk/fltk/build'
[ 61%] Building CXX object test/CMakeFiles/pixmap.dir/pixmap.cxx.obj
cd /d C:\fltk\fltk\build\test && C:\mingw32-8\bin\c++.exe -D_FILE_OFFSET_BITS=64 -D_LARGEFILE64_SOURCE -D_LARGEFILE_SOURC
E -Dpixmap_EXPORTS @CMakeFiles/pixmap.dir/includes_CXX.rsp -g -std=c++11 -MD -MT test/CMakeFiles/pixmap.dir/pixmap.cxx.ob
j -MF CMakeFiles\pixmap.dir\pixmap.cxx.obj.d -o CMakeFiles\pixmap.dir\pixmap.cxx.obj -c C:\fltk\fltk\test\pixmap.cxx
[ 61%] Linking CXX executable ..\bin\test\pixmap.exe
cd /d C:\fltk\fltk\build\test && C:\cmake\3.28.1\x86_64\bin\cmake.exe -E cmake_link_script CMakeFiles\pixmap.dir\link.txt
 --verbose=on
C:\cmake\3.28.1\x86_64\bin\cmake.exe -E rm -f CMakeFiles\pixmap.dir/objects.a
C:\mingw32-8\bin\ar.exe qc CMakeFiles\pixmap.dir/objects.a @CMakeFiles\pixmap.dir\objects1.rsp
C:\mingw32-8\bin\c++.exe -g -mwindows -Wl,--whole-archive CMakeFiles\pixmap.dir/objects.a -Wl,--no-whole-archive -o ..\bi
n\test\pixmap.exe -Wl,--out-implib,..\bin\test\libpixmap.dll.a -Wl,--major-image-version,0,--minor-image-version,0 @CMake
Files\pixmap.dir\linkLibs.rsp
mingw32-make[2]: Leaving directory 'C:/fltk/fltk/build'
[ 61%] Built target overlay
mingw32-make  -f test\CMakeFiles\pixmap_browser.dir\build.make test/CMakeFiles/pixmap_browser.dir/depend
mingw32-make[2]: Entering directory 'C:/fltk/fltk/build'
C:\cmake\3.28.1\x86_64\bin\cmake.exe -E cmake_depends "MinGW Makefiles" C:\fltk\fltk C:\fltk\fltk\test C:\fltk\fltk\build
 C:\fltk\fltk\build\test C:\fltk\fltk\build\test\CMakeFiles\pixmap_browser.dir\DependInfo.cmake "--color="
mingw32-make[2]: Leaving directory 'C:/fltk/fltk/build'
mingw32-make  -f test\CMakeFiles\pixmap_browser.dir\build.make test/CMakeFiles/pixmap_browser.dir/build
mingw32-make[2]: Entering directory 'C:/fltk/fltk/build'
[ 61%] Building CXX object test/CMakeFiles/pixmap_browser.dir/pixmap_browser.cxx.obj
cd /d C:\fltk\fltk\build\test && C:\mingw32-8\bin\c++.exe -D_FILE_OFFSET_BITS=64 -D_LARGEFILE64_SOURCE -D_LARGEFILE_SOURC
E -Dpixmap_browser_EXPORTS @CMakeFiles/pixmap_browser.dir/includes_CXX.rsp -g -std=c++11 -MD -MT test/CMakeFiles/pixmap_b
rowser.dir/pixmap_browser.cxx.obj -MF CMakeFiles\pixmap_browser.dir\pixmap_browser.cxx.obj.d -o CMakeFiles\pixmap_browser
.dir\pixmap_browser.cxx.obj -c C:\fltk\fltk\test\pixmap_browser.cxx
mingw32-make[2]: Leaving directory 'C:/fltk/fltk/build'
[ 61%] Built target pack
mingw32-make  -f test\CMakeFiles\offscreen.dir\build.make test/CMakeFiles/offscreen.dir/depend
mingw32-make[2]: Entering directory 'C:/fltk/fltk/build'
C:\cmake\3.28.1\x86_64\bin\cmake.exe -E cmake_depends "MinGW Makefiles" C:\fltk\fltk C:\fltk\fltk\test C:\fltk\fltk\build
 C:\fltk\fltk\build\test C:\fltk\fltk\build\test\CMakeFiles\offscreen.dir\DependInfo.cmake "--color="
mingw32-make[2]: Leaving directory 'C:/fltk/fltk/build'
mingw32-make  -f test\CMakeFiles\offscreen.dir\build.make test/CMakeFiles/offscreen.dir/build
mingw32-make[2]: Entering directory 'C:/fltk/fltk/build'
[ 61%] Building CXX object test/CMakeFiles/offscreen.dir/offscreen.cxx.obj
cd /d C:\fltk\fltk\build\test && C:\mingw32-8\bin\c++.exe -D_FILE_OFFSET_BITS=64 -D_LARGEFILE64_SOURCE -D_LARGEFILE_SOURC
E -Doffscreen_EXPORTS @CMakeFiles/offscreen.dir/includes_CXX.rsp -g -std=c++11 -MD -MT test/CMakeFiles/offscreen.dir/offs
creen.cxx.obj -MF CMakeFiles\offscreen.dir\offscreen.cxx.obj.d -o CMakeFiles\offscreen.dir\offscreen.cxx.obj -c C:\fltk\f
ltk\test\offscreen.cxx
mingw32-make[2]: Leaving directory 'C:/fltk/fltk/build'
[ 61%] Built target pixmap
mingw32-make  -f test\CMakeFiles\resizebox.dir\build.make test/CMakeFiles/resizebox.dir/depend
mingw32-make[2]: Entering directory 'C:/fltk/fltk/build'
C:\cmake\3.28.1\x86_64\bin\cmake.exe -E cmake_depends "MinGW Makefiles" C:\fltk\fltk C:\fltk\fltk\test C:\fltk\fltk\build
 C:\fltk\fltk\build\test C:\fltk\fltk\build\test\CMakeFiles\resizebox.dir\DependInfo.cmake "--color="
mingw32-make[2]: Leaving directory 'C:/fltk/fltk/build'
mingw32-make  -f test\CMakeFiles\resizebox.dir\build.make test/CMakeFiles/resizebox.dir/build
mingw32-make[2]: Entering directory 'C:/fltk/fltk/build'
[ 61%] Building CXX object test/CMakeFiles/resizebox.dir/resizebox.cxx.obj
cd /d C:\fltk\fltk\build\test && C:\mingw32-8\bin\c++.exe -D_FILE_OFFSET_BITS=64 -D_LARGEFILE64_SOURCE -D_LARGEFILE_SOURC
E -Dresizebox_EXPORTS @CMakeFiles/resizebox.dir/includes_CXX.rsp -g -std=c++11 -MD -MT test/CMakeFiles/resizebox.dir/resi
zebox.cxx.obj -MF CMakeFiles\resizebox.dir\resizebox.cxx.obj.d -o CMakeFiles\resizebox.dir\resizebox.cxx.obj -c C:\fltk\f
ltk\test\resizebox.cxx
[ 61%] Linking CXX executable ..\bin\test\resizebox.exe
cd /d C:\fltk\fltk\build\test && C:\cmake\3.28.1\x86_64\bin\cmake.exe -E cmake_link_script CMakeFiles\resizebox.dir\link.
txt --verbose=on
C:\cmake\3.28.1\x86_64\bin\cmake.exe -E rm -f CMakeFiles\resizebox.dir/objects.a
C:\mingw32-8\bin\ar.exe qc CMakeFiles\resizebox.dir/objects.a @CMakeFiles\resizebox.dir\objects1.rsp
C:\mingw32-8\bin\c++.exe -g -mwindows -Wl,--whole-archive CMakeFiles\resizebox.dir/objects.a -Wl,--no-whole-archive -o ..
\bin\test\resizebox.exe -Wl,--out-implib,..\bin\test\libresizebox.dll.a -Wl,--major-image-version,0,--minor-image-version
,0 @CMakeFiles\resizebox.dir\linkLibs.rsp
[ 62%] Linking CXX executable ..\bin\test\pixmap_browser.exe
cd /d C:\fltk\fltk\build\test && C:\cmake\3.28.1\x86_64\bin\cmake.exe -E cmake_link_script CMakeFiles\pixmap_browser.dir\
link.txt --verbose=on
C:\cmake\3.28.1\x86_64\bin\cmake.exe -E rm -f CMakeFiles\pixmap_browser.dir/objects.a
C:\mingw32-8\bin\ar.exe qc CMakeFiles\pixmap_browser.dir/objects.a @CMakeFiles\pixmap_browser.dir\objects1.rsp
C:\mingw32-8\bin\c++.exe -g -mwindows -Wl,--whole-archive CMakeFiles\pixmap_browser.dir/objects.a -Wl,--no-whole-archive
-o ..\bin\test\pixmap_browser.exe -Wl,--out-implib,..\bin\test\libpixmap_browser.dll.a -Wl,--major-image-version,0,--mino
r-image-version,0 @CMakeFiles\pixmap_browser.dir\linkLibs.rsp
[ 62%] Linking CXX executable ..\bin\test\offscreen.exe
cd /d C:\fltk\fltk\build\test && C:\cmake\3.28.1\x86_64\bin\cmake.exe -E cmake_link_script CMakeFiles\offscreen.dir\link.
txt --verbose=on
C:\cmake\3.28.1\x86_64\bin\cmake.exe -E rm -f CMakeFiles\offscreen.dir/objects.a
C:\mingw32-8\bin\ar.exe qc CMakeFiles\offscreen.dir/objects.a @CMakeFiles\offscreen.dir\objects1.rsp
C:\mingw32-8\bin\c++.exe -g -mwindows -Wl,--whole-archive CMakeFiles\offscreen.dir/objects.a -Wl,--no-whole-archive -o ..
\bin\test\offscreen.exe -Wl,--out-implib,..\bin\test\liboffscreen.dll.a -Wl,--major-image-version,0,--minor-image-version
,0 @CMakeFiles\offscreen.dir\linkLibs.rsp
mingw32-make[2]: Leaving directory 'C:/fltk/fltk/build'
[ 62%] Built target resizebox
mingw32-make  -f test\CMakeFiles\resize-example1.dir\build.make test/CMakeFiles/resize-example1.dir/depend
mingw32-make[2]: Entering directory 'C:/fltk/fltk/build'
C:\cmake\3.28.1\x86_64\bin\cmake.exe -E cmake_depends "MinGW Makefiles" C:\fltk\fltk C:\fltk\fltk\test C:\fltk\fltk\build
 C:\fltk\fltk\build\test C:\fltk\fltk\build\test\CMakeFiles\resize-example1.dir\DependInfo.cmake "--color="
mingw32-make[2]: Leaving directory 'C:/fltk/fltk/build'
mingw32-make  -f test\CMakeFiles\resize-example1.dir\build.make test/CMakeFiles/resize-example1.dir/build
mingw32-make[2]: Entering directory 'C:/fltk/fltk/build'
[ 62%] Building CXX object test/CMakeFiles/resize-example1.dir/resize-example1.cxx.obj
cd /d C:\fltk\fltk\build\test && C:\mingw32-8\bin\c++.exe -D_FILE_OFFSET_BITS=64 -D_LARGEFILE64_SOURCE -D_LARGEFILE_SOURC
E -Dresize_example1_EXPORTS @CMakeFiles/resize-example1.dir/includes_CXX.rsp -g -std=c++11 -MD -MT test/CMakeFiles/resize
-example1.dir/resize-example1.cxx.obj -MF CMakeFiles\resize-example1.dir\resize-example1.cxx.obj.d -o CMakeFiles\resize-e
xample1.dir\resize-example1.cxx.obj -c C:\fltk\fltk\test\resize-example1.cxx
mingw32-make[2]: Leaving directory 'C:/fltk/fltk/build'
[ 62%] Built target offscreen
[ 63%] Building CXX object test/CMakeFiles/resize-example1.dir/resize-arrows.cxx.obj
cd /d C:\fltk\fltk\build\test && C:\mingw32-8\bin\c++.exe -D_FILE_OFFSET_BITS=64 -D_LARGEFILE64_SOURCE -D_LARGEFILE_SOURC
E -Dresize_example1_EXPORTS @CMakeFiles/resize-example1.dir/includes_CXX.rsp -g -std=c++11 -MD -MT test/CMakeFiles/resize
-example1.dir/resize-arrows.cxx.obj -MF CMakeFiles\resize-example1.dir\resize-arrows.cxx.obj.d -o CMakeFiles\resize-examp
le1.dir\resize-arrows.cxx.obj -c C:\fltk\fltk\test\resize-arrows.cxx
mingw32-make  -f test\CMakeFiles\resize-example2.dir\build.make test/CMakeFiles/resize-example2.dir/depend
mingw32-make[2]: Entering directory 'C:/fltk/fltk/build'
C:\cmake\3.28.1\x86_64\bin\cmake.exe -E cmake_depends "MinGW Makefiles" C:\fltk\fltk C:\fltk\fltk\test C:\fltk\fltk\build
 C:\fltk\fltk\build\test C:\fltk\fltk\build\test\CMakeFiles\resize-example2.dir\DependInfo.cmake "--color="
mingw32-make[2]: Leaving directory 'C:/fltk/fltk/build'
mingw32-make  -f test\CMakeFiles\resize-example2.dir\build.make test/CMakeFiles/resize-example2.dir/build
mingw32-make[2]: Entering directory 'C:/fltk/fltk/build'
[ 63%] Building CXX object test/CMakeFiles/resize-example2.dir/resize-example2.cxx.obj
cd /d C:\fltk\fltk\build\test && C:\mingw32-8\bin\c++.exe -D_FILE_OFFSET_BITS=64 -D_LARGEFILE64_SOURCE -D_LARGEFILE_SOURC
E -Dresize_example2_EXPORTS @CMakeFiles/resize-example2.dir/includes_CXX.rsp -g -std=c++11 -MD -MT test/CMakeFiles/resize
-example2.dir/resize-example2.cxx.obj -MF CMakeFiles\resize-example2.dir\resize-example2.cxx.obj.d -o CMakeFiles\resize-e
xample2.dir\resize-example2.cxx.obj -c C:\fltk\fltk\test\resize-example2.cxx
mingw32-make[2]: Leaving directory 'C:/fltk/fltk/build'
[ 63%] Built target pixmap_browser
[ 63%] Building CXX object test/CMakeFiles/resize-example2.dir/resize-arrows.cxx.obj
cd /d C:\fltk\fltk\build\test && C:\mingw32-8\bin\c++.exe -D_FILE_OFFSET_BITS=64 -D_LARGEFILE64_SOURCE -D_LARGEFILE_SOURC
E -Dresize_example2_EXPORTS @CMakeFiles/resize-example2.dir/includes_CXX.rsp -g -std=c++11 -MD -MT test/CMakeFiles/resize
-example2.dir/resize-arrows.cxx.obj -MF CMakeFiles\resize-example2.dir\resize-arrows.cxx.obj.d -o CMakeFiles\resize-examp
le2.dir\resize-arrows.cxx.obj -c C:\fltk\fltk\test\resize-arrows.cxx
[ 63%] Linking CXX executable ..\bin\test\resize-example1.exe
cd /d C:\fltk\fltk\build\test && C:\cmake\3.28.1\x86_64\bin\cmake.exe -E cmake_link_script CMakeFiles\resize-example1.dir
\link.txt --verbose=on
C:\cmake\3.28.1\x86_64\bin\cmake.exe -E rm -f CMakeFiles\resize-example1.dir/objects.a
mingw32-make  -f test\CMakeFiles\resize-example3a.dir\build.make test/CMakeFiles/resize-example3a.dir/depend
mingw32-make[2]: Entering directory 'C:/fltk/fltk/build'
C:\cmake\3.28.1\x86_64\bin\cmake.exe -E cmake_depends "MinGW Makefiles" C:\fltk\fltk C:\fltk\fltk\test C:\fltk\fltk\build
 C:\fltk\fltk\build\test C:\fltk\fltk\build\test\CMakeFiles\resize-example3a.dir\DependInfo.cmake "--color="
C:\mingw32-8\bin\ar.exe qc CMakeFiles\resize-example1.dir/objects.a @CMakeFiles\resize-example1.dir\objects1.rsp
C:\mingw32-8\bin\c++.exe -g -mwindows -Wl,--whole-archive CMakeFiles\resize-example1.dir/objects.a -Wl,--no-whole-archive
 -o ..\bin\test\resize-example1.exe -Wl,--out-implib,..\bin\test\libresize-example1.dll.a -Wl,--major-image-version,0,--m
inor-image-version,0 @CMakeFiles\resize-example1.dir\linkLibs.rsp
mingw32-make[2]: Leaving directory 'C:/fltk/fltk/build'
mingw32-make  -f test\CMakeFiles\resize-example3a.dir\build.make test/CMakeFiles/resize-example3a.dir/build
mingw32-make[2]: Entering directory 'C:/fltk/fltk/build'
[ 63%] Building CXX object test/CMakeFiles/resize-example3a.dir/resize-example3a.cxx.obj
cd /d C:\fltk\fltk\build\test && C:\mingw32-8\bin\c++.exe -D_FILE_OFFSET_BITS=64 -D_LARGEFILE64_SOURCE -D_LARGEFILE_SOURC
E -Dresize_example3a_EXPORTS @CMakeFiles/resize-example3a.dir/includes_CXX.rsp -g -std=c++11 -MD -MT test/CMakeFiles/resi
ze-example3a.dir/resize-example3a.cxx.obj -MF CMakeFiles\resize-example3a.dir\resize-example3a.cxx.obj.d -o CMakeFiles\re
size-example3a.dir\resize-example3a.cxx.obj -c C:\fltk\fltk\test\resize-example3a.cxx
[ 63%] Linking CXX executable ..\bin\test\resize-example2.exe
cd /d C:\fltk\fltk\build\test && C:\cmake\3.28.1\x86_64\bin\cmake.exe -E cmake_link_script CMakeFiles\resize-example2.dir
\link.txt --verbose=on
C:\cmake\3.28.1\x86_64\bin\cmake.exe -E rm -f CMakeFiles\resize-example2.dir/objects.a
C:\mingw32-8\bin\ar.exe qc CMakeFiles\resize-example2.dir/objects.a @CMakeFiles\resize-example2.dir\objects1.rsp
C:\mingw32-8\bin\c++.exe -g -mwindows -Wl,--whole-archive CMakeFiles\resize-example2.dir/objects.a -Wl,--no-whole-archive
 -o ..\bin\test\resize-example2.exe -Wl,--out-implib,..\bin\test\libresize-example2.dll.a -Wl,--major-image-version,0,--m
inor-image-version,0 @CMakeFiles\resize-example2.dir\linkLibs.rsp
[ 63%] Building CXX object test/CMakeFiles/resize-example3a.dir/resize-arrows.cxx.obj
cd /d C:\fltk\fltk\build\test && C:\mingw32-8\bin\c++.exe -D_FILE_OFFSET_BITS=64 -D_LARGEFILE64_SOURCE -D_LARGEFILE_SOURC
E -Dresize_example3a_EXPORTS @CMakeFiles/resize-example3a.dir/includes_CXX.rsp -g -std=c++11 -MD -MT test/CMakeFiles/resi
ze-example3a.dir/resize-arrows.cxx.obj -MF CMakeFiles\resize-example3a.dir\resize-arrows.cxx.obj.d -o CMakeFiles\resize-e
xample3a.dir\resize-arrows.cxx.obj -c C:\fltk\fltk\test\resize-arrows.cxx
[ 64%] Linking CXX executable ..\bin\test\resize-example3a.exe
cd /d C:\fltk\fltk\build\test && C:\cmake\3.28.1\x86_64\bin\cmake.exe -E cmake_link_script CMakeFiles\resize-example3a.di
r\link.txt --verbose=on
C:\cmake\3.28.1\x86_64\bin\cmake.exe -E rm -f CMakeFiles\resize-example3a.dir/objects.a
C:\mingw32-8\bin\ar.exe qc CMakeFiles\resize-example3a.dir/objects.a @CMakeFiles\resize-example3a.dir\objects1.rsp
C:\mingw32-8\bin\c++.exe -g -mwindows -Wl,--whole-archive CMakeFiles\resize-example3a.dir/objects.a -Wl,--no-whole-archiv
e -o ..\bin\test\resize-example3a.exe -Wl,--out-implib,..\bin\test\libresize-example3a.dll.a -Wl,--major-image-version,0,
--minor-image-version,0 @CMakeFiles\resize-example3a.dir\linkLibs.rsp
mingw32-make[2]: Leaving directory 'C:/fltk/fltk/build'
[ 64%] Built target resize-example1
mingw32-make  -f test\CMakeFiles\resize-example3b.dir\build.make test/CMakeFiles/resize-example3b.dir/depend
mingw32-make[2]: Entering directory 'C:/fltk/fltk/build'
C:\cmake\3.28.1\x86_64\bin\cmake.exe -E cmake_depends "MinGW Makefiles" C:\fltk\fltk C:\fltk\fltk\test C:\fltk\fltk\build
 C:\fltk\fltk\build\test C:\fltk\fltk\build\test\CMakeFiles\resize-example3b.dir\DependInfo.cmake "--color="
mingw32-make[2]: Leaving directory 'C:/fltk/fltk/build'
mingw32-make  -f test\CMakeFiles\resize-example3b.dir\build.make test/CMakeFiles/resize-example3b.dir/build
mingw32-make[2]: Entering directory 'C:/fltk/fltk/build'
[ 64%] Building CXX object test/CMakeFiles/resize-example3b.dir/resize-example3b.cxx.obj
cd /d C:\fltk\fltk\build\test && C:\mingw32-8\bin\c++.exe -D_FILE_OFFSET_BITS=64 -D_LARGEFILE64_SOURCE -D_LARGEFILE_SOURC
E -Dresize_example3b_EXPORTS @CMakeFiles/resize-example3b.dir/includes_CXX.rsp -g -std=c++11 -MD -MT test/CMakeFiles/resi
ze-example3b.dir/resize-example3b.cxx.obj -MF CMakeFiles\resize-example3b.dir\resize-example3b.cxx.obj.d -o CMakeFiles\re
size-example3b.dir\resize-example3b.cxx.obj -c C:\fltk\fltk\test\resize-example3b.cxx
mingw32-make[2]: Leaving directory 'C:/fltk/fltk/build'
[ 64%] Built target resize-example2
[ 64%] Building CXX object test/CMakeFiles/resize-example3b.dir/resize-arrows.cxx.obj
cd /d C:\fltk\fltk\build\test && C:\mingw32-8\bin\c++.exe -D_FILE_OFFSET_BITS=64 -D_LARGEFILE64_SOURCE -D_LARGEFILE_SOURC
E -Dresize_example3b_EXPORTS @CMakeFiles/resize-example3b.dir/includes_CXX.rsp -g -std=c++11 -MD -MT test/CMakeFiles/resi
ze-example3b.dir/resize-arrows.cxx.obj -MF CMakeFiles\resize-example3b.dir\resize-arrows.cxx.obj.d -o CMakeFiles\resize-e
xample3b.dir\resize-arrows.cxx.obj -c C:\fltk\fltk\test\resize-arrows.cxx
mingw32-make  -f test\CMakeFiles\resize-example3c.dir\build.make test/CMakeFiles/resize-example3c.dir/depend
mingw32-make[2]: Entering directory 'C:/fltk/fltk/build'
C:\cmake\3.28.1\x86_64\bin\cmake.exe -E cmake_depends "MinGW Makefiles" C:\fltk\fltk C:\fltk\fltk\test C:\fltk\fltk\build
 C:\fltk\fltk\build\test C:\fltk\fltk\build\test\CMakeFiles\resize-example3c.dir\DependInfo.cmake "--color="
mingw32-make[2]: Leaving directory 'C:/fltk/fltk/build'
mingw32-make  -f test\CMakeFiles\resize-example3c.dir\build.make test/CMakeFiles/resize-example3c.dir/build
mingw32-make[2]: Entering directory 'C:/fltk/fltk/build'
[ 64%] Building CXX object test/CMakeFiles/resize-example3c.dir/resize-example3c.cxx.obj
cd /d C:\fltk\fltk\build\test && C:\mingw32-8\bin\c++.exe -D_FILE_OFFSET_BITS=64 -D_LARGEFILE64_SOURCE -D_LARGEFILE_SOURC
E -Dresize_example3c_EXPORTS @CMakeFiles/resize-example3c.dir/includes_CXX.rsp -g -std=c++11 -MD -MT test/CMakeFiles/resi
ze-example3c.dir/resize-example3c.cxx.obj -MF CMakeFiles\resize-example3c.dir\resize-example3c.cxx.obj.d -o CMakeFiles\re
size-example3c.dir\resize-example3c.cxx.obj -c C:\fltk\fltk\test\resize-example3c.cxx
[ 64%] Linking CXX executable ..\bin\test\resize-example3b.exe
cd /d C:\fltk\fltk\build\test && C:\cmake\3.28.1\x86_64\bin\cmake.exe -E cmake_link_script CMakeFiles\resize-example3b.di
r\link.txt --verbose=on
C:\cmake\3.28.1\x86_64\bin\cmake.exe -E rm -f CMakeFiles\resize-example3b.dir/objects.a
[ 64%] Building CXX object test/CMakeFiles/resize-example3c.dir/resize-arrows.cxx.obj
cd /d C:\fltk\fltk\build\test && C:\mingw32-8\bin\c++.exe -D_FILE_OFFSET_BITS=64 -D_LARGEFILE64_SOURCE -D_LARGEFILE_SOURC
E -Dresize_example3c_EXPORTS @CMakeFiles/resize-example3c.dir/includes_CXX.rsp -g -std=c++11 -MD -MT test/CMakeFiles/resi
ze-example3c.dir/resize-arrows.cxx.obj -MF CMakeFiles\resize-example3c.dir\resize-arrows.cxx.obj.d -o CMakeFiles\resize-e
xample3c.dir\resize-arrows.cxx.obj -c C:\fltk\fltk\test\resize-arrows.cxx
C:\mingw32-8\bin\ar.exe qc CMakeFiles\resize-example3b.dir/objects.a @CMakeFiles\resize-example3b.dir\objects1.rsp
C:\mingw32-8\bin\c++.exe -g -mwindows -Wl,--whole-archive CMakeFiles\resize-example3b.dir/objects.a -Wl,--no-whole-archiv
e -o ..\bin\test\resize-example3b.exe -Wl,--out-implib,..\bin\test\libresize-example3b.dll.a -Wl,--major-image-version,0,
--minor-image-version,0 @CMakeFiles\resize-example3b.dir\linkLibs.rsp
mingw32-make[2]: Leaving directory 'C:/fltk/fltk/build'
[ 64%] Built target resize-example3a
mingw32-make  -f test\CMakeFiles\resize-example4a.dir\build.make test/CMakeFiles/resize-example4a.dir/depend
mingw32-make[2]: Entering directory 'C:/fltk/fltk/build'
C:\cmake\3.28.1\x86_64\bin\cmake.exe -E cmake_depends "MinGW Makefiles" C:\fltk\fltk C:\fltk\fltk\test C:\fltk\fltk\build
 C:\fltk\fltk\build\test C:\fltk\fltk\build\test\CMakeFiles\resize-example4a.dir\DependInfo.cmake "--color="
mingw32-make[2]: Leaving directory 'C:/fltk/fltk/build'
mingw32-make  -f test\CMakeFiles\resize-example4a.dir\build.make test/CMakeFiles/resize-example4a.dir/build
mingw32-make[2]: Entering directory 'C:/fltk/fltk/build'
[ 64%] Building CXX object test/CMakeFiles/resize-example4a.dir/resize-example4a.cxx.obj
cd /d C:\fltk\fltk\build\test && C:\mingw32-8\bin\c++.exe -D_FILE_OFFSET_BITS=64 -D_LARGEFILE64_SOURCE -D_LARGEFILE_SOURC
E -Dresize_example4a_EXPORTS @CMakeFiles/resize-example4a.dir/includes_CXX.rsp -g -std=c++11 -MD -MT test/CMakeFiles/resi
ze-example4a.dir/resize-example4a.cxx.obj -MF CMakeFiles\resize-example4a.dir\resize-example4a.cxx.obj.d -o CMakeFiles\re
size-example4a.dir\resize-example4a.cxx.obj -c C:\fltk\fltk\test\resize-example4a.cxx
[ 65%] Linking CXX executable ..\bin\test\resize-example3c.exe
cd /d C:\fltk\fltk\build\test && C:\cmake\3.28.1\x86_64\bin\cmake.exe -E cmake_link_script CMakeFiles\resize-example3c.di
r\link.txt --verbose=on
C:\cmake\3.28.1\x86_64\bin\cmake.exe -E rm -f CMakeFiles\resize-example3c.dir/objects.a
C:\mingw32-8\bin\ar.exe qc CMakeFiles\resize-example3c.dir/objects.a @CMakeFiles\resize-example3c.dir\objects1.rsp
C:\mingw32-8\bin\c++.exe -g -mwindows -Wl,--whole-archive CMakeFiles\resize-example3c.dir/objects.a -Wl,--no-whole-archiv
e -o ..\bin\test\resize-example3c.exe -Wl,--out-implib,..\bin\test\libresize-example3c.dll.a -Wl,--major-image-version,0,
--minor-image-version,0 @CMakeFiles\resize-example3c.dir\linkLibs.rsp
[ 65%] Building CXX object test/CMakeFiles/resize-example4a.dir/resize-arrows.cxx.obj
cd /d C:\fltk\fltk\build\test && C:\mingw32-8\bin\c++.exe -D_FILE_OFFSET_BITS=64 -D_LARGEFILE64_SOURCE -D_LARGEFILE_SOURC
E -Dresize_example4a_EXPORTS @CMakeFiles/resize-example4a.dir/includes_CXX.rsp -g -std=c++11 -MD -MT test/CMakeFiles/resi
ze-example4a.dir/resize-arrows.cxx.obj -MF CMakeFiles\resize-example4a.dir\resize-arrows.cxx.obj.d -o CMakeFiles\resize-e
xample4a.dir\resize-arrows.cxx.obj -c C:\fltk\fltk\test\resize-arrows.cxx
[ 65%] Linking CXX executable ..\bin\test\resize-example4a.exe
cd /d C:\fltk\fltk\build\test && C:\cmake\3.28.1\x86_64\bin\cmake.exe -E cmake_link_script CMakeFiles\resize-example4a.di
r\link.txt --verbose=on
mingw32-make[2]: Leaving directory 'C:/fltk/fltk/build'
[ 65%] Built target resize-example3b
C:\cmake\3.28.1\x86_64\bin\cmake.exe -E rm -f CMakeFiles\resize-example4a.dir/objects.a
mingw32-make  -f test\CMakeFiles\resize-example4b.dir\build.make test/CMakeFiles/resize-example4b.dir/depend
mingw32-make[2]: Entering directory 'C:/fltk/fltk/build'
C:\cmake\3.28.1\x86_64\bin\cmake.exe -E cmake_depends "MinGW Makefiles" C:\fltk\fltk C:\fltk\fltk\test C:\fltk\fltk\build
 C:\fltk\fltk\build\test C:\fltk\fltk\build\test\CMakeFiles\resize-example4b.dir\DependInfo.cmake "--color="
C:\mingw32-8\bin\ar.exe qc CMakeFiles\resize-example4a.dir/objects.a @CMakeFiles\resize-example4a.dir\objects1.rsp
C:\mingw32-8\bin\c++.exe -g -mwindows -Wl,--whole-archive CMakeFiles\resize-example4a.dir/objects.a -Wl,--no-whole-archiv
e -o ..\bin\test\resize-example4a.exe -Wl,--out-implib,..\bin\test\libresize-example4a.dll.a -Wl,--major-image-version,0,
--minor-image-version,0 @CMakeFiles\resize-example4a.dir\linkLibs.rsp
mingw32-make[2]: Leaving directory 'C:/fltk/fltk/build'
mingw32-make  -f test\CMakeFiles\resize-example4b.dir\build.make test/CMakeFiles/resize-example4b.dir/build
mingw32-make[2]: Entering directory 'C:/fltk/fltk/build'
[ 65%] Building CXX object test/CMakeFiles/resize-example4b.dir/resize-example4b.cxx.obj
cd /d C:\fltk\fltk\build\test && C:\mingw32-8\bin\c++.exe -D_FILE_OFFSET_BITS=64 -D_LARGEFILE64_SOURCE -D_LARGEFILE_SOURC
E -Dresize_example4b_EXPORTS @CMakeFiles/resize-example4b.dir/includes_CXX.rsp -g -std=c++11 -MD -MT test/CMakeFiles/resi
ze-example4b.dir/resize-example4b.cxx.obj -MF CMakeFiles\resize-example4b.dir\resize-example4b.cxx.obj.d -o CMakeFiles\re
size-example4b.dir\resize-example4b.cxx.obj -c C:\fltk\fltk\test\resize-example4b.cxx
[ 65%] Building CXX object test/CMakeFiles/resize-example4b.dir/resize-arrows.cxx.obj
cd /d C:\fltk\fltk\build\test && C:\mingw32-8\bin\c++.exe -D_FILE_OFFSET_BITS=64 -D_LARGEFILE64_SOURCE -D_LARGEFILE_SOURC
E -Dresize_example4b_EXPORTS @CMakeFiles/resize-example4b.dir/includes_CXX.rsp -g -std=c++11 -MD -MT test/CMakeFiles/resi
ze-example4b.dir/resize-arrows.cxx.obj -MF CMakeFiles\resize-example4b.dir\resize-arrows.cxx.obj.d -o CMakeFiles\resize-e
xample4b.dir\resize-arrows.cxx.obj -c C:\fltk\fltk\test\resize-arrows.cxx
mingw32-make[2]: Leaving directory 'C:/fltk/fltk/build'
[ 65%] Built target resize-example3c
mingw32-make  -f test\CMakeFiles\resize-example5a.dir\build.make test/CMakeFiles/resize-example5a.dir/depend
mingw32-make[2]: Entering directory 'C:/fltk/fltk/build'
C:\cmake\3.28.1\x86_64\bin\cmake.exe -E cmake_depends "MinGW Makefiles" C:\fltk\fltk C:\fltk\fltk\test C:\fltk\fltk\build
 C:\fltk\fltk\build\test C:\fltk\fltk\build\test\CMakeFiles\resize-example5a.dir\DependInfo.cmake "--color="
mingw32-make[2]: Leaving directory 'C:/fltk/fltk/build'
mingw32-make  -f test\CMakeFiles\resize-example5a.dir\build.make test/CMakeFiles/resize-example5a.dir/build
mingw32-make[2]: Entering directory 'C:/fltk/fltk/build'
[ 66%] Building CXX object test/CMakeFiles/resize-example5a.dir/resize-example5a.cxx.obj
cd /d C:\fltk\fltk\build\test && C:\mingw32-8\bin\c++.exe -D_FILE_OFFSET_BITS=64 -D_LARGEFILE64_SOURCE -D_LARGEFILE_SOURC
E -Dresize_example5a_EXPORTS @CMakeFiles/resize-example5a.dir/includes_CXX.rsp -g -std=c++11 -MD -MT test/CMakeFiles/resi
ze-example5a.dir/resize-example5a.cxx.obj -MF CMakeFiles\resize-example5a.dir\resize-example5a.cxx.obj.d -o CMakeFiles\re
size-example5a.dir\resize-example5a.cxx.obj -c C:\fltk\fltk\test\resize-example5a.cxx
[ 66%] Building CXX object test/CMakeFiles/resize-example5a.dir/resize-arrows.cxx.obj
cd /d C:\fltk\fltk\build\test && C:\mingw32-8\bin\c++.exe -D_FILE_OFFSET_BITS=64 -D_LARGEFILE64_SOURCE -D_LARGEFILE_SOURC
E -Dresize_example5a_EXPORTS @CMakeFiles/resize-example5a.dir/includes_CXX.rsp -g -std=c++11 -MD -MT test/CMakeFiles/resi
ze-example5a.dir/resize-arrows.cxx.obj -MF CMakeFiles\resize-example5a.dir\resize-arrows.cxx.obj.d -o CMakeFiles\resize-e
xample5a.dir\resize-arrows.cxx.obj -c C:\fltk\fltk\test\resize-arrows.cxx
[ 66%] Linking CXX executable ..\bin\test\resize-example4b.exe
cd /d C:\fltk\fltk\build\test && C:\cmake\3.28.1\x86_64\bin\cmake.exe -E cmake_link_script CMakeFiles\resize-example4b.di
r\link.txt --verbose=on
C:\cmake\3.28.1\x86_64\bin\cmake.exe -E rm -f CMakeFiles\resize-example4b.dir/objects.a
C:\mingw32-8\bin\ar.exe qc CMakeFiles\resize-example4b.dir/objects.a @CMakeFiles\resize-example4b.dir\objects1.rsp
C:\mingw32-8\bin\c++.exe -g -mwindows -Wl,--whole-archive CMakeFiles\resize-example4b.dir/objects.a -Wl,--no-whole-archiv
e -o ..\bin\test\resize-example4b.exe -Wl,--out-implib,..\bin\test\libresize-example4b.dll.a -Wl,--major-image-version,0,
--minor-image-version,0 @CMakeFiles\resize-example4b.dir\linkLibs.rsp
mingw32-make[2]: Leaving directory 'C:/fltk/fltk/build'
[ 66%] Built target resize-example4a
mingw32-make  -f test\CMakeFiles\resize-example5b.dir\build.make test/CMakeFiles/resize-example5b.dir/depend
mingw32-make[2]: Entering directory 'C:/fltk/fltk/build'
C:\cmake\3.28.1\x86_64\bin\cmake.exe -E cmake_depends "MinGW Makefiles" C:\fltk\fltk C:\fltk\fltk\test C:\fltk\fltk\build
 C:\fltk\fltk\build\test C:\fltk\fltk\build\test\CMakeFiles\resize-example5b.dir\DependInfo.cmake "--color="
mingw32-make[2]: Leaving directory 'C:/fltk/fltk/build'
mingw32-make  -f test\CMakeFiles\resize-example5b.dir\build.make test/CMakeFiles/resize-example5b.dir/build
mingw32-make[2]: Entering directory 'C:/fltk/fltk/build'
[ 66%] Building CXX object test/CMakeFiles/resize-example5b.dir/resize-example5b.cxx.obj
cd /d C:\fltk\fltk\build\test && C:\mingw32-8\bin\c++.exe -D_FILE_OFFSET_BITS=64 -D_LARGEFILE64_SOURCE -D_LARGEFILE_SOURC
E -Dresize_example5b_EXPORTS @CMakeFiles/resize-example5b.dir/includes_CXX.rsp -g -std=c++11 -MD -MT test/CMakeFiles/resi
ze-example5b.dir/resize-example5b.cxx.obj -MF CMakeFiles\resize-example5b.dir\resize-example5b.cxx.obj.d -o CMakeFiles\re
size-example5b.dir\resize-example5b.cxx.obj -c C:\fltk\fltk\test\resize-example5b.cxx
[ 66%] Linking CXX executable ..\bin\test\resize-example5a.exe
cd /d C:\fltk\fltk\build\test && C:\cmake\3.28.1\x86_64\bin\cmake.exe -E cmake_link_script CMakeFiles\resize-example5a.di
r\link.txt --verbose=on
C:\cmake\3.28.1\x86_64\bin\cmake.exe -E rm -f CMakeFiles\resize-example5a.dir/objects.a
C:\mingw32-8\bin\ar.exe qc CMakeFiles\resize-example5a.dir/objects.a @CMakeFiles\resize-example5a.dir\objects1.rsp
C:\mingw32-8\bin\c++.exe -g -mwindows -Wl,--whole-archive CMakeFiles\resize-example5a.dir/objects.a -Wl,--no-whole-archiv
e -o ..\bin\test\resize-example5a.exe -Wl,--out-implib,..\bin\test\libresize-example5a.dll.a -Wl,--major-image-version,0,
--minor-image-version,0 @CMakeFiles\resize-example5a.dir\linkLibs.rsp
[ 66%] Building CXX object test/CMakeFiles/resize-example5b.dir/resize-arrows.cxx.obj
cd /d C:\fltk\fltk\build\test && C:\mingw32-8\bin\c++.exe -D_FILE_OFFSET_BITS=64 -D_LARGEFILE64_SOURCE -D_LARGEFILE_SOURC
E -Dresize_example5b_EXPORTS @CMakeFiles/resize-example5b.dir/includes_CXX.rsp -g -std=c++11 -MD -MT test/CMakeFiles/resi
ze-example5b.dir/resize-arrows.cxx.obj -MF CMakeFiles\resize-example5b.dir\resize-arrows.cxx.obj.d -o CMakeFiles\resize-e
xample5b.dir\resize-arrows.cxx.obj -c C:\fltk\fltk\test\resize-arrows.cxx
[ 66%] Linking CXX executable ..\bin\test\resize-example5b.exe
cd /d C:\fltk\fltk\build\test && C:\cmake\3.28.1\x86_64\bin\cmake.exe -E cmake_link_script CMakeFiles\resize-example5b.di
r\link.txt --verbose=on
C:\cmake\3.28.1\x86_64\bin\cmake.exe -E rm -f CMakeFiles\resize-example5b.dir/objects.a
mingw32-make[2]: Leaving directory 'C:/fltk/fltk/build'
C:\mingw32-8\bin\ar.exe qc CMakeFiles\resize-example5b.dir/objects.a @CMakeFiles\resize-example5b.dir\objects1.rsp
[ 66%] Built target resize-example4b
mingw32-make  -f test\CMakeFiles\resize-example5c.dir\build.make test/CMakeFiles/resize-example5c.dir/depend
C:\mingw32-8\bin\c++.exe -g -mwindows -Wl,--whole-archive CMakeFiles\resize-example5b.dir/objects.a -Wl,--no-whole-archiv
e -o ..\bin\test\resize-example5b.exe -Wl,--out-implib,..\bin\test\libresize-example5b.dll.a -Wl,--major-image-version,0,
--minor-image-version,0 @CMakeFiles\resize-example5b.dir\linkLibs.rsp
mingw32-make[2]: Entering directory 'C:/fltk/fltk/build'
C:\cmake\3.28.1\x86_64\bin\cmake.exe -E cmake_depends "MinGW Makefiles" C:\fltk\fltk C:\fltk\fltk\test C:\fltk\fltk\build
 C:\fltk\fltk\build\test C:\fltk\fltk\build\test\CMakeFiles\resize-example5c.dir\DependInfo.cmake "--color="
mingw32-make[2]: Leaving directory 'C:/fltk/fltk/build'
mingw32-make  -f test\CMakeFiles\resize-example5c.dir\build.make test/CMakeFiles/resize-example5c.dir/build
mingw32-make[2]: Entering directory 'C:/fltk/fltk/build'
[ 66%] Building CXX object test/CMakeFiles/resize-example5c.dir/resize-example5c.cxx.obj
cd /d C:\fltk\fltk\build\test && C:\mingw32-8\bin\c++.exe -D_FILE_OFFSET_BITS=64 -D_LARGEFILE64_SOURCE -D_LARGEFILE_SOURC
E -Dresize_example5c_EXPORTS @CMakeFiles/resize-example5c.dir/includes_CXX.rsp -g -std=c++11 -MD -MT test/CMakeFiles/resi
ze-example5c.dir/resize-example5c.cxx.obj -MF CMakeFiles\resize-example5c.dir\resize-example5c.cxx.obj.d -o CMakeFiles\re
size-example5c.dir\resize-example5c.cxx.obj -c C:\fltk\fltk\test\resize-example5c.cxx
[ 67%] Building CXX object test/CMakeFiles/resize-example5c.dir/resize-arrows.cxx.obj
cd /d C:\fltk\fltk\build\test && C:\mingw32-8\bin\c++.exe -D_FILE_OFFSET_BITS=64 -D_LARGEFILE64_SOURCE -D_LARGEFILE_SOURC
E -Dresize_example5c_EXPORTS @CMakeFiles/resize-example5c.dir/includes_CXX.rsp -g -std=c++11 -MD -MT test/CMakeFiles/resi
ze-example5c.dir/resize-arrows.cxx.obj -MF CMakeFiles\resize-example5c.dir\resize-arrows.cxx.obj.d -o CMakeFiles\resize-e
xample5c.dir\resize-arrows.cxx.obj -c C:\fltk\fltk\test\resize-arrows.cxx
mingw32-make[2]: Leaving directory 'C:/fltk/fltk/build'
[ 67%] Built target resize-example5a
mingw32-make  -f test\CMakeFiles\rotated_text.dir\build.make test/CMakeFiles/rotated_text.dir/depend
mingw32-make[2]: Entering directory 'C:/fltk/fltk/build'
C:\cmake\3.28.1\x86_64\bin\cmake.exe -E cmake_depends "MinGW Makefiles" C:\fltk\fltk C:\fltk\fltk\test C:\fltk\fltk\build
 C:\fltk\fltk\build\test C:\fltk\fltk\build\test\CMakeFiles\rotated_text.dir\DependInfo.cmake "--color="
mingw32-make[2]: Leaving directory 'C:/fltk/fltk/build'
mingw32-make  -f test\CMakeFiles\rotated_text.dir\build.make test/CMakeFiles/rotated_text.dir/build
mingw32-make[2]: Entering directory 'C:/fltk/fltk/build'
[ 67%] Building CXX object test/CMakeFiles/rotated_text.dir/rotated_text.cxx.obj
cd /d C:\fltk\fltk\build\test && C:\mingw32-8\bin\c++.exe -D_FILE_OFFSET_BITS=64 -D_LARGEFILE64_SOURCE -D_LARGEFILE_SOURC
E -Drotated_text_EXPORTS @CMakeFiles/rotated_text.dir/includes_CXX.rsp -g -std=c++11 -MD -MT test/CMakeFiles/rotated_text
.dir/rotated_text.cxx.obj -MF CMakeFiles\rotated_text.dir\rotated_text.cxx.obj.d -o CMakeFiles\rotated_text.dir\rotated_t
ext.cxx.obj -c C:\fltk\fltk\test\rotated_text.cxx
[ 67%] Linking CXX executable ..\bin\test\resize-example5c.exe
cd /d C:\fltk\fltk\build\test && C:\cmake\3.28.1\x86_64\bin\cmake.exe -E cmake_link_script CMakeFiles\resize-example5c.di
r\link.txt --verbose=on
C:\cmake\3.28.1\x86_64\bin\cmake.exe -E rm -f CMakeFiles\resize-example5c.dir/objects.a
C:\mingw32-8\bin\ar.exe qc CMakeFiles\resize-example5c.dir/objects.a @CMakeFiles\resize-example5c.dir\objects1.rsp
C:\mingw32-8\bin\c++.exe -g -mwindows -Wl,--whole-archive CMakeFiles\resize-example5c.dir/objects.a -Wl,--no-whole-archiv
e -o ..\bin\test\resize-example5c.exe -Wl,--out-implib,..\bin\test\libresize-example5c.dll.a -Wl,--major-image-version,0,
--minor-image-version,0 @CMakeFiles\resize-example5c.dir\linkLibs.rsp
mingw32-make[2]: Leaving directory 'C:/fltk/fltk/build'
[ 67%] Built target resize-example5b
mingw32-make  -f test\CMakeFiles\scroll.dir\build.make test/CMakeFiles/scroll.dir/depend
mingw32-make[2]: Entering directory 'C:/fltk/fltk/build'
C:\cmake\3.28.1\x86_64\bin\cmake.exe -E cmake_depends "MinGW Makefiles" C:\fltk\fltk C:\fltk\fltk\test C:\fltk\fltk\build
 C:\fltk\fltk\build\test C:\fltk\fltk\build\test\CMakeFiles\scroll.dir\DependInfo.cmake "--color="
mingw32-make[2]: Leaving directory 'C:/fltk/fltk/build'
mingw32-make  -f test\CMakeFiles\scroll.dir\build.make test/CMakeFiles/scroll.dir/build
mingw32-make[2]: Entering directory 'C:/fltk/fltk/build'
[ 67%] Building CXX object test/CMakeFiles/scroll.dir/scroll.cxx.obj
cd /d C:\fltk\fltk\build\test && C:\mingw32-8\bin\c++.exe -D_FILE_OFFSET_BITS=64 -D_LARGEFILE64_SOURCE -D_LARGEFILE_SOURC
E -Dscroll_EXPORTS @CMakeFiles/scroll.dir/includes_CXX.rsp -g -std=c++11 -MD -MT test/CMakeFiles/scroll.dir/scroll.cxx.ob
j -MF CMakeFiles\scroll.dir\scroll.cxx.obj.d -o CMakeFiles\scroll.dir\scroll.cxx.obj -c C:\fltk\fltk\test\scroll.cxx
[ 67%] Linking CXX executable ..\bin\test\rotated_text.exe
cd /d C:\fltk\fltk\build\test && C:\cmake\3.28.1\x86_64\bin\cmake.exe -E cmake_link_script CMakeFiles\rotated_text.dir\li
nk.txt --verbose=on
C:\cmake\3.28.1\x86_64\bin\cmake.exe -E rm -f CMakeFiles\rotated_text.dir/objects.a
C:\mingw32-8\bin\ar.exe qc CMakeFiles\rotated_text.dir/objects.a @CMakeFiles\rotated_text.dir\objects1.rsp
C:\mingw32-8\bin\c++.exe -g -mwindows -Wl,--whole-archive CMakeFiles\rotated_text.dir/objects.a -Wl,--no-whole-archive -o
 ..\bin\test\rotated_text.exe -Wl,--out-implib,..\bin\test\librotated_text.dll.a -Wl,--major-image-version,0,--minor-imag
e-version,0 @CMakeFiles\rotated_text.dir\linkLibs.rsp
[ 68%] Linking CXX executable ..\bin\test\scroll.exe
cd /d C:\fltk\fltk\build\test && C:\cmake\3.28.1\x86_64\bin\cmake.exe -E cmake_link_script CMakeFiles\scroll.dir\link.txt
 --verbose=on
C:\cmake\3.28.1\x86_64\bin\cmake.exe -E rm -f CMakeFiles\scroll.dir/objects.a
C:\mingw32-8\bin\ar.exe qc CMakeFiles\scroll.dir/objects.a @CMakeFiles\scroll.dir\objects1.rsp
C:\mingw32-8\bin\c++.exe -g -mwindows -Wl,--whole-archive CMakeFiles\scroll.dir/objects.a -Wl,--no-whole-archive -o ..\bi
n\test\scroll.exe -Wl,--out-implib,..\bin\test\libscroll.dll.a -Wl,--major-image-version,0,--minor-image-version,0 @CMake
Files\scroll.dir\linkLibs.rsp
mingw32-make[2]: Leaving directory 'C:/fltk/fltk/build'
[ 68%] Built target resize-example5c
mingw32-make  -f test\CMakeFiles\subwindow.dir\build.make test/CMakeFiles/subwindow.dir/depend
mingw32-make[2]: Entering directory 'C:/fltk/fltk/build'
C:\cmake\3.28.1\x86_64\bin\cmake.exe -E cmake_depends "MinGW Makefiles" C:\fltk\fltk C:\fltk\fltk\test C:\fltk\fltk\build
 C:\fltk\fltk\build\test C:\fltk\fltk\build\test\CMakeFiles\subwindow.dir\DependInfo.cmake "--color="
mingw32-make[2]: Leaving directory 'C:/fltk/fltk/build'
mingw32-make  -f test\CMakeFiles\subwindow.dir\build.make test/CMakeFiles/subwindow.dir/build
mingw32-make[2]: Entering directory 'C:/fltk/fltk/build'
[ 68%] Building CXX object test/CMakeFiles/subwindow.dir/subwindow.cxx.obj
cd /d C:\fltk\fltk\build\test && C:\mingw32-8\bin\c++.exe -D_FILE_OFFSET_BITS=64 -D_LARGEFILE64_SOURCE -D_LARGEFILE_SOURC
E -Dsubwindow_EXPORTS @CMakeFiles/subwindow.dir/includes_CXX.rsp -g -std=c++11 -MD -MT test/CMakeFiles/subwindow.dir/subw
indow.cxx.obj -MF CMakeFiles\subwindow.dir\subwindow.cxx.obj.d -o CMakeFiles\subwindow.dir\subwindow.cxx.obj -c C:\fltk\f
ltk\test\subwindow.cxx
mingw32-make[2]: Leaving directory 'C:/fltk/fltk/build'
[ 68%] Built target rotated_text
mingw32-make  -f test\CMakeFiles\symbols.dir\build.make test/CMakeFiles/symbols.dir/depend
mingw32-make[2]: Entering directory 'C:/fltk/fltk/build'
C:\cmake\3.28.1\x86_64\bin\cmake.exe -E cmake_depends "MinGW Makefiles" C:\fltk\fltk C:\fltk\fltk\test C:\fltk\fltk\build
 C:\fltk\fltk\build\test C:\fltk\fltk\build\test\CMakeFiles\symbols.dir\DependInfo.cmake "--color="
mingw32-make[2]: Leaving directory 'C:/fltk/fltk/build'
mingw32-make  -f test\CMakeFiles\symbols.dir\build.make test/CMakeFiles/symbols.dir/build
mingw32-make[2]: Entering directory 'C:/fltk/fltk/build'
[ 68%] Building CXX object test/CMakeFiles/symbols.dir/symbols.cxx.obj
cd /d C:\fltk\fltk\build\test && C:\mingw32-8\bin\c++.exe -D_FILE_OFFSET_BITS=64 -D_LARGEFILE64_SOURCE -D_LARGEFILE_SOURC
E -Dsymbols_EXPORTS @CMakeFiles/symbols.dir/includes_CXX.rsp -g -std=c++11 -MD -MT test/CMakeFiles/symbols.dir/symbols.cx
x.obj -MF CMakeFiles\symbols.dir\symbols.cxx.obj.d -o CMakeFiles\symbols.dir\symbols.cxx.obj -c C:\fltk\fltk\test\symbols
.cxx
[ 68%] Linking CXX executable ..\bin\test\subwindow.exe
cd /d C:\fltk\fltk\build\test && C:\cmake\3.28.1\x86_64\bin\cmake.exe -E cmake_link_script CMakeFiles\subwindow.dir\link.
txt --verbose=on
C:\cmake\3.28.1\x86_64\bin\cmake.exe -E rm -f CMakeFiles\subwindow.dir/objects.a
C:\mingw32-8\bin\ar.exe qc CMakeFiles\subwindow.dir/objects.a @CMakeFiles\subwindow.dir\objects1.rsp
C:\mingw32-8\bin\c++.exe -g -mwindows -Wl,--whole-archive CMakeFiles\subwindow.dir/objects.a -Wl,--no-whole-archive -o ..
\bin\test\subwindow.exe -Wl,--out-implib,..\bin\test\libsubwindow.dll.a -Wl,--major-image-version,0,--minor-image-version
,0 @CMakeFiles\subwindow.dir\linkLibs.rsp
mingw32-make[2]: Leaving directory 'C:/fltk/fltk/build'
[ 68%] Built target scroll
mingw32-make  -f test\CMakeFiles\table.dir\build.make test/CMakeFiles/table.dir/depend
mingw32-make[2]: Entering directory 'C:/fltk/fltk/build'
C:\cmake\3.28.1\x86_64\bin\cmake.exe -E cmake_depends "MinGW Makefiles" C:\fltk\fltk C:\fltk\fltk\test C:\fltk\fltk\build
 C:\fltk\fltk\build\test C:\fltk\fltk\build\test\CMakeFiles\table.dir\DependInfo.cmake "--color="
mingw32-make[2]: Leaving directory 'C:/fltk/fltk/build'
mingw32-make  -f test\CMakeFiles\table.dir\build.make test/CMakeFiles/table.dir/build
mingw32-make[2]: Entering directory 'C:/fltk/fltk/build'
[ 68%] Building CXX object test/CMakeFiles/table.dir/table.cxx.obj
cd /d C:\fltk\fltk\build\test && C:\mingw32-8\bin\c++.exe -D_FILE_OFFSET_BITS=64 -D_LARGEFILE64_SOURCE -D_LARGEFILE_SOURC
E -Dtable_EXPORTS @CMakeFiles/table.dir/includes_CXX.rsp -g -std=c++11 -MD -MT test/CMakeFiles/table.dir/table.cxx.obj -M
F CMakeFiles\table.dir\table.cxx.obj.d -o CMakeFiles\table.dir\table.cxx.obj -c C:\fltk\fltk\test\table.cxx
[ 69%] Linking CXX executable ..\bin\test\symbols.exe
cd /d C:\fltk\fltk\build\test && C:\cmake\3.28.1\x86_64\bin\cmake.exe -E cmake_link_script CMakeFiles\symbols.dir\link.tx
t --verbose=on
C:\cmake\3.28.1\x86_64\bin\cmake.exe -E rm -f CMakeFiles\symbols.dir/objects.a
C:\mingw32-8\bin\ar.exe qc CMakeFiles\symbols.dir/objects.a @CMakeFiles\symbols.dir\objects1.rsp
C:\mingw32-8\bin\c++.exe -g -mwindows -Wl,--whole-archive CMakeFiles\symbols.dir/objects.a -Wl,--no-whole-archive -o ..\b
in\test\symbols.exe -Wl,--out-implib,..\bin\test\libsymbols.dll.a -Wl,--major-image-version,0,--minor-image-version,0 @CM
akeFiles\symbols.dir\linkLibs.rsp
[ 69%] Linking CXX executable ..\bin\test\table.exe
cd /d C:\fltk\fltk\build\test && C:\cmake\3.28.1\x86_64\bin\cmake.exe -E cmake_link_script CMakeFiles\table.dir\link.txt
--verbose=on
mingw32-make[2]: Leaving directory 'C:/fltk/fltk/build'
C:\cmake\3.28.1\x86_64\bin\cmake.exe -E rm -f CMakeFiles\table.dir/objects.a
[ 69%] Built target subwindow
mingw32-make  -f test\CMakeFiles\threads.dir\build.make test/CMakeFiles/threads.dir/depend
C:\mingw32-8\bin\ar.exe qc CMakeFiles\table.dir/objects.a @CMakeFiles\table.dir\objects1.rsp
mingw32-make[2]: Entering directory 'C:/fltk/fltk/build'
C:\cmake\3.28.1\x86_64\bin\cmake.exe -E cmake_depends "MinGW Makefiles" C:\fltk\fltk C:\fltk\fltk\test C:\fltk\fltk\build
 C:\fltk\fltk\build\test C:\fltk\fltk\build\test\CMakeFiles\threads.dir\DependInfo.cmake "--color="
C:\mingw32-8\bin\c++.exe -g -mwindows -Wl,--whole-archive CMakeFiles\table.dir/objects.a -Wl,--no-whole-archive -o ..\bin
\test\table.exe -Wl,--out-implib,..\bin\test\libtable.dll.a -Wl,--major-image-version,0,--minor-image-version,0 @CMakeFil
es\table.dir\linkLibs.rsp
mingw32-make[2]: Leaving directory 'C:/fltk/fltk/build'
mingw32-make  -f test\CMakeFiles\threads.dir\build.make test/CMakeFiles/threads.dir/build
mingw32-make[2]: Entering directory 'C:/fltk/fltk/build'
[ 69%] Building CXX object test/CMakeFiles/threads.dir/threads.cxx.obj
cd /d C:\fltk\fltk\build\test && C:\mingw32-8\bin\c++.exe -D_FILE_OFFSET_BITS=64 -D_LARGEFILE64_SOURCE -D_LARGEFILE_SOURC
E -Dthreads_EXPORTS @CMakeFiles/threads.dir/includes_CXX.rsp -g -std=c++11 -MD -MT test/CMakeFiles/threads.dir/threads.cx
x.obj -MF CMakeFiles\threads.dir\threads.cxx.obj.d -o CMakeFiles\threads.dir\threads.cxx.obj -c C:\fltk\fltk\test\threads
.cxx
mingw32-make[2]: Leaving directory 'C:/fltk/fltk/build'
[ 69%] Built target symbols
mingw32-make  -f test\CMakeFiles\tile.dir\build.make test/CMakeFiles/tile.dir/depend
mingw32-make[2]: Entering directory 'C:/fltk/fltk/build'
C:\cmake\3.28.1\x86_64\bin\cmake.exe -E cmake_depends "MinGW Makefiles" C:\fltk\fltk C:\fltk\fltk\test C:\fltk\fltk\build
 C:\fltk\fltk\build\test C:\fltk\fltk\build\test\CMakeFiles\tile.dir\DependInfo.cmake "--color="
mingw32-make[2]: Leaving directory 'C:/fltk/fltk/build'
mingw32-make  -f test\CMakeFiles\tile.dir\build.make test/CMakeFiles/tile.dir/build
mingw32-make[2]: Entering directory 'C:/fltk/fltk/build'
[ 69%] Building CXX object test/CMakeFiles/tile.dir/tile.cxx.obj
cd /d C:\fltk\fltk\build\test && C:\mingw32-8\bin\c++.exe -D_FILE_OFFSET_BITS=64 -D_LARGEFILE64_SOURCE -D_LARGEFILE_SOURC
E -Dtile_EXPORTS @CMakeFiles/tile.dir/includes_CXX.rsp -g -std=c++11 -MD -MT test/CMakeFiles/tile.dir/tile.cxx.obj -MF CM
akeFiles\tile.dir\tile.cxx.obj.d -o CMakeFiles\tile.dir\tile.cxx.obj -c C:\fltk\fltk\test\tile.cxx
[ 69%] Linking CXX executable ..\bin\test\tile.exe
cd /d C:\fltk\fltk\build\test && C:\cmake\3.28.1\x86_64\bin\cmake.exe -E cmake_link_script CMakeFiles\tile.dir\link.txt -
-verbose=on
C:\cmake\3.28.1\x86_64\bin\cmake.exe -E rm -f CMakeFiles\tile.dir/objects.a
C:\mingw32-8\bin\ar.exe qc CMakeFiles\tile.dir/objects.a @CMakeFiles\tile.dir\objects1.rsp
C:\mingw32-8\bin\c++.exe -g -mwindows -Wl,--whole-archive CMakeFiles\tile.dir/objects.a -Wl,--no-whole-archive -o ..\bin\
test\tile.exe -Wl,--out-implib,..\bin\test\libtile.dll.a -Wl,--major-image-version,0,--minor-image-version,0 @CMakeFiles\
tile.dir\linkLibs.rsp
mingw32-make[2]: Leaving directory 'C:/fltk/fltk/build'
[ 69%] Built target table
mingw32-make  -f test\CMakeFiles\tiled_image.dir\build.make test/CMakeFiles/tiled_image.dir/depend
mingw32-make[2]: Entering directory 'C:/fltk/fltk/build'
C:\cmake\3.28.1\x86_64\bin\cmake.exe -E cmake_depends "MinGW Makefiles" C:\fltk\fltk C:\fltk\fltk\test C:\fltk\fltk\build
 C:\fltk\fltk\build\test C:\fltk\fltk\build\test\CMakeFiles\tiled_image.dir\DependInfo.cmake "--color="
mingw32-make[2]: Leaving directory 'C:/fltk/fltk/build'
mingw32-make  -f test\CMakeFiles\tiled_image.dir\build.make test/CMakeFiles/tiled_image.dir/build
mingw32-make[2]: Entering directory 'C:/fltk/fltk/build'
[ 69%] Building CXX object test/CMakeFiles/tiled_image.dir/tiled_image.cxx.obj
cd /d C:\fltk\fltk\build\test && C:\mingw32-8\bin\c++.exe -D_FILE_OFFSET_BITS=64 -D_LARGEFILE64_SOURCE -D_LARGEFILE_SOURC
E -Dtiled_image_EXPORTS @CMakeFiles/tiled_image.dir/includes_CXX.rsp -g -std=c++11 -MD -MT test/CMakeFiles/tiled_image.di
r/tiled_image.cxx.obj -MF CMakeFiles\tiled_image.dir\tiled_image.cxx.obj.d -o CMakeFiles\tiled_image.dir\tiled_image.cxx.
obj -c C:\fltk\fltk\test\tiled_image.cxx
[ 70%] Linking CXX executable ..\bin\test\threads.exe
cd /d C:\fltk\fltk\build\test && C:\cmake\3.28.1\x86_64\bin\cmake.exe -E cmake_link_script CMakeFiles\threads.dir\link.tx
t --verbose=on
C:\cmake\3.28.1\x86_64\bin\cmake.exe -E rm -f CMakeFiles\threads.dir/objects.a
C:\mingw32-8\bin\ar.exe qc CMakeFiles\threads.dir/objects.a @CMakeFiles\threads.dir\objects1.rsp
C:\mingw32-8\bin\c++.exe -g -mwindows -Wl,--whole-archive CMakeFiles\threads.dir/objects.a -Wl,--no-whole-archive -o ..\b
in\test\threads.exe -Wl,--out-implib,..\bin\test\libthreads.dll.a -Wl,--major-image-version,0,--minor-image-version,0 @CM
akeFiles\threads.dir\linkLibs.rsp
mingw32-make[2]: Leaving directory 'C:/fltk/fltk/build'
[ 70%] Built target tile
mingw32-make  -f test\CMakeFiles\twowin.dir\build.make test/CMakeFiles/twowin.dir/depend
mingw32-make[2]: Entering directory 'C:/fltk/fltk/build'
C:\cmake\3.28.1\x86_64\bin\cmake.exe -E cmake_depends "MinGW Makefiles" C:\fltk\fltk C:\fltk\fltk\test C:\fltk\fltk\build
 C:\fltk\fltk\build\test C:\fltk\fltk\build\test\CMakeFiles\twowin.dir\DependInfo.cmake "--color="
mingw32-make[2]: Leaving directory 'C:/fltk/fltk/build'
mingw32-make  -f test\CMakeFiles\twowin.dir\build.make test/CMakeFiles/twowin.dir/build
mingw32-make[2]: Entering directory 'C:/fltk/fltk/build'
[ 70%] Building CXX object test/CMakeFiles/twowin.dir/twowin.cxx.obj
cd /d C:\fltk\fltk\build\test && C:\mingw32-8\bin\c++.exe -D_FILE_OFFSET_BITS=64 -D_LARGEFILE64_SOURCE -D_LARGEFILE_SOURC
E -Dtwowin_EXPORTS @CMakeFiles/twowin.dir/includes_CXX.rsp -g -std=c++11 -MD -MT test/CMakeFiles/twowin.dir/twowin.cxx.ob
j -MF CMakeFiles\twowin.dir\twowin.cxx.obj.d -o CMakeFiles\twowin.dir\twowin.cxx.obj -c C:\fltk\fltk\test\twowin.cxx
[ 70%] Linking CXX executable ..\bin\test\twowin.exe
cd /d C:\fltk\fltk\build\test && C:\cmake\3.28.1\x86_64\bin\cmake.exe -E cmake_link_script CMakeFiles\twowin.dir\link.txt
 --verbose=on
C:\cmake\3.28.1\x86_64\bin\cmake.exe -E rm -f CMakeFiles\twowin.dir/objects.a
C:\mingw32-8\bin\ar.exe qc CMakeFiles\twowin.dir/objects.a @CMakeFiles\twowin.dir\objects1.rsp
C:\mingw32-8\bin\c++.exe -g -mwindows -Wl,--whole-archive CMakeFiles\twowin.dir/objects.a -Wl,--no-whole-archive -o ..\bi
n\test\twowin.exe -Wl,--out-implib,..\bin\test\libtwowin.dll.a -Wl,--major-image-version,0,--minor-image-version,0 @CMake
Files\twowin.dir\linkLibs.rsp
[ 70%] Linking CXX executable ..\bin\test\tiled_image.exe
cd /d C:\fltk\fltk\build\test && C:\cmake\3.28.1\x86_64\bin\cmake.exe -E cmake_link_script CMakeFiles\tiled_image.dir\lin
k.txt --verbose=on
C:\cmake\3.28.1\x86_64\bin\cmake.exe -E rm -f CMakeFiles\tiled_image.dir/objects.a
C:\mingw32-8\bin\ar.exe qc CMakeFiles\tiled_image.dir/objects.a @CMakeFiles\tiled_image.dir\objects1.rsp
C:\mingw32-8\bin\c++.exe -g -mwindows -Wl,--whole-archive CMakeFiles\tiled_image.dir/objects.a -Wl,--no-whole-archive -o
..\bin\test\tiled_image.exe -Wl,--out-implib,..\bin\test\libtiled_image.dll.a -Wl,--major-image-version,0,--minor-image-v
ersion,0 @CMakeFiles\tiled_image.dir\linkLibs.rsp
mingw32-make[2]: Leaving directory 'C:/fltk/fltk/build'
[ 70%] Built target threads
mingw32-make  -f test\CMakeFiles\utf8.dir\build.make test/CMakeFiles/utf8.dir/depend
mingw32-make[2]: Entering directory 'C:/fltk/fltk/build'
C:\cmake\3.28.1\x86_64\bin\cmake.exe -E cmake_depends "MinGW Makefiles" C:\fltk\fltk C:\fltk\fltk\test C:\fltk\fltk\build
 C:\fltk\fltk\build\test C:\fltk\fltk\build\test\CMakeFiles\utf8.dir\DependInfo.cmake "--color="
mingw32-make[2]: Leaving directory 'C:/fltk/fltk/build'
mingw32-make  -f test\CMakeFiles\utf8.dir\build.make test/CMakeFiles/utf8.dir/build
mingw32-make[2]: Entering directory 'C:/fltk/fltk/build'
[ 70%] Building CXX object test/CMakeFiles/utf8.dir/utf8.cxx.obj
cd /d C:\fltk\fltk\build\test && C:\mingw32-8\bin\c++.exe -D_FILE_OFFSET_BITS=64 -D_LARGEFILE64_SOURCE -D_LARGEFILE_SOURC
E -Dutf8_EXPORTS @CMakeFiles/utf8.dir/includes_CXX.rsp -g -std=c++11 -MD -MT test/CMakeFiles/utf8.dir/utf8.cxx.obj -MF CM
akeFiles\utf8.dir\utf8.cxx.obj.d -o CMakeFiles\utf8.dir\utf8.cxx.obj -c C:\fltk\fltk\test\utf8.cxx
mingw32-make[2]: Leaving directory 'C:/fltk/fltk/build'
[ 70%] Built target twowin
mingw32-make  -f test\CMakeFiles\windowfocus.dir\build.make test/CMakeFiles/windowfocus.dir/depend
mingw32-make[2]: Entering directory 'C:/fltk/fltk/build'
C:\cmake\3.28.1\x86_64\bin\cmake.exe -E cmake_depends "MinGW Makefiles" C:\fltk\fltk C:\fltk\fltk\test C:\fltk\fltk\build
 C:\fltk\fltk\build\test C:\fltk\fltk\build\test\CMakeFiles\windowfocus.dir\DependInfo.cmake "--color="
mingw32-make[2]: Leaving directory 'C:/fltk/fltk/build'
mingw32-make  -f test\CMakeFiles\windowfocus.dir\build.make test/CMakeFiles/windowfocus.dir/build
mingw32-make[2]: Entering directory 'C:/fltk/fltk/build'
[ 70%] Building CXX object test/CMakeFiles/windowfocus.dir/windowfocus.cxx.obj
cd /d C:\fltk\fltk\build\test && C:\mingw32-8\bin\c++.exe -D_FILE_OFFSET_BITS=64 -D_LARGEFILE64_SOURCE -D_LARGEFILE_SOURC
E -Dwindowfocus_EXPORTS @CMakeFiles/windowfocus.dir/includes_CXX.rsp -g -std=c++11 -MD -MT test/CMakeFiles/windowfocus.di
r/windowfocus.cxx.obj -MF CMakeFiles\windowfocus.dir\windowfocus.cxx.obj.d -o CMakeFiles\windowfocus.dir\windowfocus.cxx.
obj -c C:\fltk\fltk\test\windowfocus.cxx
mingw32-make[2]: Leaving directory 'C:/fltk/fltk/build'
[ 70%] Built target tiled_image
mingw32-make  -f test\CMakeFiles\wizard.dir\build.make test/CMakeFiles/wizard.dir/depend
mingw32-make[2]: Entering directory 'C:/fltk/fltk/build'
C:\cmake\3.28.1\x86_64\bin\cmake.exe -E cmake_depends "MinGW Makefiles" C:\fltk\fltk C:\fltk\fltk\test C:\fltk\fltk\build
 C:\fltk\fltk\build\test C:\fltk\fltk\build\test\CMakeFiles\wizard.dir\DependInfo.cmake "--color="
mingw32-make[2]: Leaving directory 'C:/fltk/fltk/build'
mingw32-make  -f test\CMakeFiles\wizard.dir\build.make test/CMakeFiles/wizard.dir/build
mingw32-make[2]: Entering directory 'C:/fltk/fltk/build'
[ 70%] Building CXX object test/CMakeFiles/wizard.dir/wizard.cxx.obj
cd /d C:\fltk\fltk\build\test && C:\mingw32-8\bin\c++.exe -D_FILE_OFFSET_BITS=64 -D_LARGEFILE64_SOURCE -D_LARGEFILE_SOURC
E -Dwizard_EXPORTS @CMakeFiles/wizard.dir/includes_CXX.rsp -g -std=c++11 -MD -MT test/CMakeFiles/wizard.dir/wizard.cxx.ob
j -MF CMakeFiles\wizard.dir\wizard.cxx.obj.d -o CMakeFiles\wizard.dir\wizard.cxx.obj -c C:\fltk\fltk\test\wizard.cxx
[ 70%] Linking CXX executable ..\bin\test\windowfocus.exe
cd /d C:\fltk\fltk\build\test && C:\cmake\3.28.1\x86_64\bin\cmake.exe -E cmake_link_script CMakeFiles\windowfocus.dir\lin
k.txt --verbose=on
C:\cmake\3.28.1\x86_64\bin\cmake.exe -E rm -f CMakeFiles\windowfocus.dir/objects.a
C:\mingw32-8\bin\ar.exe qc CMakeFiles\windowfocus.dir/objects.a @CMakeFiles\windowfocus.dir\objects1.rsp
C:\mingw32-8\bin\c++.exe -g -mwindows -Wl,--whole-archive CMakeFiles\windowfocus.dir/objects.a -Wl,--no-whole-archive -o
..\bin\test\windowfocus.exe -Wl,--out-implib,..\bin\test\libwindowfocus.dll.a -Wl,--major-image-version,0,--minor-image-v
ersion,0 @CMakeFiles\windowfocus.dir\linkLibs.rsp
[ 70%] Linking CXX executable ..\bin\test\utf8.exe
cd /d C:\fltk\fltk\build\test && C:\cmake\3.28.1\x86_64\bin\cmake.exe -E cmake_link_script CMakeFiles\utf8.dir\link.txt -
-verbose=on
C:\cmake\3.28.1\x86_64\bin\cmake.exe -E rm -f CMakeFiles\utf8.dir/objects.a
C:\mingw32-8\bin\ar.exe qc CMakeFiles\utf8.dir/objects.a @CMakeFiles\utf8.dir\objects1.rsp
C:\mingw32-8\bin\c++.exe -g -mwindows -Wl,--whole-archive CMakeFiles\utf8.dir/objects.a -Wl,--no-whole-archive -o ..\bin\
test\utf8.exe -Wl,--out-implib,..\bin\test\libutf8.dll.a -Wl,--major-image-version,0,--minor-image-version,0 @CMakeFiles\
utf8.dir\linkLibs.rsp
[ 70%] Linking CXX executable ..\bin\test\wizard.exe
cd /d C:\fltk\fltk\build\test && C:\cmake\3.28.1\x86_64\bin\cmake.exe -E cmake_link_script CMakeFiles\wizard.dir\link.txt
 --verbose=on
C:\cmake\3.28.1\x86_64\bin\cmake.exe -E rm -f CMakeFiles\wizard.dir/objects.a
C:\mingw32-8\bin\ar.exe qc CMakeFiles\wizard.dir/objects.a @CMakeFiles\wizard.dir\objects1.rsp
C:\mingw32-8\bin\c++.exe -g -mwindows -Wl,--whole-archive CMakeFiles\wizard.dir/objects.a -Wl,--no-whole-archive -o ..\bi
n\test\wizard.exe -Wl,--out-implib,..\bin\test\libwizard.dll.a -Wl,--major-image-version,0,--minor-image-version,0 @CMake
Files\wizard.dir\linkLibs.rsp
mingw32-make[2]: Leaving directory 'C:/fltk/fltk/build'
[ 70%] Built target windowfocus
mingw32-make  -f test\CMakeFiles\blocks.dir\build.make test/CMakeFiles/blocks.dir/depend
mingw32-make[2]: Entering directory 'C:/fltk/fltk/build'
C:\cmake\3.28.1\x86_64\bin\cmake.exe -E cmake_depends "MinGW Makefiles" C:\fltk\fltk C:\fltk\fltk\test C:\fltk\fltk\build
 C:\fltk\fltk\build\test C:\fltk\fltk\build\test\CMakeFiles\blocks.dir\DependInfo.cmake "--color="
mingw32-make[2]: Leaving directory 'C:/fltk/fltk/build'
mingw32-make  -f test\CMakeFiles\blocks.dir\build.make test/CMakeFiles/blocks.dir/build
mingw32-make[2]: Entering directory 'C:/fltk/fltk/build'
[ 70%] Building CXX object test/CMakeFiles/blocks.dir/blocks.cxx.obj
cd /d C:\fltk\fltk\build\test && C:\mingw32-8\bin\c++.exe -D_FILE_OFFSET_BITS=64 -D_LARGEFILE64_SOURCE -D_LARGEFILE_SOURC
E -Dblocks_EXPORTS @CMakeFiles/blocks.dir/includes_CXX.rsp -g -std=c++11 -MD -MT test/CMakeFiles/blocks.dir/blocks.cxx.ob
j -MF CMakeFiles\blocks.dir\blocks.cxx.obj.d -o CMakeFiles\blocks.dir\blocks.cxx.obj -c C:\fltk\fltk\test\blocks.cxx
mingw32-make[2]: Leaving directory 'C:/fltk/fltk/build'
[ 70%] Built target utf8
mingw32-make  -f test\CMakeFiles\sudoku.dir\build.make test/CMakeFiles/sudoku.dir/depend
mingw32-make[2]: Entering directory 'C:/fltk/fltk/build'
C:\cmake\3.28.1\x86_64\bin\cmake.exe -E cmake_depends "MinGW Makefiles" C:\fltk\fltk C:\fltk\fltk\test C:\fltk\fltk\build
 C:\fltk\fltk\build\test C:\fltk\fltk\build\test\CMakeFiles\sudoku.dir\DependInfo.cmake "--color="
Dependee "C:\fltk\fltk\build\test\CMakeFiles\sudoku.dir\DependInfo.cmake" is newer than depender "C:/fltk/fltk/build/test
/CMakeFiles/sudoku.dir/depend.internal".
Dependee "C:/fltk/fltk/build/test/CMakeFiles/CMakeDirectoryInformation.cmake" is newer than depender "C:/fltk/fltk/build/
test/CMakeFiles/sudoku.dir/depend.internal".
Scanning dependencies of target sudoku
mingw32-make[2]: Leaving directory 'C:/fltk/fltk/build'
mingw32-make  -f test\CMakeFiles\sudoku.dir\build.make test/CMakeFiles/sudoku.dir/build
mingw32-make[2]: Entering directory 'C:/fltk/fltk/build'
[ 70%] Building CXX object test/CMakeFiles/sudoku.dir/sudoku.cxx.obj
cd /d C:\fltk\fltk\build\test && C:\mingw32-8\bin\c++.exe -D_FILE_OFFSET_BITS=64 -D_LARGEFILE64_SOURCE -D_LARGEFILE_SOURC
E -Dsudoku_EXPORTS @CMakeFiles/sudoku.dir/includes_CXX.rsp -g -std=c++11 -MD -MT test/CMakeFiles/sudoku.dir/sudoku.cxx.ob
j -MF CMakeFiles\sudoku.dir\sudoku.cxx.obj.d -o CMakeFiles\sudoku.dir\sudoku.cxx.obj -c C:\fltk\fltk\test\sudoku.cxx
mingw32-make[2]: Leaving directory 'C:/fltk/fltk/build'
[ 70%] Built target wizard
[ 70%] Building RC object test/CMakeFiles/sudoku.dir/sudoku.rc.obj
cd /d C:\fltk\fltk\build\test && C:\mingw32-8\bin\windres.exe -O coff -D_FILE_OFFSET_BITS=64 -D_LARGEFILE64_SOURCE -D_LAR
GEFILE_SOURCE -Dsudoku_EXPORTS -I C:\fltk\fltk\zlib -I C:\fltk\fltk\png -I C:\fltk\fltk\jpeg -I C:\fltk\fltk\build\test -
I C:\fltk\fltk\test -I C:\fltk\fltk\build\src\.. -I C:\fltk\fltk\src\..  C:\fltk\fltk\test\sudoku.rc CMakeFiles\sudoku.di
r\sudoku.rc.obj
mingw32-make  -f test\CMakeFiles\unittests.dir\build.make test/CMakeFiles/unittests.dir/depend
mingw32-make[2]: Entering directory 'C:/fltk/fltk/build'
C:\cmake\3.28.1\x86_64\bin\cmake.exe -E cmake_depends "MinGW Makefiles" C:\fltk\fltk C:\fltk\fltk\test C:\fltk\fltk\build
 C:\fltk\fltk\build\test C:\fltk\fltk\build\test\CMakeFiles\unittests.dir\DependInfo.cmake "--color="
mingw32-make[2]: Leaving directory 'C:/fltk/fltk/build'
mingw32-make  -f test\CMakeFiles\unittests.dir\build.make test/CMakeFiles/unittests.dir/build
mingw32-make[2]: Entering directory 'C:/fltk/fltk/build'
[ 71%] Building CXX object test/CMakeFiles/unittests.dir/unittests.cxx.obj
cd /d C:\fltk\fltk\build\test && C:\mingw32-8\bin\c++.exe -D_FILE_OFFSET_BITS=64 -D_LARGEFILE64_SOURCE -D_LARGEFILE_SOURC
E -Dunittests_EXPORTS @CMakeFiles/unittests.dir/includes_CXX.rsp -g -std=c++11 -MD -MT test/CMakeFiles/unittests.dir/unit
tests.cxx.obj -MF CMakeFiles\unittests.dir\unittests.cxx.obj.d -o CMakeFiles\unittests.dir\unittests.cxx.obj -c C:\fltk\f
ltk\test\unittests.cxx
[ 71%] Building CXX object test/CMakeFiles/unittests.dir/unittest_about.cxx.obj
cd /d C:\fltk\fltk\build\test && C:\mingw32-8\bin\c++.exe -D_FILE_OFFSET_BITS=64 -D_LARGEFILE64_SOURCE -D_LARGEFILE_SOURC
E -Dunittests_EXPORTS @CMakeFiles/unittests.dir/includes_CXX.rsp -g -std=c++11 -MD -MT test/CMakeFiles/unittests.dir/unit
test_about.cxx.obj -MF CMakeFiles\unittests.dir\unittest_about.cxx.obj.d -o CMakeFiles\unittests.dir\unittest_about.cxx.o
bj -c C:\fltk\fltk\test\unittest_about.cxx
[ 71%] Linking CXX executable ..\bin\test\blocks.exe
cd /d C:\fltk\fltk\build\test && C:\cmake\3.28.1\x86_64\bin\cmake.exe -E cmake_link_script CMakeFiles\blocks.dir\link.txt
 --verbose=on
C:\cmake\3.28.1\x86_64\bin\cmake.exe -E rm -f CMakeFiles\blocks.dir/objects.a
C:\mingw32-8\bin\ar.exe qc CMakeFiles\blocks.dir/objects.a @CMakeFiles\blocks.dir\objects1.rsp
C:\mingw32-8\bin\c++.exe -g -mwindows -Wl,--whole-archive CMakeFiles\blocks.dir/objects.a -Wl,--no-whole-archive -o ..\bi
n\test\blocks.exe -Wl,--out-implib,..\bin\test\libblocks.dll.a -Wl,--major-image-version,0,--minor-image-version,0 @CMake
Files\blocks.dir\linkLibs.rsp
[ 71%] Building CXX object test/CMakeFiles/unittests.dir/unittest_points.cxx.obj
cd /d C:\fltk\fltk\build\test && C:\mingw32-8\bin\c++.exe -D_FILE_OFFSET_BITS=64 -D_LARGEFILE64_SOURCE -D_LARGEFILE_SOURC
E -Dunittests_EXPORTS @CMakeFiles/unittests.dir/includes_CXX.rsp -g -std=c++11 -MD -MT test/CMakeFiles/unittests.dir/unit
test_points.cxx.obj -MF CMakeFiles\unittests.dir\unittest_points.cxx.obj.d -o CMakeFiles\unittests.dir\unittest_points.cx
x.obj -c C:\fltk\fltk\test\unittest_points.cxx
[ 71%] Linking CXX executable ..\bin\test\sudoku.exe
cd /d C:\fltk\fltk\build\test && C:\cmake\3.28.1\x86_64\bin\cmake.exe -E cmake_link_script CMakeFiles\sudoku.dir\link.txt
 --verbose=on
C:\cmake\3.28.1\x86_64\bin\cmake.exe -E rm -f CMakeFiles\sudoku.dir/objects.a
C:\mingw32-8\bin\ar.exe qc CMakeFiles\sudoku.dir/objects.a @CMakeFiles\sudoku.dir\objects1.rsp
C:\mingw32-8\bin\c++.exe -g -mwindows -Wl,--whole-archive CMakeFiles\sudoku.dir/objects.a -Wl,--no-whole-archive -o ..\bi
n\test\sudoku.exe -Wl,--out-implib,..\bin\test\libsudoku.dll.a -Wl,--major-image-version,0,--minor-image-version,0 @CMake
Files\sudoku.dir\linkLibs.rsp
[ 71%] Building CXX object test/CMakeFiles/unittests.dir/unittest_core.cxx.obj
cd /d C:\fltk\fltk\build\test && C:\mingw32-8\bin\c++.exe -D_FILE_OFFSET_BITS=64 -D_LARGEFILE64_SOURCE -D_LARGEFILE_SOURC
E -Dunittests_EXPORTS @CMakeFiles/unittests.dir/includes_CXX.rsp -g -std=c++11 -MD -MT test/CMakeFiles/unittests.dir/unit
test_core.cxx.obj -MF CMakeFiles\unittests.dir\unittest_core.cxx.obj.d -o CMakeFiles\unittests.dir\unittest_core.cxx.obj
-c C:\fltk\fltk\test\unittest_core.cxx
mingw32-make[2]: Leaving directory 'C:/fltk/fltk/build'
[ 71%] Built target blocks
[ 71%] Building CXX object test/CMakeFiles/unittests.dir/unittest_complex_shapes.cxx.obj
cd /d C:\fltk\fltk\build\test && C:\mingw32-8\bin\c++.exe -D_FILE_OFFSET_BITS=64 -D_LARGEFILE64_SOURCE -D_LARGEFILE_SOURC
E -Dunittests_EXPORTS @CMakeFiles/unittests.dir/includes_CXX.rsp -g -std=c++11 -MD -MT test/CMakeFiles/unittests.dir/unit
test_complex_shapes.cxx.obj -MF CMakeFiles\unittests.dir\unittest_complex_shapes.cxx.obj.d -o CMakeFiles\unittests.dir\un
ittest_complex_shapes.cxx.obj -c C:\fltk\fltk\test\unittest_complex_shapes.cxx
mingw32-make  -f test\CMakeFiles\shadow_variables.dir\build.make test/CMakeFiles/shadow_variables.dir/depend
mingw32-make[2]: Entering directory 'C:/fltk/fltk/build'
C:\cmake\3.28.1\x86_64\bin\cmake.exe -E cmake_depends "MinGW Makefiles" C:\fltk\fltk C:\fltk\fltk\test C:\fltk\fltk\build
 C:\fltk\fltk\build\test C:\fltk\fltk\build\test\CMakeFiles\shadow_variables.dir\DependInfo.cmake "--color="
mingw32-make[2]: Leaving directory 'C:/fltk/fltk/build'
mingw32-make  -f test\CMakeFiles\shadow_variables.dir\build.make test/CMakeFiles/shadow_variables.dir/build
mingw32-make[2]: Entering directory 'C:/fltk/fltk/build'
[ 71%] Building CXX object test/CMakeFiles/shadow_variables.dir/shadow_variables.cxx.obj
cd /d C:\fltk\fltk\build\test && C:\mingw32-8\bin\c++.exe -D_FILE_OFFSET_BITS=64 -D_LARGEFILE64_SOURCE -D_LARGEFILE_SOURC
E -Dshadow_variables_EXPORTS @CMakeFiles/shadow_variables.dir/includes_CXX.rsp -g -std=c++11 -Wshadow -MD -MT test/CMakeF
iles/shadow_variables.dir/shadow_variables.cxx.obj -MF CMakeFiles\shadow_variables.dir\shadow_variables.cxx.obj.d -o CMak
eFiles\shadow_variables.dir\shadow_variables.cxx.obj -c C:\fltk\fltk\test\shadow_variables.cxx
[ 71%] Building CXX object test/CMakeFiles/unittests.dir/unittest_fast_shapes.cxx.obj
cd /d C:\fltk\fltk\build\test && C:\mingw32-8\bin\c++.exe -D_FILE_OFFSET_BITS=64 -D_LARGEFILE64_SOURCE -D_LARGEFILE_SOURC
E -Dunittests_EXPORTS @CMakeFiles/unittests.dir/includes_CXX.rsp -g -std=c++11 -MD -MT test/CMakeFiles/unittests.dir/unit
test_fast_shapes.cxx.obj -MF CMakeFiles\unittests.dir\unittest_fast_shapes.cxx.obj.d -o CMakeFiles\unittests.dir\unittest
_fast_shapes.cxx.obj -c C:\fltk\fltk\test\unittest_fast_shapes.cxx
mingw32-make[2]: Leaving directory 'C:/fltk/fltk/build'
[ 71%] Built target sudoku
[ 72%] Building CXX object test/CMakeFiles/unittests.dir/unittest_circles.cxx.obj
cd /d C:\fltk\fltk\build\test && C:\mingw32-8\bin\c++.exe -D_FILE_OFFSET_BITS=64 -D_LARGEFILE64_SOURCE -D_LARGEFILE_SOURC
E -Dunittests_EXPORTS @CMakeFiles/unittests.dir/includes_CXX.rsp -g -std=c++11 -MD -MT test/CMakeFiles/unittests.dir/unit
test_circles.cxx.obj -MF CMakeFiles\unittests.dir\unittest_circles.cxx.obj.d -o CMakeFiles\unittests.dir\unittest_circles
.cxx.obj -c C:\fltk\fltk\test\unittest_circles.cxx
mingw32-make  -f examples\CMakeFiles\browser-simple.dir\build.make examples/CMakeFiles/browser-simple.dir/depend
mingw32-make[2]: Entering directory 'C:/fltk/fltk/build'
C:\cmake\3.28.1\x86_64\bin\cmake.exe -E cmake_depends "MinGW Makefiles" C:\fltk\fltk C:\fltk\fltk\examples C:\fltk\fltk\b
uild C:\fltk\fltk\build\examples C:\fltk\fltk\build\examples\CMakeFiles\browser-simple.dir\DependInfo.cmake "--color="
mingw32-make[2]: Leaving directory 'C:/fltk/fltk/build'
mingw32-make  -f examples\CMakeFiles\browser-simple.dir\build.make examples/CMakeFiles/browser-simple.dir/build
mingw32-make[2]: Entering directory 'C:/fltk/fltk/build'
[ 72%] Building CXX object examples/CMakeFiles/browser-simple.dir/browser-simple.cxx.obj
cd /d C:\fltk\fltk\build\examples && C:\mingw32-8\bin\c++.exe -D_FILE_OFFSET_BITS=64 -D_LARGEFILE64_SOURCE -D_LARGEFILE_S
OURCE -Dbrowser_simple_EXPORTS @CMakeFiles/browser-simple.dir/includes_CXX.rsp -g -std=c++11 -MD -MT examples/CMakeFiles/
browser-simple.dir/browser-simple.cxx.obj -MF CMakeFiles\browser-simple.dir\browser-simple.cxx.obj.d -o CMakeFiles\browse
r-simple.dir\browser-simple.cxx.obj -c C:\fltk\fltk\examples\browser-simple.cxx
[ 72%] Building CXX object test/CMakeFiles/unittests.dir/unittest_text.cxx.obj
cd /d C:\fltk\fltk\build\test && C:\mingw32-8\bin\c++.exe -D_FILE_OFFSET_BITS=64 -D_LARGEFILE64_SOURCE -D_LARGEFILE_SOURC
E -Dunittests_EXPORTS @CMakeFiles/unittests.dir/includes_CXX.rsp -g -std=c++11 -MD -MT test/CMakeFiles/unittests.dir/unit
test_text.cxx.obj -MF CMakeFiles\unittests.dir\unittest_text.cxx.obj.d -o CMakeFiles\unittests.dir\unittest_text.cxx.obj
-c C:\fltk\fltk\test\unittest_text.cxx
[ 72%] Linking CXX executable ..\bin\examples\browser-simple.exe
cd /d C:\fltk\fltk\build\examples && C:\cmake\3.28.1\x86_64\bin\cmake.exe -E cmake_link_script CMakeFiles\browser-simple.
dir\link.txt --verbose=on
C:\cmake\3.28.1\x86_64\bin\cmake.exe -E rm -f CMakeFiles\browser-simple.dir/objects.a
C:\mingw32-8\bin\ar.exe qc CMakeFiles\browser-simple.dir/objects.a @CMakeFiles\browser-simple.dir\objects1.rsp
C:\mingw32-8\bin\c++.exe -g -mwindows -Wl,--whole-archive CMakeFiles\browser-simple.dir/objects.a -Wl,--no-whole-archive
-o ..\bin\examples\browser-simple.exe -Wl,--out-implib,..\bin\examples\libbrowser-simple.dll.a -Wl,--major-image-version,
0,--minor-image-version,0 @CMakeFiles\browser-simple.dir\linkLibs.rsp
[ 72%] Building CXX object test/CMakeFiles/unittests.dir/unittest_unicode.cxx.obj
cd /d C:\fltk\fltk\build\test && C:\mingw32-8\bin\c++.exe -D_FILE_OFFSET_BITS=64 -D_LARGEFILE64_SOURCE -D_LARGEFILE_SOURC
E -Dunittests_EXPORTS @CMakeFiles/unittests.dir/includes_CXX.rsp -g -std=c++11 -MD -MT test/CMakeFiles/unittests.dir/unit
test_unicode.cxx.obj -MF CMakeFiles\unittests.dir\unittest_unicode.cxx.obj.d -o CMakeFiles\unittests.dir\unittest_unicode
.cxx.obj -c C:\fltk\fltk\test\unittest_unicode.cxx
[ 72%] Building CXX object test/CMakeFiles/unittests.dir/unittest_symbol.cxx.obj
cd /d C:\fltk\fltk\build\test && C:\mingw32-8\bin\c++.exe -D_FILE_OFFSET_BITS=64 -D_LARGEFILE64_SOURCE -D_LARGEFILE_SOURC
E -Dunittests_EXPORTS @CMakeFiles/unittests.dir/includes_CXX.rsp -g -std=c++11 -MD -MT test/CMakeFiles/unittests.dir/unit
test_symbol.cxx.obj -MF CMakeFiles\unittests.dir\unittest_symbol.cxx.obj.d -o CMakeFiles\unittests.dir\unittest_symbol.cx
x.obj -c C:\fltk\fltk\test\unittest_symbol.cxx
[ 72%] Linking CXX executable ..\bin\test\shadow_variables.exe
cd /d C:\fltk\fltk\build\test && C:\cmake\3.28.1\x86_64\bin\cmake.exe -E cmake_link_script CMakeFiles\shadow_variables.di
r\link.txt --verbose=on
C:\cmake\3.28.1\x86_64\bin\cmake.exe -E rm -f CMakeFiles\shadow_variables.dir/objects.a
C:\mingw32-8\bin\ar.exe qc CMakeFiles\shadow_variables.dir/objects.a @CMakeFiles\shadow_variables.dir\objects1.rsp
C:\mingw32-8\bin\c++.exe -g -mwindows -Wl,--whole-archive CMakeFiles\shadow_variables.dir/objects.a -Wl,--no-whole-archiv
e -o ..\bin\test\shadow_variables.exe -Wl,--out-implib,..\bin\test\libshadow_variables.dll.a -Wl,--major-image-version,0,
--minor-image-version,0 @CMakeFiles\shadow_variables.dir\linkLibs.rsp
mingw32-make[2]: Leaving directory 'C:/fltk/fltk/build'
[ 72%] Built target shadow_variables
[ 72%] Building CXX object test/CMakeFiles/unittests.dir/unittest_images.cxx.obj
cd /d C:\fltk\fltk\build\test && C:\mingw32-8\bin\c++.exe -D_FILE_OFFSET_BITS=64 -D_LARGEFILE64_SOURCE -D_LARGEFILE_SOURC
E -Dunittests_EXPORTS @CMakeFiles/unittests.dir/includes_CXX.rsp -g -std=c++11 -MD -MT test/CMakeFiles/unittests.dir/unit
test_images.cxx.obj -MF CMakeFiles\unittests.dir\unittest_images.cxx.obj.d -o CMakeFiles\unittests.dir\unittest_images.cx
x.obj -c C:\fltk\fltk\test\unittest_images.cxx
mingw32-make[2]: Leaving directory 'C:/fltk/fltk/build'
[ 72%] Built target browser-simple
[ 72%] Building CXX object test/CMakeFiles/unittests.dir/unittest_viewport.cxx.obj
cd /d C:\fltk\fltk\build\test && C:\mingw32-8\bin\c++.exe -D_FILE_OFFSET_BITS=64 -D_LARGEFILE64_SOURCE -D_LARGEFILE_SOURC
E -Dunittests_EXPORTS @CMakeFiles/unittests.dir/includes_CXX.rsp -g -std=c++11 -MD -MT test/CMakeFiles/unittests.dir/unit
test_viewport.cxx.obj -MF CMakeFiles\unittests.dir\unittest_viewport.cxx.obj.d -o CMakeFiles\unittests.dir\unittest_viewp
ort.cxx.obj -c C:\fltk\fltk\test\unittest_viewport.cxx
mingw32-make  -f examples\CMakeFiles\callbacks.dir\build.make examples/CMakeFiles/callbacks.dir/depend
mingw32-make[2]: Entering directory 'C:/fltk/fltk/build'
C:\cmake\3.28.1\x86_64\bin\cmake.exe -E cmake_depends "MinGW Makefiles" C:\fltk\fltk C:\fltk\fltk\examples C:\fltk\fltk\b
uild C:\fltk\fltk\build\examples C:\fltk\fltk\build\examples\CMakeFiles\callbacks.dir\DependInfo.cmake "--color="
mingw32-make[2]: Leaving directory 'C:/fltk/fltk/build'
mingw32-make  -f examples\CMakeFiles\callbacks.dir\build.make examples/CMakeFiles/callbacks.dir/build
mingw32-make[2]: Entering directory 'C:/fltk/fltk/build'
[ 72%] Building CXX object examples/CMakeFiles/callbacks.dir/callbacks.cxx.obj
cd /d C:\fltk\fltk\build\examples && C:\mingw32-8\bin\c++.exe -D_FILE_OFFSET_BITS=64 -D_LARGEFILE64_SOURCE -D_LARGEFILE_S
OURCE -Dcallbacks_EXPORTS @CMakeFiles/callbacks.dir/includes_CXX.rsp -g -std=c++11 -MD -MT examples/CMakeFiles/callbacks.
dir/callbacks.cxx.obj -MF CMakeFiles\callbacks.dir\callbacks.cxx.obj.d -o CMakeFiles\callbacks.dir\callbacks.cxx.obj -c C
:\fltk\fltk\examples\callbacks.cxx
mingw32-make  -f examples\CMakeFiles\chart-simple.dir\build.make examples/CMakeFiles/chart-simple.dir/depend
mingw32-make[2]: Entering directory 'C:/fltk/fltk/build'
C:\cmake\3.28.1\x86_64\bin\cmake.exe -E cmake_depends "MinGW Makefiles" C:\fltk\fltk C:\fltk\fltk\examples C:\fltk\fltk\b
uild C:\fltk\fltk\build\examples C:\fltk\fltk\build\examples\CMakeFiles\chart-simple.dir\DependInfo.cmake "--color="
mingw32-make[2]: Leaving directory 'C:/fltk/fltk/build'
mingw32-make  -f examples\CMakeFiles\chart-simple.dir\build.make examples/CMakeFiles/chart-simple.dir/build
mingw32-make[2]: Entering directory 'C:/fltk/fltk/build'
[ 72%] Building CXX object examples/CMakeFiles/chart-simple.dir/chart-simple.cxx.obj
cd /d C:\fltk\fltk\build\examples && C:\mingw32-8\bin\c++.exe -D_FILE_OFFSET_BITS=64 -D_LARGEFILE64_SOURCE -D_LARGEFILE_S
OURCE -Dchart_simple_EXPORTS @CMakeFiles/chart-simple.dir/includes_CXX.rsp -g -std=c++11 -MD -MT examples/CMakeFiles/char
t-simple.dir/chart-simple.cxx.obj -MF CMakeFiles\chart-simple.dir\chart-simple.cxx.obj.d -o CMakeFiles\chart-simple.dir\c
hart-simple.cxx.obj -c C:\fltk\fltk\examples\chart-simple.cxx
[ 72%] Building CXX object test/CMakeFiles/unittests.dir/unittest_scrollbarsize.cxx.obj
cd /d C:\fltk\fltk\build\test && C:\mingw32-8\bin\c++.exe -D_FILE_OFFSET_BITS=64 -D_LARGEFILE64_SOURCE -D_LARGEFILE_SOURC
E -Dunittests_EXPORTS @CMakeFiles/unittests.dir/includes_CXX.rsp -g -std=c++11 -MD -MT test/CMakeFiles/unittests.dir/unit
test_scrollbarsize.cxx.obj -MF CMakeFiles\unittests.dir\unittest_scrollbarsize.cxx.obj.d -o CMakeFiles\unittests.dir\unit
test_scrollbarsize.cxx.obj -c C:\fltk\fltk\test\unittest_scrollbarsize.cxx
[ 72%] Linking CXX executable ..\bin\examples\callbacks.exe
cd /d C:\fltk\fltk\build\examples && C:\cmake\3.28.1\x86_64\bin\cmake.exe -E cmake_link_script CMakeFiles\callbacks.dir\l
ink.txt --verbose=on
C:\cmake\3.28.1\x86_64\bin\cmake.exe -E rm -f CMakeFiles\callbacks.dir/objects.a
C:\mingw32-8\bin\ar.exe qc CMakeFiles\callbacks.dir/objects.a @CMakeFiles\callbacks.dir\objects1.rsp
C:\mingw32-8\bin\c++.exe -g -mwindows -Wl,--whole-archive CMakeFiles\callbacks.dir/objects.a -Wl,--no-whole-archive -o ..
\bin\examples\callbacks.exe -Wl,--out-implib,..\bin\examples\libcallbacks.dll.a -Wl,--major-image-version,0,--minor-image
-version,0 @CMakeFiles\callbacks.dir\linkLibs.rsp
[ 72%] Linking CXX executable ..\bin\examples\chart-simple.exe
cd /d C:\fltk\fltk\build\examples && C:\cmake\3.28.1\x86_64\bin\cmake.exe -E cmake_link_script CMakeFiles\chart-simple.di
r\link.txt --verbose=on
C:\cmake\3.28.1\x86_64\bin\cmake.exe -E rm -f CMakeFiles\chart-simple.dir/objects.a
C:\mingw32-8\bin\ar.exe qc CMakeFiles\chart-simple.dir/objects.a @CMakeFiles\chart-simple.dir\objects1.rsp
C:\mingw32-8\bin\c++.exe -g -mwindows -Wl,--whole-archive CMakeFiles\chart-simple.dir/objects.a -Wl,--no-whole-archive -o
 ..\bin\examples\chart-simple.exe -Wl,--out-implib,..\bin\examples\libchart-simple.dll.a -Wl,--major-image-version,0,--mi
nor-image-version,0 @CMakeFiles\chart-simple.dir\linkLibs.rsp
[ 73%] Building CXX object test/CMakeFiles/unittests.dir/unittest_schemes.cxx.obj
cd /d C:\fltk\fltk\build\test && C:\mingw32-8\bin\c++.exe -D_FILE_OFFSET_BITS=64 -D_LARGEFILE64_SOURCE -D_LARGEFILE_SOURC
E -Dunittests_EXPORTS @CMakeFiles/unittests.dir/includes_CXX.rsp -g -std=c++11 -MD -MT test/CMakeFiles/unittests.dir/unit
test_schemes.cxx.obj -MF CMakeFiles\unittests.dir\unittest_schemes.cxx.obj.d -o CMakeFiles\unittests.dir\unittest_schemes
.cxx.obj -c C:\fltk\fltk\test\unittest_schemes.cxx
mingw32-make[2]: Leaving directory 'C:/fltk/fltk/build'
[ 73%] Built target callbacks
[ 73%] Building CXX object test/CMakeFiles/unittests.dir/unittest_terminal.cxx.obj
cd /d C:\fltk\fltk\build\test && C:\mingw32-8\bin\c++.exe -D_FILE_OFFSET_BITS=64 -D_LARGEFILE64_SOURCE -D_LARGEFILE_SOURC
E -Dunittests_EXPORTS @CMakeFiles/unittests.dir/includes_CXX.rsp -g -std=c++11 -MD -MT test/CMakeFiles/unittests.dir/unit
test_terminal.cxx.obj -MF CMakeFiles\unittests.dir\unittest_terminal.cxx.obj.d -o CMakeFiles\unittests.dir\unittest_termi
nal.cxx.obj -c C:\fltk\fltk\test\unittest_terminal.cxx
mingw32-make  -f examples\CMakeFiles\draggable-group.dir\build.make examples/CMakeFiles/draggable-group.dir/depend
mingw32-make[2]: Entering directory 'C:/fltk/fltk/build'
C:\cmake\3.28.1\x86_64\bin\cmake.exe -E cmake_depends "MinGW Makefiles" C:\fltk\fltk C:\fltk\fltk\examples C:\fltk\fltk\b
uild C:\fltk\fltk\build\examples C:\fltk\fltk\build\examples\CMakeFiles\draggable-group.dir\DependInfo.cmake "--color="
mingw32-make[2]: Leaving directory 'C:/fltk/fltk/build'
mingw32-make  -f examples\CMakeFiles\draggable-group.dir\build.make examples/CMakeFiles/draggable-group.dir/build
mingw32-make[2]: Entering directory 'C:/fltk/fltk/build'
[ 73%] Building CXX object examples/CMakeFiles/draggable-group.dir/draggable-group.cxx.obj
cd /d C:\fltk\fltk\build\examples && C:\mingw32-8\bin\c++.exe -D_FILE_OFFSET_BITS=64 -D_LARGEFILE64_SOURCE -D_LARGEFILE_S
OURCE -Ddraggable_group_EXPORTS @CMakeFiles/draggable-group.dir/includes_CXX.rsp -g -std=c++11 -MD -MT examples/CMakeFile
s/draggable-group.dir/draggable-group.cxx.obj -MF CMakeFiles\draggable-group.dir\draggable-group.cxx.obj.d -o CMakeFiles\
draggable-group.dir\draggable-group.cxx.obj -c C:\fltk\fltk\examples\draggable-group.cxx
mingw32-make[2]: Leaving directory 'C:/fltk/fltk/build'
[ 73%] Built target chart-simple
mingw32-make  -f examples\CMakeFiles\grid-simple.dir\build.make examples/CMakeFiles/grid-simple.dir/depend
mingw32-make[2]: Entering directory 'C:/fltk/fltk/build'
C:\cmake\3.28.1\x86_64\bin\cmake.exe -E cmake_depends "MinGW Makefiles" C:\fltk\fltk C:\fltk\fltk\examples C:\fltk\fltk\b
uild C:\fltk\fltk\build\examples C:\fltk\fltk\build\examples\CMakeFiles\grid-simple.dir\DependInfo.cmake "--color="
mingw32-make[2]: Leaving directory 'C:/fltk/fltk/build'
mingw32-make  -f examples\CMakeFiles\grid-simple.dir\build.make examples/CMakeFiles/grid-simple.dir/build
mingw32-make[2]: Entering directory 'C:/fltk/fltk/build'
[ 73%] Building CXX object examples/CMakeFiles/grid-simple.dir/grid-simple.cxx.obj
cd /d C:\fltk\fltk\build\examples && C:\mingw32-8\bin\c++.exe -D_FILE_OFFSET_BITS=64 -D_LARGEFILE64_SOURCE -D_LARGEFILE_S
OURCE -Dgrid_simple_EXPORTS @CMakeFiles/grid-simple.dir/includes_CXX.rsp -g -std=c++11 -MD -MT examples/CMakeFiles/grid-s
imple.dir/grid-simple.cxx.obj -MF CMakeFiles\grid-simple.dir\grid-simple.cxx.obj.d -o CMakeFiles\grid-simple.dir\grid-sim
ple.cxx.obj -c C:\fltk\fltk\examples\grid-simple.cxx
[ 74%] Linking CXX executable ..\bin\examples\draggable-group.exe
cd /d C:\fltk\fltk\build\examples && C:\cmake\3.28.1\x86_64\bin\cmake.exe -E cmake_link_script CMakeFiles\draggable-group
.dir\link.txt --verbose=on
C:\cmake\3.28.1\x86_64\bin\cmake.exe -E rm -f CMakeFiles\draggable-group.dir/objects.a
[ 74%] Linking CXX executable ..\bin\test\unittests.exe
cd /d C:\fltk\fltk\build\test && C:\cmake\3.28.1\x86_64\bin\cmake.exe -E cmake_link_script CMakeFiles\unittests.dir\link.
txt --verbose=on
C:\mingw32-8\bin\ar.exe qc CMakeFiles\draggable-group.dir/objects.a @CMakeFiles\draggable-group.dir\objects1.rsp
C:\mingw32-8\bin\c++.exe -g -mwindows -Wl,--whole-archive CMakeFiles\draggable-group.dir/objects.a -Wl,--no-whole-archive
 -o ..\bin\examples\draggable-group.exe -Wl,--out-implib,..\bin\examples\libdraggable-group.dll.a -Wl,--major-image-versi
on,0,--minor-image-version,0 @CMakeFiles\draggable-group.dir\linkLibs.rsp
C:\cmake\3.28.1\x86_64\bin\cmake.exe -E rm -f CMakeFiles\unittests.dir/objects.a
C:\mingw32-8\bin\ar.exe qc CMakeFiles\unittests.dir/objects.a @CMakeFiles\unittests.dir\objects1.rsp
C:\mingw32-8\bin\c++.exe -g -mwindows -Wl,--whole-archive CMakeFiles\unittests.dir/objects.a -Wl,--no-whole-archive -o ..
\bin\test\unittests.exe -Wl,--out-implib,..\bin\test\libunittests.dll.a -Wl,--major-image-version,0,--minor-image-version
,0 @CMakeFiles\unittests.dir\linkLibs.rsp
[ 74%] Linking CXX executable ..\bin\examples\grid-simple.exe
cd /d C:\fltk\fltk\build\examples && C:\cmake\3.28.1\x86_64\bin\cmake.exe -E cmake_link_script CMakeFiles\grid-simple.dir
\link.txt --verbose=on
C:\cmake\3.28.1\x86_64\bin\cmake.exe -E rm -f CMakeFiles\grid-simple.dir/objects.a
C:\mingw32-8\bin\ar.exe qc CMakeFiles\grid-simple.dir/objects.a @CMakeFiles\grid-simple.dir\objects1.rsp
C:\mingw32-8\bin\c++.exe -g -mwindows -Wl,--whole-archive CMakeFiles\grid-simple.dir/objects.a -Wl,--no-whole-archive -o
..\bin\examples\grid-simple.exe -Wl,--out-implib,..\bin\examples\libgrid-simple.dll.a -Wl,--major-image-version,0,--minor
-image-version,0 @CMakeFiles\grid-simple.dir\linkLibs.rsp
mingw32-make[2]: Leaving directory 'C:/fltk/fltk/build'
[ 74%] Built target draggable-group
mingw32-make  -f examples\CMakeFiles\howto-add_fd-and-popen.dir\build.make examples/CMakeFiles/howto-add_fd-and-popen.dir
/depend
mingw32-make[2]: Entering directory 'C:/fltk/fltk/build'
C:\cmake\3.28.1\x86_64\bin\cmake.exe -E cmake_depends "MinGW Makefiles" C:\fltk\fltk C:\fltk\fltk\examples C:\fltk\fltk\b
uild C:\fltk\fltk\build\examples C:\fltk\fltk\build\examples\CMakeFiles\howto-add_fd-and-popen.dir\DependInfo.cmake "--co
lor="
mingw32-make[2]: Leaving directory 'C:/fltk/fltk/build'
mingw32-make  -f examples\CMakeFiles\howto-add_fd-and-popen.dir\build.make examples/CMakeFiles/howto-add_fd-and-popen.dir
/build
mingw32-make[2]: Entering directory 'C:/fltk/fltk/build'
mingw32-make[2]: Leaving directory 'C:/fltk/fltk/build'
[ 74%] Building CXX object examples/CMakeFiles/howto-add_fd-and-popen.dir/howto-add_fd-and-popen.cxx.obj
cd /d C:\fltk\fltk\build\examples && C:\mingw32-8\bin\c++.exe -D_FILE_OFFSET_BITS=64 -D_LARGEFILE64_SOURCE -D_LARGEFILE_S
OURCE -Dhowto_add_fd_and_popen_EXPORTS @CMakeFiles/howto-add_fd-and-popen.dir/includes_CXX.rsp -g -std=c++11 -MD -MT exam
ples/CMakeFiles/howto-add_fd-and-popen.dir/howto-add_fd-and-popen.cxx.obj -MF CMakeFiles\howto-add_fd-and-popen.dir\howto
-add_fd-and-popen.cxx.obj.d -o CMakeFiles\howto-add_fd-and-popen.dir\howto-add_fd-and-popen.cxx.obj -c C:\fltk\fltk\examp
les\howto-add_fd-and-popen.cxx
[ 74%] Built target grid-simple
mingw32-make  -f examples\CMakeFiles\howto-browser-with-icons.dir\build.make examples/CMakeFiles/howto-browser-with-icons
.dir/depend
mingw32-make[2]: Entering directory 'C:/fltk/fltk/build'
C:\cmake\3.28.1\x86_64\bin\cmake.exe -E cmake_depends "MinGW Makefiles" C:\fltk\fltk C:\fltk\fltk\examples C:\fltk\fltk\b
uild C:\fltk\fltk\build\examples C:\fltk\fltk\build\examples\CMakeFiles\howto-browser-with-icons.dir\DependInfo.cmake "--
color="
mingw32-make[2]: Leaving directory 'C:/fltk/fltk/build'
mingw32-make  -f examples\CMakeFiles\howto-browser-with-icons.dir\build.make examples/CMakeFiles/howto-browser-with-icons
.dir/build
mingw32-make[2]: Entering directory 'C:/fltk/fltk/build'
[ 75%] Building CXX object examples/CMakeFiles/howto-browser-with-icons.dir/howto-browser-with-icons.cxx.obj
cd /d C:\fltk\fltk\build\examples && C:\mingw32-8\bin\c++.exe -D_FILE_OFFSET_BITS=64 -D_LARGEFILE64_SOURCE -D_LARGEFILE_S
OURCE -Dhowto_browser_with_icons_EXPORTS @CMakeFiles/howto-browser-with-icons.dir/includes_CXX.rsp -g -std=c++11 -MD -MT
examples/CMakeFiles/howto-browser-with-icons.dir/howto-browser-with-icons.cxx.obj -MF CMakeFiles\howto-browser-with-icons
.dir\howto-browser-with-icons.cxx.obj.d -o CMakeFiles\howto-browser-with-icons.dir\howto-browser-with-icons.cxx.obj -c C:
\fltk\fltk\examples\howto-browser-with-icons.cxx
mingw32-make[2]: Leaving directory 'C:/fltk/fltk/build'
[ 75%] Built target unittests
mingw32-make  -f examples\CMakeFiles\howto-drag-and-drop.dir\build.make examples/CMakeFiles/howto-drag-and-drop.dir/depen
d
mingw32-make[2]: Entering directory 'C:/fltk/fltk/build'
C:\cmake\3.28.1\x86_64\bin\cmake.exe -E cmake_depends "MinGW Makefiles" C:\fltk\fltk C:\fltk\fltk\examples C:\fltk\fltk\b
uild C:\fltk\fltk\build\examples C:\fltk\fltk\build\examples\CMakeFiles\howto-drag-and-drop.dir\DependInfo.cmake "--color
="
mingw32-make[2]: Leaving directory 'C:/fltk/fltk/build'
mingw32-make  -f examples\CMakeFiles\howto-drag-and-drop.dir\build.make examples/CMakeFiles/howto-drag-and-drop.dir/build

mingw32-make[2]: Entering directory 'C:/fltk/fltk/build'
[ 75%] Building CXX object examples/CMakeFiles/howto-drag-and-drop.dir/howto-drag-and-drop.cxx.obj
cd /d C:\fltk\fltk\build\examples && C:\mingw32-8\bin\c++.exe -D_FILE_OFFSET_BITS=64 -D_LARGEFILE64_SOURCE -D_LARGEFILE_S
OURCE -Dhowto_drag_and_drop_EXPORTS @CMakeFiles/howto-drag-and-drop.dir/includes_CXX.rsp -g -std=c++11 -MD -MT examples/C
MakeFiles/howto-drag-and-drop.dir/howto-drag-and-drop.cxx.obj -MF CMakeFiles\howto-drag-and-drop.dir\howto-drag-and-drop.
cxx.obj.d -o CMakeFiles\howto-drag-and-drop.dir\howto-drag-and-drop.cxx.obj -c C:\fltk\fltk\examples\howto-drag-and-drop.
cxx
[ 75%] Linking CXX executable ..\bin\examples\howto-add_fd-and-popen.exe
cd /d C:\fltk\fltk\build\examples && C:\cmake\3.28.1\x86_64\bin\cmake.exe -E cmake_link_script CMakeFiles\howto-add_fd-an
d-popen.dir\link.txt --verbose=on
C:\cmake\3.28.1\x86_64\bin\cmake.exe -E rm -f CMakeFiles\howto-add_fd-and-popen.dir/objects.a
C:\mingw32-8\bin\ar.exe qc CMakeFiles\howto-add_fd-and-popen.dir/objects.a @CMakeFiles\howto-add_fd-and-popen.dir\objects
1.rsp
C:\mingw32-8\bin\c++.exe -g -mwindows -Wl,--whole-archive CMakeFiles\howto-add_fd-and-popen.dir/objects.a -Wl,--no-whole-
archive -o ..\bin\examples\howto-add_fd-and-popen.exe -Wl,--out-implib,..\bin\examples\libhowto-add_fd-and-popen.dll.a -W
l,--major-image-version,0,--minor-image-version,0 @CMakeFiles\howto-add_fd-and-popen.dir\linkLibs.rsp
[ 75%] Linking CXX executable ..\bin\examples\howto-browser-with-icons.exe
cd /d C:\fltk\fltk\build\examples && C:\cmake\3.28.1\x86_64\bin\cmake.exe -E cmake_link_script CMakeFiles\howto-browser-w
ith-icons.dir\link.txt --verbose=on
C:\cmake\3.28.1\x86_64\bin\cmake.exe -E rm -f CMakeFiles\howto-browser-with-icons.dir/objects.a
C:\mingw32-8\bin\ar.exe qc CMakeFiles\howto-browser-with-icons.dir/objects.a @CMakeFiles\howto-browser-with-icons.dir\obj
ects1.rsp
C:\mingw32-8\bin\c++.exe -g -mwindows -Wl,--whole-archive CMakeFiles\howto-browser-with-icons.dir/objects.a -Wl,--no-whol
e-archive -o ..\bin\examples\howto-browser-with-icons.exe -Wl,--out-implib,..\bin\examples\libhowto-browser-with-icons.dl
l.a -Wl,--major-image-version,0,--minor-image-version,0 @CMakeFiles\howto-browser-with-icons.dir\linkLibs.rsp
[ 75%] Linking CXX executable ..\bin\examples\howto-drag-and-drop.exe
cd /d C:\fltk\fltk\build\examples && C:\cmake\3.28.1\x86_64\bin\cmake.exe -E cmake_link_script CMakeFiles\howto-drag-and-
drop.dir\link.txt --verbose=on
C:\cmake\3.28.1\x86_64\bin\cmake.exe -E rm -f CMakeFiles\howto-drag-and-drop.dir/objects.a
C:\mingw32-8\bin\ar.exe qc CMakeFiles\howto-drag-and-drop.dir/objects.a @CMakeFiles\howto-drag-and-drop.dir\objects1.rsp
C:\mingw32-8\bin\c++.exe -g -mwindows -Wl,--whole-archive CMakeFiles\howto-drag-and-drop.dir/objects.a -Wl,--no-whole-arc
hive -o ..\bin\examples\howto-drag-and-drop.exe -Wl,--out-implib,..\bin\examples\libhowto-drag-and-drop.dll.a -Wl,--major
-image-version,0,--minor-image-version,0 @CMakeFiles\howto-drag-and-drop.dir\linkLibs.rsp
mingw32-make[2]: Leaving directory 'C:/fltk/fltk/build'
[ 75%] Built target howto-add_fd-and-popen
mingw32-make  -f examples\CMakeFiles\howto-draw-an-x.dir\build.make examples/CMakeFiles/howto-draw-an-x.dir/depend
mingw32-make[2]: Entering directory 'C:/fltk/fltk/build'
C:\cmake\3.28.1\x86_64\bin\cmake.exe -E cmake_depends "MinGW Makefiles" C:\fltk\fltk C:\fltk\fltk\examples C:\fltk\fltk\b
uild C:\fltk\fltk\build\examples C:\fltk\fltk\build\examples\CMakeFiles\howto-draw-an-x.dir\DependInfo.cmake "--color="
mingw32-make[2]: Leaving directory 'C:/fltk/fltk/build'
mingw32-make  -f examples\CMakeFiles\howto-draw-an-x.dir\build.make examples/CMakeFiles/howto-draw-an-x.dir/build
mingw32-make[2]: Entering directory 'C:/fltk/fltk/build'
[ 75%] Building CXX object examples/CMakeFiles/howto-draw-an-x.dir/howto-draw-an-x.cxx.obj
cd /d C:\fltk\fltk\build\examples && C:\mingw32-8\bin\c++.exe -D_FILE_OFFSET_BITS=64 -D_LARGEFILE64_SOURCE -D_LARGEFILE_S
OURCE -Dhowto_draw_an_x_EXPORTS @CMakeFiles/howto-draw-an-x.dir/includes_CXX.rsp -g -std=c++11 -MD -MT examples/CMakeFile
s/howto-draw-an-x.dir/howto-draw-an-x.cxx.obj -MF CMakeFiles\howto-draw-an-x.dir\howto-draw-an-x.cxx.obj.d -o CMakeFiles\
howto-draw-an-x.dir\howto-draw-an-x.cxx.obj -c C:\fltk\fltk\examples\howto-draw-an-x.cxx
mingw32-make[2]: Leaving directory 'C:/fltk/fltk/build'
[ 75%] Built target howto-browser-with-icons
mingw32-make  -f examples\CMakeFiles\howto-flex-simple.dir\build.make examples/CMakeFiles/howto-flex-simple.dir/depend
mingw32-make[2]: Entering directory 'C:/fltk/fltk/build'
C:\cmake\3.28.1\x86_64\bin\cmake.exe -E cmake_depends "MinGW Makefiles" C:\fltk\fltk C:\fltk\fltk\examples C:\fltk\fltk\b
uild C:\fltk\fltk\build\examples C:\fltk\fltk\build\examples\CMakeFiles\howto-flex-simple.dir\DependInfo.cmake "--color="

mingw32-make[2]: Leaving directory 'C:/fltk/fltk/build'
mingw32-make  -f examples\CMakeFiles\howto-flex-simple.dir\build.make examples/CMakeFiles/howto-flex-simple.dir/build
mingw32-make[2]: Entering directory 'C:/fltk/fltk/build'
[ 76%] Building CXX object examples/CMakeFiles/howto-flex-simple.dir/howto-flex-simple.cxx.obj
cd /d C:\fltk\fltk\build\examples && C:\mingw32-8\bin\c++.exe -D_FILE_OFFSET_BITS=64 -D_LARGEFILE64_SOURCE -D_LARGEFILE_S
OURCE -Dhowto_flex_simple_EXPORTS @CMakeFiles/howto-flex-simple.dir/includes_CXX.rsp -g -std=c++11 -MD -MT examples/CMake
Files/howto-flex-simple.dir/howto-flex-simple.cxx.obj -MF CMakeFiles\howto-flex-simple.dir\howto-flex-simple.cxx.obj.d -o
 CMakeFiles\howto-flex-simple.dir\howto-flex-simple.cxx.obj -c C:\fltk\fltk\examples\howto-flex-simple.cxx
mingw32-make[2]: Leaving directory 'C:/fltk/fltk/build'
[ 76%] Built target howto-drag-and-drop
mingw32-make  -f examples\CMakeFiles\howto-menu-with-images.dir\build.make examples/CMakeFiles/howto-menu-with-images.dir
/depend
mingw32-make[2]: Entering directory 'C:/fltk/fltk/build'
C:\cmake\3.28.1\x86_64\bin\cmake.exe -E cmake_depends "MinGW Makefiles" C:\fltk\fltk C:\fltk\fltk\examples C:\fltk\fltk\b
uild C:\fltk\fltk\build\examples C:\fltk\fltk\build\examples\CMakeFiles\howto-menu-with-images.dir\DependInfo.cmake "--co
lor="
mingw32-make[2]: Leaving directory 'C:/fltk/fltk/build'
mingw32-make  -f examples\CMakeFiles\howto-menu-with-images.dir\build.make examples/CMakeFiles/howto-menu-with-images.dir
/build
mingw32-make[2]: Entering directory 'C:/fltk/fltk/build'
[ 76%] Building CXX object examples/CMakeFiles/howto-menu-with-images.dir/howto-menu-with-images.cxx.obj
cd /d C:\fltk\fltk\build\examples && C:\mingw32-8\bin\c++.exe -D_FILE_OFFSET_BITS=64 -D_LARGEFILE64_SOURCE -D_LARGEFILE_S
OURCE -Dhowto_menu_with_images_EXPORTS @CMakeFiles/howto-menu-with-images.dir/includes_CXX.rsp -g -std=c++11 -MD -MT exam
ples/CMakeFiles/howto-menu-with-images.dir/howto-menu-with-images.cxx.obj -MF CMakeFiles\howto-menu-with-images.dir\howto
-menu-with-images.cxx.obj.d -o CMakeFiles\howto-menu-with-images.dir\howto-menu-with-images.cxx.obj -c C:\fltk\fltk\examp
les\howto-menu-with-images.cxx
[ 76%] Linking CXX executable ..\bin\examples\howto-draw-an-x.exe
cd /d C:\fltk\fltk\build\examples && C:\cmake\3.28.1\x86_64\bin\cmake.exe -E cmake_link_script CMakeFiles\howto-draw-an-x
.dir\link.txt --verbose=on
C:\cmake\3.28.1\x86_64\bin\cmake.exe -E rm -f CMakeFiles\howto-draw-an-x.dir/objects.a
C:\mingw32-8\bin\ar.exe qc CMakeFiles\howto-draw-an-x.dir/objects.a @CMakeFiles\howto-draw-an-x.dir\objects1.rsp
[ 76%] Linking CXX executable ..\bin\examples\howto-flex-simple.exe
cd /d C:\fltk\fltk\build\examples && C:\cmake\3.28.1\x86_64\bin\cmake.exe -E cmake_link_script CMakeFiles\howto-flex-simp
le.dir\link.txt --verbose=on
C:\mingw32-8\bin\c++.exe -g -mwindows -Wl,--whole-archive CMakeFiles\howto-draw-an-x.dir/objects.a -Wl,--no-whole-archive
 -o ..\bin\examples\howto-draw-an-x.exe -Wl,--out-implib,..\bin\examples\libhowto-draw-an-x.dll.a -Wl,--major-image-versi
on,0,--minor-image-version,0 @CMakeFiles\howto-draw-an-x.dir\linkLibs.rsp
C:\cmake\3.28.1\x86_64\bin\cmake.exe -E rm -f CMakeFiles\howto-flex-simple.dir/objects.a
C:\mingw32-8\bin\ar.exe qc CMakeFiles\howto-flex-simple.dir/objects.a @CMakeFiles\howto-flex-simple.dir\objects1.rsp
C:\mingw32-8\bin\c++.exe -g -mwindows -Wl,--whole-archive CMakeFiles\howto-flex-simple.dir/objects.a -Wl,--no-whole-archi
ve -o ..\bin\examples\howto-flex-simple.exe -Wl,--out-implib,..\bin\examples\libhowto-flex-simple.dll.a -Wl,--major-image
-version,0,--minor-image-version,0 @CMakeFiles\howto-flex-simple.dir\linkLibs.rsp
[ 76%] Linking CXX executable ..\bin\examples\howto-menu-with-images.exe
cd /d C:\fltk\fltk\build\examples && C:\cmake\3.28.1\x86_64\bin\cmake.exe -E cmake_link_script CMakeFiles\howto-menu-with
-images.dir\link.txt --verbose=on
C:\cmake\3.28.1\x86_64\bin\cmake.exe -E rm -f CMakeFiles\howto-menu-with-images.dir/objects.a
C:\mingw32-8\bin\ar.exe qc CMakeFiles\howto-menu-with-images.dir/objects.a @CMakeFiles\howto-menu-with-images.dir\objects
1.rsp
C:\mingw32-8\bin\c++.exe -g -mwindows -Wl,--whole-archive CMakeFiles\howto-menu-with-images.dir/objects.a -Wl,--no-whole-
archive -o ..\bin\examples\howto-menu-with-images.exe -Wl,--out-implib,..\bin\examples\libhowto-menu-with-images.dll.a -W
l,--major-image-version,0,--minor-image-version,0 @CMakeFiles\howto-menu-with-images.dir\linkLibs.rsp
mingw32-make[2]: Leaving directory 'C:/fltk/fltk/build'
[ 76%] Built target howto-draw-an-x
mingw32-make  -f examples\CMakeFiles\howto-parse-args.dir\build.make examples/CMakeFiles/howto-parse-args.dir/depend
mingw32-make[2]: Entering directory 'C:/fltk/fltk/build'
C:\cmake\3.28.1\x86_64\bin\cmake.exe -E cmake_depends "MinGW Makefiles" C:\fltk\fltk C:\fltk\fltk\examples C:\fltk\fltk\b
uild C:\fltk\fltk\build\examples C:\fltk\fltk\build\examples\CMakeFiles\howto-parse-args.dir\DependInfo.cmake "--color="
mingw32-make[2]: Leaving directory 'C:/fltk/fltk/build'
mingw32-make[2]: Leaving directory 'C:/fltk/fltk/build'
mingw32-make  -f examples\CMakeFiles\howto-parse-args.dir\build.make examples/CMakeFiles/howto-parse-args.dir/build
mingw32-make[2]: Entering directory 'C:/fltk/fltk/build'
[ 76%] Built target howto-flex-simple
mingw32-make  -f examples\CMakeFiles\howto-remap-numpad-keyboard-keys.dir\build.make examples/CMakeFiles/howto-remap-nump
ad-keyboard-keys.dir/depend
mingw32-make[2]: Entering directory 'C:/fltk/fltk/build'
C:\cmake\3.28.1\x86_64\bin\cmake.exe -E cmake_depends "MinGW Makefiles" C:\fltk\fltk C:\fltk\fltk\examples C:\fltk\fltk\b
uild C:\fltk\fltk\build\examples C:\fltk\fltk\build\examples\CMakeFiles\howto-remap-numpad-keyboard-keys.dir\DependInfo.c
make "--color="
[ 76%] Building CXX object examples/CMakeFiles/howto-parse-args.dir/howto-parse-args.cxx.obj
cd /d C:\fltk\fltk\build\examples && C:\mingw32-8\bin\c++.exe -D_FILE_OFFSET_BITS=64 -D_LARGEFILE64_SOURCE -D_LARGEFILE_S
OURCE -Dhowto_parse_args_EXPORTS @CMakeFiles/howto-parse-args.dir/includes_CXX.rsp -g -std=c++11 -MD -MT examples/CMakeFi
les/howto-parse-args.dir/howto-parse-args.cxx.obj -MF CMakeFiles\howto-parse-args.dir\howto-parse-args.cxx.obj.d -o CMake
Files\howto-parse-args.dir\howto-parse-args.cxx.obj -c C:\fltk\fltk\examples\howto-parse-args.cxx
mingw32-make[2]: Leaving directory 'C:/fltk/fltk/build'
mingw32-make  -f examples\CMakeFiles\howto-remap-numpad-keyboard-keys.dir\build.make examples/CMakeFiles/howto-remap-nump
ad-keyboard-keys.dir/build
mingw32-make[2]: Entering directory 'C:/fltk/fltk/build'
[ 76%] Building CXX object examples/CMakeFiles/howto-remap-numpad-keyboard-keys.dir/howto-remap-numpad-keyboard-keys.cxx.
obj
cd /d C:\fltk\fltk\build\examples && C:\mingw32-8\bin\c++.exe -D_FILE_OFFSET_BITS=64 -D_LARGEFILE64_SOURCE -D_LARGEFILE_S
OURCE -Dhowto_remap_numpad_keyboard_keys_EXPORTS @CMakeFiles/howto-remap-numpad-keyboard-keys.dir/includes_CXX.rsp -g -st
d=c++11 -MD -MT examples/CMakeFiles/howto-remap-numpad-keyboard-keys.dir/howto-remap-numpad-keyboard-keys.cxx.obj -MF CMa
keFiles\howto-remap-numpad-keyboard-keys.dir\howto-remap-numpad-keyboard-keys.cxx.obj.d -o CMakeFiles\howto-remap-numpad-
keyboard-keys.dir\howto-remap-numpad-keyboard-keys.cxx.obj -c C:\fltk\fltk\examples\howto-remap-numpad-keyboard-keys.cxx
[ 76%] Linking CXX executable ..\bin\examples\howto-parse-args.exe
cd /d C:\fltk\fltk\build\examples && C:\cmake\3.28.1\x86_64\bin\cmake.exe -E cmake_link_script CMakeFiles\howto-parse-arg
s.dir\link.txt --verbose=on
C:\cmake\3.28.1\x86_64\bin\cmake.exe -E rm -f CMakeFiles\howto-parse-args.dir/objects.a
C:\mingw32-8\bin\ar.exe qc CMakeFiles\howto-parse-args.dir/objects.a @CMakeFiles\howto-parse-args.dir\objects1.rsp
C:\mingw32-8\bin\c++.exe -g -mwindows -Wl,--whole-archive CMakeFiles\howto-parse-args.dir/objects.a -Wl,--no-whole-archiv
e -o ..\bin\examples\howto-parse-args.exe -Wl,--out-implib,..\bin\examples\libhowto-parse-args.dll.a -Wl,--major-image-ve
rsion,0,--minor-image-version,0 @CMakeFiles\howto-parse-args.dir\linkLibs.rsp
[ 77%] Linking CXX executable ..\bin\examples\howto-remap-numpad-keyboard-keys.exe
mingw32-make[2]: Leaving directory 'C:/fltk/fltk/build'
cd /d C:\fltk\fltk\build\examples && C:\cmake\3.28.1\x86_64\bin\cmake.exe -E cmake_link_script CMakeFiles\howto-remap-num
pad-keyboard-keys.dir\link.txt --verbose=on
[ 77%] Built target howto-menu-with-images
mingw32-make  -f examples\CMakeFiles\howto-text-over-image-button.dir\build.make examples/CMakeFiles/howto-text-over-imag
e-button.dir/depend
mingw32-make[2]: Entering directory 'C:/fltk/fltk/build'
C:\cmake\3.28.1\x86_64\bin\cmake.exe -E cmake_depends "MinGW Makefiles" C:\fltk\fltk C:\fltk\fltk\examples C:\fltk\fltk\b
uild C:\fltk\fltk\build\examples C:\fltk\fltk\build\examples\CMakeFiles\howto-text-over-image-button.dir\DependInfo.cmake
 "--color="
C:\cmake\3.28.1\x86_64\bin\cmake.exe -E rm -f CMakeFiles\howto-remap-numpad-keyboard-keys.dir/objects.a
mingw32-make[2]: Leaving directory 'C:/fltk/fltk/build'
mingw32-make  -f examples\CMakeFiles\howto-text-over-image-button.dir\build.make examples/CMakeFiles/howto-text-over-imag
e-button.dir/build
C:\mingw32-8\bin\ar.exe qc CMakeFiles\howto-remap-numpad-keyboard-keys.dir/objects.a @CMakeFiles\howto-remap-numpad-keybo
ard-keys.dir\objects1.rsp
mingw32-make[2]: Entering directory 'C:/fltk/fltk/build'
C:\mingw32-8\bin\c++.exe -g -mwindows -Wl,--whole-archive CMakeFiles\howto-remap-numpad-keyboard-keys.dir/objects.a -Wl,-
-no-whole-archive -o ..\bin\examples\howto-remap-numpad-keyboard-keys.exe -Wl,--out-implib,..\bin\examples\libhowto-remap
-numpad-keyboard-keys.dll.a -Wl,--major-image-version,0,--minor-image-version,0 @CMakeFiles\howto-remap-numpad-keyboard-k
eys.dir\linkLibs.rsp
[ 77%] Building CXX object examples/CMakeFiles/howto-text-over-image-button.dir/howto-text-over-image-button.cxx.obj
cd /d C:\fltk\fltk\build\examples && C:\mingw32-8\bin\c++.exe -D_FILE_OFFSET_BITS=64 -D_LARGEFILE64_SOURCE -D_LARGEFILE_S
OURCE -Dhowto_text_over_image_button_EXPORTS @CMakeFiles/howto-text-over-image-button.dir/includes_CXX.rsp -g -std=c++11
-MD -MT examples/CMakeFiles/howto-text-over-image-button.dir/howto-text-over-image-button.cxx.obj -MF CMakeFiles\howto-te
xt-over-image-button.dir\howto-text-over-image-button.cxx.obj.d -o CMakeFiles\howto-text-over-image-button.dir\howto-text
-over-image-button.cxx.obj -c C:\fltk\fltk\examples\howto-text-over-image-button.cxx
[ 77%] Linking CXX executable ..\bin\examples\howto-text-over-image-button.exe
cd /d C:\fltk\fltk\build\examples && C:\cmake\3.28.1\x86_64\bin\cmake.exe -E cmake_link_script CMakeFiles\howto-text-over
-image-button.dir\link.txt --verbose=on
C:\cmake\3.28.1\x86_64\bin\cmake.exe -E rm -f CMakeFiles\howto-text-over-image-button.dir/objects.a
C:\mingw32-8\bin\ar.exe qc CMakeFiles\howto-text-over-image-button.dir/objects.a @CMakeFiles\howto-text-over-image-button
.dir\objects1.rsp
C:\mingw32-8\bin\c++.exe -g -mwindows -Wl,--whole-archive CMakeFiles\howto-text-over-image-button.dir/objects.a -Wl,--no-
whole-archive -o ..\bin\examples\howto-text-over-image-button.exe -Wl,--out-implib,..\bin\examples\libhowto-text-over-ima
ge-button.dll.a -Wl,--major-image-version,0,--minor-image-version,0 @CMakeFiles\howto-text-over-image-button.dir\linkLibs
.rsp
mingw32-make[2]: Leaving directory 'C:/fltk/fltk/build'
[ 77%] Built target howto-parse-args
mingw32-make  -f examples\CMakeFiles\menubar-add.dir\build.make examples/CMakeFiles/menubar-add.dir/depend
mingw32-make[2]: Entering directory 'C:/fltk/fltk/build'
C:\cmake\3.28.1\x86_64\bin\cmake.exe -E cmake_depends "MinGW Makefiles" C:\fltk\fltk C:\fltk\fltk\examples C:\fltk\fltk\b
uild C:\fltk\fltk\build\examples C:\fltk\fltk\build\examples\CMakeFiles\menubar-add.dir\DependInfo.cmake "--color="
mingw32-make[2]: Leaving directory 'C:/fltk/fltk/build'
mingw32-make  -f examples\CMakeFiles\menubar-add.dir\build.make examples/CMakeFiles/menubar-add.dir/build
mingw32-make[2]: Entering directory 'C:/fltk/fltk/build'
mingw32-make[2]: Leaving directory 'C:/fltk/fltk/build'
[ 77%] Building CXX object examples/CMakeFiles/menubar-add.dir/menubar-add.cxx.obj
cd /d C:\fltk\fltk\build\examples && C:\mingw32-8\bin\c++.exe -D_FILE_OFFSET_BITS=64 -D_LARGEFILE64_SOURCE -D_LARGEFILE_S
OURCE -Dmenubar_add_EXPORTS @CMakeFiles/menubar-add.dir/includes_CXX.rsp -g -std=c++11 -MD -MT examples/CMakeFiles/menuba
r-add.dir/menubar-add.cxx.obj -MF CMakeFiles\menubar-add.dir\menubar-add.cxx.obj.d -o CMakeFiles\menubar-add.dir\menubar-
add.cxx.obj -c C:\fltk\fltk\examples\menubar-add.cxx
[ 77%] Built target howto-remap-numpad-keyboard-keys
mingw32-make  -f examples\CMakeFiles\nativefilechooser-simple.dir\build.make examples/CMakeFiles/nativefilechooser-simple
.dir/depend
mingw32-make[2]: Entering directory 'C:/fltk/fltk/build'
C:\cmake\3.28.1\x86_64\bin\cmake.exe -E cmake_depends "MinGW Makefiles" C:\fltk\fltk C:\fltk\fltk\examples C:\fltk\fltk\b
uild C:\fltk\fltk\build\examples C:\fltk\fltk\build\examples\CMakeFiles\nativefilechooser-simple.dir\DependInfo.cmake "--
color="
mingw32-make[2]: Leaving directory 'C:/fltk/fltk/build'
mingw32-make  -f examples\CMakeFiles\nativefilechooser-simple.dir\build.make examples/CMakeFiles/nativefilechooser-simple
.dir/build
mingw32-make[2]: Entering directory 'C:/fltk/fltk/build'
[ 77%] Building CXX object examples/CMakeFiles/nativefilechooser-simple.dir/nativefilechooser-simple.cxx.obj
cd /d C:\fltk\fltk\build\examples && C:\mingw32-8\bin\c++.exe -D_FILE_OFFSET_BITS=64 -D_LARGEFILE64_SOURCE -D_LARGEFILE_S
OURCE -Dnativefilechooser_simple_EXPORTS @CMakeFiles/nativefilechooser-simple.dir/includes_CXX.rsp -g -std=c++11 -MD -MT
examples/CMakeFiles/nativefilechooser-simple.dir/nativefilechooser-simple.cxx.obj -MF CMakeFiles\nativefilechooser-simple
.dir\nativefilechooser-simple.cxx.obj.d -o CMakeFiles\nativefilechooser-simple.dir\nativefilechooser-simple.cxx.obj -c C:
\fltk\fltk\examples\nativefilechooser-simple.cxx
mingw32-make[2]: Leaving directory 'C:/fltk/fltk/build'
[ 77%] Built target howto-text-over-image-button
mingw32-make  -f examples\CMakeFiles\nativefilechooser-simple-app.dir\build.make examples/CMakeFiles/nativefilechooser-si
mple-app.dir/depend
mingw32-make[2]: Entering directory 'C:/fltk/fltk/build'
C:\cmake\3.28.1\x86_64\bin\cmake.exe -E cmake_depends "MinGW Makefiles" C:\fltk\fltk C:\fltk\fltk\examples C:\fltk\fltk\b
uild C:\fltk\fltk\build\examples C:\fltk\fltk\build\examples\CMakeFiles\nativefilechooser-simple-app.dir\DependInfo.cmake
 "--color="
mingw32-make[2]: Leaving directory 'C:/fltk/fltk/build'
mingw32-make  -f examples\CMakeFiles\nativefilechooser-simple-app.dir\build.make examples/CMakeFiles/nativefilechooser-si
mple-app.dir/build
mingw32-make[2]: Entering directory 'C:/fltk/fltk/build'
[ 77%] Building CXX object examples/CMakeFiles/nativefilechooser-simple-app.dir/nativefilechooser-simple-app.cxx.obj
cd /d C:\fltk\fltk\build\examples && C:\mingw32-8\bin\c++.exe -D_FILE_OFFSET_BITS=64 -D_LARGEFILE64_SOURCE -D_LARGEFILE_S
OURCE -Dnativefilechooser_simple_app_EXPORTS @CMakeFiles/nativefilechooser-simple-app.dir/includes_CXX.rsp -g -std=c++11
-MD -MT examples/CMakeFiles/nativefilechooser-simple-app.dir/nativefilechooser-simple-app.cxx.obj -MF CMakeFiles\nativefi
lechooser-simple-app.dir\nativefilechooser-simple-app.cxx.obj.d -o CMakeFiles\nativefilechooser-simple-app.dir\nativefile
chooser-simple-app.cxx.obj -c C:\fltk\fltk\examples\nativefilechooser-simple-app.cxx
[ 77%] Linking CXX executable ..\bin\examples\menubar-add.exe
cd /d C:\fltk\fltk\build\examples && C:\cmake\3.28.1\x86_64\bin\cmake.exe -E cmake_link_script CMakeFiles\menubar-add.dir
\link.txt --verbose=on
C:\cmake\3.28.1\x86_64\bin\cmake.exe -E rm -f CMakeFiles\menubar-add.dir/objects.a
C:\mingw32-8\bin\ar.exe qc CMakeFiles\menubar-add.dir/objects.a @CMakeFiles\menubar-add.dir\objects1.rsp
C:\mingw32-8\bin\c++.exe -g -mwindows -Wl,--whole-archive CMakeFiles\menubar-add.dir/objects.a -Wl,--no-whole-archive -o
..\bin\examples\menubar-add.exe -Wl,--out-implib,..\bin\examples\libmenubar-add.dll.a -Wl,--major-image-version,0,--minor
-image-version,0 @CMakeFiles\menubar-add.dir\linkLibs.rsp
[ 77%] Linking CXX executable ..\bin\examples\nativefilechooser-simple.exe
cd /d C:\fltk\fltk\build\examples && C:\cmake\3.28.1\x86_64\bin\cmake.exe -E cmake_link_script CMakeFiles\nativefilechoos
er-simple.dir\link.txt --verbose=on
C:\cmake\3.28.1\x86_64\bin\cmake.exe -E rm -f CMakeFiles\nativefilechooser-simple.dir/objects.a
C:\mingw32-8\bin\ar.exe qc CMakeFiles\nativefilechooser-simple.dir/objects.a @CMakeFiles\nativefilechooser-simple.dir\obj
ects1.rsp
C:\mingw32-8\bin\c++.exe -g -mwindows -Wl,--whole-archive CMakeFiles\nativefilechooser-simple.dir/objects.a -Wl,--no-whol
e-archive -o ..\bin\examples\nativefilechooser-simple.exe -Wl,--out-implib,..\bin\examples\libnativefilechooser-simple.dl
l.a -Wl,--major-image-version,0,--minor-image-version,0 @CMakeFiles\nativefilechooser-simple.dir\linkLibs.rsp
[ 78%] Linking CXX executable ..\bin\examples\nativefilechooser-simple-app.exe
cd /d C:\fltk\fltk\build\examples && C:\cmake\3.28.1\x86_64\bin\cmake.exe -E cmake_link_script CMakeFiles\nativefilechoos
er-simple-app.dir\link.txt --verbose=on
C:\cmake\3.28.1\x86_64\bin\cmake.exe -E rm -f CMakeFiles\nativefilechooser-simple-app.dir/objects.a
C:\mingw32-8\bin\ar.exe qc CMakeFiles\nativefilechooser-simple-app.dir/objects.a @CMakeFiles\nativefilechooser-simple-app
.dir\objects1.rsp
C:\mingw32-8\bin\c++.exe -g -mwindows -Wl,--whole-archive CMakeFiles\nativefilechooser-simple-app.dir/objects.a -Wl,--no-
whole-archive -o ..\bin\examples\nativefilechooser-simple-app.exe -Wl,--out-implib,..\bin\examples\libnativefilechooser-s
imple-app.dll.a -Wl,--major-image-version,0,--minor-image-version,0 @CMakeFiles\nativefilechooser-simple-app.dir\linkLibs
.rsp
mingw32-make[2]: Leaving directory 'C:/fltk/fltk/build'
[ 78%] Built target menubar-add
mingw32-make  -f examples\CMakeFiles\progress-simple.dir\build.make examples/CMakeFiles/progress-simple.dir/depend
mingw32-make[2]: Entering directory 'C:/fltk/fltk/build'
C:\cmake\3.28.1\x86_64\bin\cmake.exe -E cmake_depends "MinGW Makefiles" C:\fltk\fltk C:\fltk\fltk\examples C:\fltk\fltk\b
uild C:\fltk\fltk\build\examples C:\fltk\fltk\build\examples\CMakeFiles\progress-simple.dir\DependInfo.cmake "--color="
mingw32-make[2]: Leaving directory 'C:/fltk/fltk/build'
mingw32-make[2]: Leaving directory 'C:/fltk/fltk/build'
mingw32-make  -f examples\CMakeFiles\progress-simple.dir\build.make examples/CMakeFiles/progress-simple.dir/build
[ 78%] Built target nativefilechooser-simple
mingw32-make  -f examples\CMakeFiles\shapedwindow.dir\build.make examples/CMakeFiles/shapedwindow.dir/depend
mingw32-make[2]: Entering directory 'C:/fltk/fltk/build'
mingw32-make[2]: Entering directory 'C:/fltk/fltk/build'
C:\cmake\3.28.1\x86_64\bin\cmake.exe -E cmake_depends "MinGW Makefiles" C:\fltk\fltk C:\fltk\fltk\examples C:\fltk\fltk\b
uild C:\fltk\fltk\build\examples C:\fltk\fltk\build\examples\CMakeFiles\shapedwindow.dir\DependInfo.cmake "--color="
[ 78%] Building CXX object examples/CMakeFiles/progress-simple.dir/progress-simple.cxx.obj
cd /d C:\fltk\fltk\build\examples && C:\mingw32-8\bin\c++.exe -D_FILE_OFFSET_BITS=64 -D_LARGEFILE64_SOURCE -D_LARGEFILE_S
OURCE -Dprogress_simple_EXPORTS @CMakeFiles/progress-simple.dir/includes_CXX.rsp -g -std=c++11 -MD -MT examples/CMakeFile
s/progress-simple.dir/progress-simple.cxx.obj -MF CMakeFiles\progress-simple.dir\progress-simple.cxx.obj.d -o CMakeFiles\
progress-simple.dir\progress-simple.cxx.obj -c C:\fltk\fltk\examples\progress-simple.cxx
mingw32-make[2]: Leaving directory 'C:/fltk/fltk/build'
mingw32-make  -f examples\CMakeFiles\shapedwindow.dir\build.make examples/CMakeFiles/shapedwindow.dir/build
mingw32-make[2]: Entering directory 'C:/fltk/fltk/build'
[ 78%] Building CXX object examples/CMakeFiles/shapedwindow.dir/shapedwindow.cxx.obj
cd /d C:\fltk\fltk\build\examples && C:\mingw32-8\bin\c++.exe -D_FILE_OFFSET_BITS=64 -D_LARGEFILE64_SOURCE -D_LARGEFILE_S
OURCE -Dshapedwindow_EXPORTS @CMakeFiles/shapedwindow.dir/includes_CXX.rsp -g -std=c++11 -MD -MT examples/CMakeFiles/shap
edwindow.dir/shapedwindow.cxx.obj -MF CMakeFiles\shapedwindow.dir\shapedwindow.cxx.obj.d -o CMakeFiles\shapedwindow.dir\s
hapedwindow.cxx.obj -c C:\fltk\fltk\examples\shapedwindow.cxx
mingw32-make[2]: Leaving directory 'C:/fltk/fltk/build'
[ 78%] Built target nativefilechooser-simple-app
mingw32-make  -f examples\CMakeFiles\simple-terminal.dir\build.make examples/CMakeFiles/simple-terminal.dir/depend
mingw32-make[2]: Entering directory 'C:/fltk/fltk/build'
C:\cmake\3.28.1\x86_64\bin\cmake.exe -E cmake_depends "MinGW Makefiles" C:\fltk\fltk C:\fltk\fltk\examples C:\fltk\fltk\b
uild C:\fltk\fltk\build\examples C:\fltk\fltk\build\examples\CMakeFiles\simple-terminal.dir\DependInfo.cmake "--color="
mingw32-make[2]: Leaving directory 'C:/fltk/fltk/build'
mingw32-make  -f examples\CMakeFiles\simple-terminal.dir\build.make examples/CMakeFiles/simple-terminal.dir/build
mingw32-make[2]: Entering directory 'C:/fltk/fltk/build'
[ 78%] Building CXX object examples/CMakeFiles/simple-terminal.dir/simple-terminal.cxx.obj
cd /d C:\fltk\fltk\build\examples && C:\mingw32-8\bin\c++.exe -D_FILE_OFFSET_BITS=64 -D_LARGEFILE64_SOURCE -D_LARGEFILE_S
OURCE -Dsimple_terminal_EXPORTS @CMakeFiles/simple-terminal.dir/includes_CXX.rsp -g -std=c++11 -MD -MT examples/CMakeFile
s/simple-terminal.dir/simple-terminal.cxx.obj -MF CMakeFiles\simple-terminal.dir\simple-terminal.cxx.obj.d -o CMakeFiles\
simple-terminal.dir\simple-terminal.cxx.obj -c C:\fltk\fltk\examples\simple-terminal.cxx
[ 78%] Linking CXX executable ..\bin\examples\shapedwindow.exe
cd /d C:\fltk\fltk\build\examples && C:\cmake\3.28.1\x86_64\bin\cmake.exe -E cmake_link_script CMakeFiles\shapedwindow.di
r\link.txt --verbose=on
C:\cmake\3.28.1\x86_64\bin\cmake.exe -E rm -f CMakeFiles\shapedwindow.dir/objects.a
C:\mingw32-8\bin\ar.exe qc CMakeFiles\shapedwindow.dir/objects.a @CMakeFiles\shapedwindow.dir\objects1.rsp
C:\mingw32-8\bin\c++.exe -g -mwindows -Wl,--whole-archive CMakeFiles\shapedwindow.dir/objects.a -Wl,--no-whole-archive -o
 ..\bin\examples\shapedwindow.exe -Wl,--out-implib,..\bin\examples\libshapedwindow.dll.a -Wl,--major-image-version,0,--mi
nor-image-version,0 @CMakeFiles\shapedwindow.dir\linkLibs.rsp
[ 79%] Linking CXX executable ..\bin\examples\simple-terminal.exe
cd /d C:\fltk\fltk\build\examples && C:\cmake\3.28.1\x86_64\bin\cmake.exe -E cmake_link_script CMakeFiles\simple-terminal
.dir\link.txt --verbose=on
C:\cmake\3.28.1\x86_64\bin\cmake.exe -E rm -f CMakeFiles\simple-terminal.dir/objects.a
C:\mingw32-8\bin\ar.exe qc CMakeFiles\simple-terminal.dir/objects.a @CMakeFiles\simple-terminal.dir\objects1.rsp
C:\mingw32-8\bin\c++.exe -g -mwindows -Wl,--whole-archive CMakeFiles\simple-terminal.dir/objects.a -Wl,--no-whole-archive
 -o ..\bin\examples\simple-terminal.exe -Wl,--out-implib,..\bin\examples\libsimple-terminal.dll.a -Wl,--major-image-versi
on,0,--minor-image-version,0 @CMakeFiles\simple-terminal.dir\linkLibs.rsp
[ 79%] Linking CXX executable ..\bin\examples\progress-simple.exe
cd /d C:\fltk\fltk\build\examples && C:\cmake\3.28.1\x86_64\bin\cmake.exe -E cmake_link_script CMakeFiles\progress-simple
.dir\link.txt --verbose=on
C:\cmake\3.28.1\x86_64\bin\cmake.exe -E rm -f CMakeFiles\progress-simple.dir/objects.a
C:\mingw32-8\bin\ar.exe qc CMakeFiles\progress-simple.dir/objects.a @CMakeFiles\progress-simple.dir\objects1.rsp
C:\mingw32-8\bin\c++.exe -g -mwindows -Wl,--whole-archive CMakeFiles\progress-simple.dir/objects.a -Wl,--no-whole-archive
 -o ..\bin\examples\progress-simple.exe -Wl,--out-implib,..\bin\examples\libprogress-simple.dll.a -Wl,--major-image-versi
on,0,--minor-image-version,0 @CMakeFiles\progress-simple.dir\linkLibs.rsp
mingw32-make[2]: Leaving directory 'C:/fltk/fltk/build'
[ 79%] Built target shapedwindow
mingw32-make  -f examples\CMakeFiles\table-as-container.dir\build.make examples/CMakeFiles/table-as-container.dir/depend
mingw32-make[2]: Entering directory 'C:/fltk/fltk/build'
C:\cmake\3.28.1\x86_64\bin\cmake.exe -E cmake_depends "MinGW Makefiles" C:\fltk\fltk C:\fltk\fltk\examples C:\fltk\fltk\b
uild C:\fltk\fltk\build\examples C:\fltk\fltk\build\examples\CMakeFiles\table-as-container.dir\DependInfo.cmake "--color=
"
mingw32-make[2]: Leaving directory 'C:/fltk/fltk/build'
mingw32-make  -f examples\CMakeFiles\table-as-container.dir\build.make examples/CMakeFiles/table-as-container.dir/build
mingw32-make[2]: Entering directory 'C:/fltk/fltk/build'
[ 79%] Building CXX object examples/CMakeFiles/table-as-container.dir/table-as-container.cxx.obj
cd /d C:\fltk\fltk\build\examples && C:\mingw32-8\bin\c++.exe -D_FILE_OFFSET_BITS=64 -D_LARGEFILE64_SOURCE -D_LARGEFILE_S
OURCE -Dtable_as_container_EXPORTS @CMakeFiles/table-as-container.dir/includes_CXX.rsp -g -std=c++11 -MD -MT examples/CMa
keFiles/table-as-container.dir/table-as-container.cxx.obj -MF CMakeFiles\table-as-container.dir\table-as-container.cxx.ob
j.d -o CMakeFiles\table-as-container.dir\table-as-container.cxx.obj -c C:\fltk\fltk\examples\table-as-container.cxx
mingw32-make[2]: Leaving directory 'C:/fltk/fltk/build'
[ 79%] Built target simple-terminal
mingw32-make  -f examples\CMakeFiles\table-simple.dir\build.make examples/CMakeFiles/table-simple.dir/depend
mingw32-make[2]: Entering directory 'C:/fltk/fltk/build'
C:\cmake\3.28.1\x86_64\bin\cmake.exe -E cmake_depends "MinGW Makefiles" C:\fltk\fltk C:\fltk\fltk\examples C:\fltk\fltk\b
uild C:\fltk\fltk\build\examples C:\fltk\fltk\build\examples\CMakeFiles\table-simple.dir\DependInfo.cmake "--color="
mingw32-make[2]: Leaving directory 'C:/fltk/fltk/build'
mingw32-make  -f examples\CMakeFiles\table-simple.dir\build.make examples/CMakeFiles/table-simple.dir/build
mingw32-make[2]: Entering directory 'C:/fltk/fltk/build'
[ 79%] Building CXX object examples/CMakeFiles/table-simple.dir/table-simple.cxx.obj
cd /d C:\fltk\fltk\build\examples && C:\mingw32-8\bin\c++.exe -D_FILE_OFFSET_BITS=64 -D_LARGEFILE64_SOURCE -D_LARGEFILE_S
OURCE -Dtable_simple_EXPORTS @CMakeFiles/table-simple.dir/includes_CXX.rsp -g -std=c++11 -MD -MT examples/CMakeFiles/tabl
e-simple.dir/table-simple.cxx.obj -MF CMakeFiles\table-simple.dir\table-simple.cxx.obj.d -o CMakeFiles\table-simple.dir\t
able-simple.cxx.obj -c C:\fltk\fltk\examples\table-simple.cxx
[ 79%] Linking CXX executable ..\bin\examples\table-as-container.exe
cd /d C:\fltk\fltk\build\examples && C:\cmake\3.28.1\x86_64\bin\cmake.exe -E cmake_link_script CMakeFiles\table-as-contai
ner.dir\link.txt --verbose=on
C:\cmake\3.28.1\x86_64\bin\cmake.exe -E rm -f CMakeFiles\table-as-container.dir/objects.a
mingw32-make[2]: Leaving directory 'C:/fltk/fltk/build'
C:\mingw32-8\bin\ar.exe qc CMakeFiles\table-as-container.dir/objects.a @CMakeFiles\table-as-container.dir\objects1.rsp
[ 79%] Built target progress-simple
mingw32-make  -f examples\CMakeFiles\table-sort.dir\build.make examples/CMakeFiles/table-sort.dir/depend
C:\mingw32-8\bin\c++.exe -g -mwindows -Wl,--whole-archive CMakeFiles\table-as-container.dir/objects.a -Wl,--no-whole-arch
ive -o ..\bin\examples\table-as-container.exe -Wl,--out-implib,..\bin\examples\libtable-as-container.dll.a -Wl,--major-im
age-version,0,--minor-image-version,0 @CMakeFiles\table-as-container.dir\linkLibs.rsp
mingw32-make[2]: Entering directory 'C:/fltk/fltk/build'
C:\cmake\3.28.1\x86_64\bin\cmake.exe -E cmake_depends "MinGW Makefiles" C:\fltk\fltk C:\fltk\fltk\examples C:\fltk\fltk\b
uild C:\fltk\fltk\build\examples C:\fltk\fltk\build\examples\CMakeFiles\table-sort.dir\DependInfo.cmake "--color="
mingw32-make[2]: Leaving directory 'C:/fltk/fltk/build'
mingw32-make  -f examples\CMakeFiles\table-sort.dir\build.make examples/CMakeFiles/table-sort.dir/build
mingw32-make[2]: Entering directory 'C:/fltk/fltk/build'
[ 80%] Building CXX object examples/CMakeFiles/table-sort.dir/table-sort.cxx.obj
cd /d C:\fltk\fltk\build\examples && C:\mingw32-8\bin\c++.exe -D_FILE_OFFSET_BITS=64 -D_LARGEFILE64_SOURCE -D_LARGEFILE_S
OURCE -Dtable_sort_EXPORTS @CMakeFiles/table-sort.dir/includes_CXX.rsp -g -std=c++11 -MD -MT examples/CMakeFiles/table-so
rt.dir/table-sort.cxx.obj -MF CMakeFiles\table-sort.dir\table-sort.cxx.obj.d -o CMakeFiles\table-sort.dir\table-sort.cxx.
obj -c C:\fltk\fltk\examples\table-sort.cxx
[ 80%] Linking CXX executable ..\bin\examples\table-simple.exe
cd /d C:\fltk\fltk\build\examples && C:\cmake\3.28.1\x86_64\bin\cmake.exe -E cmake_link_script CMakeFiles\table-simple.di
r\link.txt --verbose=on
C:\cmake\3.28.1\x86_64\bin\cmake.exe -E rm -f CMakeFiles\table-simple.dir/objects.a
C:\mingw32-8\bin\ar.exe qc CMakeFiles\table-simple.dir/objects.a @CMakeFiles\table-simple.dir\objects1.rsp
C:\mingw32-8\bin\c++.exe -g -mwindows -Wl,--whole-archive CMakeFiles\table-simple.dir/objects.a -Wl,--no-whole-archive -o
 ..\bin\examples\table-simple.exe -Wl,--out-implib,..\bin\examples\libtable-simple.dll.a -Wl,--major-image-version,0,--mi
nor-image-version,0 @CMakeFiles\table-simple.dir\linkLibs.rsp
mingw32-make[2]: Leaving directory 'C:/fltk/fltk/build'
[ 80%] Built target table-as-container
mingw32-make  -f examples\CMakeFiles\table-spreadsheet.dir\build.make examples/CMakeFiles/table-spreadsheet.dir/depend
mingw32-make[2]: Entering directory 'C:/fltk/fltk/build'
C:\cmake\3.28.1\x86_64\bin\cmake.exe -E cmake_depends "MinGW Makefiles" C:\fltk\fltk C:\fltk\fltk\examples C:\fltk\fltk\b
uild C:\fltk\fltk\build\examples C:\fltk\fltk\build\examples\CMakeFiles\table-spreadsheet.dir\DependInfo.cmake "--color="

mingw32-make[2]: Leaving directory 'C:/fltk/fltk/build'
mingw32-make  -f examples\CMakeFiles\table-spreadsheet.dir\build.make examples/CMakeFiles/table-spreadsheet.dir/build
mingw32-make[2]: Entering directory 'C:/fltk/fltk/build'
[ 80%] Building CXX object examples/CMakeFiles/table-spreadsheet.dir/table-spreadsheet.cxx.obj
cd /d C:\fltk\fltk\build\examples && C:\mingw32-8\bin\c++.exe -D_FILE_OFFSET_BITS=64 -D_LARGEFILE64_SOURCE -D_LARGEFILE_S
OURCE -Dtable_spreadsheet_EXPORTS @CMakeFiles/table-spreadsheet.dir/includes_CXX.rsp -g -std=c++11 -MD -MT examples/CMake
Files/table-spreadsheet.dir/table-spreadsheet.cxx.obj -MF CMakeFiles\table-spreadsheet.dir\table-spreadsheet.cxx.obj.d -o
 CMakeFiles\table-spreadsheet.dir\table-spreadsheet.cxx.obj -c C:\fltk\fltk\examples\table-spreadsheet.cxx
[ 80%] Linking CXX executable ..\bin\examples\table-sort.exe
cd /d C:\fltk\fltk\build\examples && C:\cmake\3.28.1\x86_64\bin\cmake.exe -E cmake_link_script CMakeFiles\table-sort.dir\
link.txt --verbose=on
C:\cmake\3.28.1\x86_64\bin\cmake.exe -E rm -f CMakeFiles\table-sort.dir/objects.a
C:\mingw32-8\bin\ar.exe qc CMakeFiles\table-sort.dir/objects.a @CMakeFiles\table-sort.dir\objects1.rsp
C:\mingw32-8\bin\c++.exe -g -mwindows -Wl,--whole-archive CMakeFiles\table-sort.dir/objects.a -Wl,--no-whole-archive -o .
.\bin\examples\table-sort.exe -Wl,--out-implib,..\bin\examples\libtable-sort.dll.a -Wl,--major-image-version,0,--minor-im
age-version,0 @CMakeFiles\table-sort.dir\linkLibs.rsp
mingw32-make[2]: Leaving directory 'C:/fltk/fltk/build'
[ 80%] Built target table-simple
mingw32-make  -f examples\CMakeFiles\table-spreadsheet-with-keyboard-nav.dir\build.make examples/CMakeFiles/table-spreads
heet-with-keyboard-nav.dir/depend
mingw32-make[2]: Entering directory 'C:/fltk/fltk/build'
C:\cmake\3.28.1\x86_64\bin\cmake.exe -E cmake_depends "MinGW Makefiles" C:\fltk\fltk C:\fltk\fltk\examples C:\fltk\fltk\b
uild C:\fltk\fltk\build\examples C:\fltk\fltk\build\examples\CMakeFiles\table-spreadsheet-with-keyboard-nav.dir\DependInf
o.cmake "--color="
mingw32-make[2]: Leaving directory 'C:/fltk/fltk/build'
mingw32-make  -f examples\CMakeFiles\table-spreadsheet-with-keyboard-nav.dir\build.make examples/CMakeFiles/table-spreads
heet-with-keyboard-nav.dir/build
mingw32-make[2]: Entering directory 'C:/fltk/fltk/build'
[ 80%] Building CXX object examples/CMakeFiles/table-spreadsheet-with-keyboard-nav.dir/table-spreadsheet-with-keyboard-na
v.cxx.obj
cd /d C:\fltk\fltk\build\examples && C:\mingw32-8\bin\c++.exe -D_FILE_OFFSET_BITS=64 -D_LARGEFILE64_SOURCE -D_LARGEFILE_S
OURCE -Dtable_spreadsheet_with_keyboard_nav_EXPORTS @CMakeFiles/table-spreadsheet-with-keyboard-nav.dir/includes_CXX.rsp
-g -std=c++11 -MD -MT examples/CMakeFiles/table-spreadsheet-with-keyboard-nav.dir/table-spreadsheet-with-keyboard-nav.cxx
.obj -MF CMakeFiles\table-spreadsheet-with-keyboard-nav.dir\table-spreadsheet-with-keyboard-nav.cxx.obj.d -o CMakeFiles\t
able-spreadsheet-with-keyboard-nav.dir\table-spreadsheet-with-keyboard-nav.cxx.obj -c C:\fltk\fltk\examples\table-spreads
heet-with-keyboard-nav.cxx
[ 80%] Linking CXX executable ..\bin\examples\table-spreadsheet.exe
cd /d C:\fltk\fltk\build\examples && C:\cmake\3.28.1\x86_64\bin\cmake.exe -E cmake_link_script CMakeFiles\table-spreadshe
et.dir\link.txt --verbose=on
C:\cmake\3.28.1\x86_64\bin\cmake.exe -E rm -f CMakeFiles\table-spreadsheet.dir/objects.a
C:\mingw32-8\bin\ar.exe qc CMakeFiles\table-spreadsheet.dir/objects.a @CMakeFiles\table-spreadsheet.dir\objects1.rsp
C:\mingw32-8\bin\c++.exe -g -mwindows -Wl,--whole-archive CMakeFiles\table-spreadsheet.dir/objects.a -Wl,--no-whole-archi
ve -o ..\bin\examples\table-spreadsheet.exe -Wl,--out-implib,..\bin\examples\libtable-spreadsheet.dll.a -Wl,--major-image
-version,0,--minor-image-version,0 @CMakeFiles\table-spreadsheet.dir\linkLibs.rsp
[ 80%] Linking CXX executable ..\bin\examples\table-spreadsheet-with-keyboard-nav.exe
cd /d C:\fltk\fltk\build\examples && C:\cmake\3.28.1\x86_64\bin\cmake.exe -E cmake_link_script CMakeFiles\table-spreadshe
et-with-keyboard-nav.dir\link.txt --verbose=on
C:\cmake\3.28.1\x86_64\bin\cmake.exe -E rm -f CMakeFiles\table-spreadsheet-with-keyboard-nav.dir/objects.a
C:\mingw32-8\bin\ar.exe qc CMakeFiles\table-spreadsheet-with-keyboard-nav.dir/objects.a @CMakeFiles\table-spreadsheet-wit
h-keyboard-nav.dir\objects1.rsp
C:\mingw32-8\bin\c++.exe -g -mwindows -Wl,--whole-archive CMakeFiles\table-spreadsheet-with-keyboard-nav.dir/objects.a -W
l,--no-whole-archive -o ..\bin\examples\table-spreadsheet-with-keyboard-nav.exe -Wl,--out-implib,..\bin\examples\libtable
-spreadsheet-with-keyboard-nav.dll.a -Wl,--major-image-version,0,--minor-image-version,0 @CMakeFiles\table-spreadsheet-wi
th-keyboard-nav.dir\linkLibs.rsp
mingw32-make[2]: Leaving directory 'C:/fltk/fltk/build'
[ 80%] Built target table-sort
mingw32-make  -f examples\CMakeFiles\table-with-keynav.dir\build.make examples/CMakeFiles/table-with-keynav.dir/depend
mingw32-make[2]: Entering directory 'C:/fltk/fltk/build'
C:\cmake\3.28.1\x86_64\bin\cmake.exe -E cmake_depends "MinGW Makefiles" C:\fltk\fltk C:\fltk\fltk\examples C:\fltk\fltk\b
uild C:\fltk\fltk\build\examples C:\fltk\fltk\build\examples\CMakeFiles\table-with-keynav.dir\DependInfo.cmake "--color="

mingw32-make[2]: Leaving directory 'C:/fltk/fltk/build'
mingw32-make  -f examples\CMakeFiles\table-with-keynav.dir\build.make examples/CMakeFiles/table-with-keynav.dir/build
mingw32-make[2]: Entering directory 'C:/fltk/fltk/build'
[ 81%] Building CXX object examples/CMakeFiles/table-with-keynav.dir/table-with-keynav.cxx.obj
cd /d C:\fltk\fltk\build\examples && C:\mingw32-8\bin\c++.exe -D_FILE_OFFSET_BITS=64 -D_LARGEFILE64_SOURCE -D_LARGEFILE_S
OURCE -Dtable_with_keynav_EXPORTS @CMakeFiles/table-with-keynav.dir/includes_CXX.rsp -g -std=c++11 -MD -MT examples/CMake
Files/table-with-keynav.dir/table-with-keynav.cxx.obj -MF CMakeFiles\table-with-keynav.dir\table-with-keynav.cxx.obj.d -o
 CMakeFiles\table-with-keynav.dir\table-with-keynav.cxx.obj -c C:\fltk\fltk\examples\table-with-keynav.cxx
mingw32-make[2]: Leaving directory 'C:/fltk/fltk/build'
[ 81%] Built target table-spreadsheet
mingw32-make  -f examples\CMakeFiles\table-with-right-column-stretch-fit.dir\build.make examples/CMakeFiles/table-with-ri
ght-column-stretch-fit.dir/depend
mingw32-make[2]: Entering directory 'C:/fltk/fltk/build'
C:\cmake\3.28.1\x86_64\bin\cmake.exe -E cmake_depends "MinGW Makefiles" C:\fltk\fltk C:\fltk\fltk\examples C:\fltk\fltk\b
uild C:\fltk\fltk\build\examples C:\fltk\fltk\build\examples\CMakeFiles\table-with-right-column-stretch-fit.dir\DependInf
o.cmake "--color="
mingw32-make[2]: Leaving directory 'C:/fltk/fltk/build'
mingw32-make  -f examples\CMakeFiles\table-with-right-column-stretch-fit.dir\build.make examples/CMakeFiles/table-with-ri
ght-column-stretch-fit.dir/build
mingw32-make[2]: Entering directory 'C:/fltk/fltk/build'
[ 81%] Building CXX object examples/CMakeFiles/table-with-right-column-stretch-fit.dir/table-with-right-column-stretch-fi
t.cxx.obj
cd /d C:\fltk\fltk\build\examples && C:\mingw32-8\bin\c++.exe -D_FILE_OFFSET_BITS=64 -D_LARGEFILE64_SOURCE -D_LARGEFILE_S
OURCE -Dtable_with_right_column_stretch_fit_EXPORTS @CMakeFiles/table-with-right-column-stretch-fit.dir/includes_CXX.rsp
-g -std=c++11 -MD -MT examples/CMakeFiles/table-with-right-column-stretch-fit.dir/table-with-right-column-stretch-fit.cxx
.obj -MF CMakeFiles\table-with-right-column-stretch-fit.dir\table-with-right-column-stretch-fit.cxx.obj.d -o CMakeFiles\t
able-with-right-column-stretch-fit.dir\table-with-right-column-stretch-fit.cxx.obj -c C:\fltk\fltk\examples\table-with-ri
ght-column-stretch-fit.cxx
mingw32-make[2]: Leaving directory 'C:/fltk/fltk/build'
[ 81%] Built target table-spreadsheet-with-keyboard-nav
mingw32-make  -f examples\CMakeFiles\table-with-right-click-menu.dir\build.make examples/CMakeFiles/table-with-right-clic
k-menu.dir/depend
mingw32-make[2]: Entering directory 'C:/fltk/fltk/build'
C:\cmake\3.28.1\x86_64\bin\cmake.exe -E cmake_depends "MinGW Makefiles" C:\fltk\fltk C:\fltk\fltk\examples C:\fltk\fltk\b
uild C:\fltk\fltk\build\examples C:\fltk\fltk\build\examples\CMakeFiles\table-with-right-click-menu.dir\DependInfo.cmake
"--color="
[ 81%] Linking CXX executable ..\bin\examples\table-with-keynav.exe
cd /d C:\fltk\fltk\build\examples && C:\cmake\3.28.1\x86_64\bin\cmake.exe -E cmake_link_script CMakeFiles\table-with-keyn
av.dir\link.txt --verbose=on
mingw32-make[2]: Leaving directory 'C:/fltk/fltk/build'
mingw32-make  -f examples\CMakeFiles\table-with-right-click-menu.dir\build.make examples/CMakeFiles/table-with-right-clic
k-menu.dir/build
mingw32-make[2]: Entering directory 'C:/fltk/fltk/build'
C:\cmake\3.28.1\x86_64\bin\cmake.exe -E rm -f CMakeFiles\table-with-keynav.dir/objects.a
[ 81%] Building CXX object examples/CMakeFiles/table-with-right-click-menu.dir/table-with-right-click-menu.cxx.obj
cd /d C:\fltk\fltk\build\examples && C:\mingw32-8\bin\c++.exe -D_FILE_OFFSET_BITS=64 -D_LARGEFILE64_SOURCE -D_LARGEFILE_S
OURCE -Dtable_with_right_click_menu_EXPORTS @CMakeFiles/table-with-right-click-menu.dir/includes_CXX.rsp -g -std=c++11 -M
D -MT examples/CMakeFiles/table-with-right-click-menu.dir/table-with-right-click-menu.cxx.obj -MF CMakeFiles\table-with-r
ight-click-menu.dir\table-with-right-click-menu.cxx.obj.d -o CMakeFiles\table-with-right-click-menu.dir\table-with-right-
click-menu.cxx.obj -c C:\fltk\fltk\examples\table-with-right-click-menu.cxx
C:\mingw32-8\bin\ar.exe qc CMakeFiles\table-with-keynav.dir/objects.a @CMakeFiles\table-with-keynav.dir\objects1.rsp
C:\mingw32-8\bin\c++.exe -g -mwindows -Wl,--whole-archive CMakeFiles\table-with-keynav.dir/objects.a -Wl,--no-whole-archi
ve -o ..\bin\examples\table-with-keynav.exe -Wl,--out-implib,..\bin\examples\libtable-with-keynav.dll.a -Wl,--major-image
-version,0,--minor-image-version,0 @CMakeFiles\table-with-keynav.dir\linkLibs.rsp
[ 81%] Linking CXX executable ..\bin\examples\table-with-right-column-stretch-fit.exe
cd /d C:\fltk\fltk\build\examples && C:\cmake\3.28.1\x86_64\bin\cmake.exe -E cmake_link_script CMakeFiles\table-with-righ
t-column-stretch-fit.dir\link.txt --verbose=on
C:\cmake\3.28.1\x86_64\bin\cmake.exe -E rm -f CMakeFiles\table-with-right-column-stretch-fit.dir/objects.a
C:\mingw32-8\bin\ar.exe qc CMakeFiles\table-with-right-column-stretch-fit.dir/objects.a @CMakeFiles\table-with-right-colu
mn-stretch-fit.dir\objects1.rsp
C:\mingw32-8\bin\c++.exe -g -mwindows -Wl,--whole-archive CMakeFiles\table-with-right-column-stretch-fit.dir/objects.a -W
l,--no-whole-archive -o ..\bin\examples\table-with-right-column-stretch-fit.exe -Wl,--out-implib,..\bin\examples\libtable
-with-right-column-stretch-fit.dll.a -Wl,--major-image-version,0,--minor-image-version,0 @CMakeFiles\table-with-right-col
umn-stretch-fit.dir\linkLibs.rsp
[ 81%] Linking CXX executable ..\bin\examples\table-with-right-click-menu.exe
cd /d C:\fltk\fltk\build\examples && C:\cmake\3.28.1\x86_64\bin\cmake.exe -E cmake_link_script CMakeFiles\table-with-righ
t-click-menu.dir\link.txt --verbose=on
C:\cmake\3.28.1\x86_64\bin\cmake.exe -E rm -f CMakeFiles\table-with-right-click-menu.dir/objects.a
C:\mingw32-8\bin\ar.exe qc CMakeFiles\table-with-right-click-menu.dir/objects.a @CMakeFiles\table-with-right-click-menu.d
ir\objects1.rsp
C:\mingw32-8\bin\c++.exe -g -mwindows -Wl,--whole-archive CMakeFiles\table-with-right-click-menu.dir/objects.a -Wl,--no-w
hole-archive -o ..\bin\examples\table-with-right-click-menu.exe -Wl,--out-implib,..\bin\examples\libtable-with-right-clic
k-menu.dll.a -Wl,--major-image-version,0,--minor-image-version,0 @CMakeFiles\table-with-right-click-menu.dir\linkLibs.rsp

mingw32-make[2]: Leaving directory 'C:/fltk/fltk/build'
[ 81%] Built target table-with-keynav
mingw32-make  -f examples\CMakeFiles\tabs-simple.dir\build.make examples/CMakeFiles/tabs-simple.dir/depend
mingw32-make[2]: Entering directory 'C:/fltk/fltk/build'
C:\cmake\3.28.1\x86_64\bin\cmake.exe -E cmake_depends "MinGW Makefiles" C:\fltk\fltk C:\fltk\fltk\examples C:\fltk\fltk\b
uild C:\fltk\fltk\build\examples C:\fltk\fltk\build\examples\CMakeFiles\tabs-simple.dir\DependInfo.cmake "--color="
mingw32-make[2]: Leaving directory 'C:/fltk/fltk/build'
mingw32-make  -f examples\CMakeFiles\tabs-simple.dir\build.make examples/CMakeFiles/tabs-simple.dir/build
mingw32-make[2]: Entering directory 'C:/fltk/fltk/build'
[ 81%] Building CXX object examples/CMakeFiles/tabs-simple.dir/tabs-simple.cxx.obj
cd /d C:\fltk\fltk\build\examples && C:\mingw32-8\bin\c++.exe -D_FILE_OFFSET_BITS=64 -D_LARGEFILE64_SOURCE -D_LARGEFILE_S
OURCE -Dtabs_simple_EXPORTS @CMakeFiles/tabs-simple.dir/includes_CXX.rsp -g -std=c++11 -MD -MT examples/CMakeFiles/tabs-s
imple.dir/tabs-simple.cxx.obj -MF CMakeFiles\tabs-simple.dir\tabs-simple.cxx.obj.d -o CMakeFiles\tabs-simple.dir\tabs-sim
ple.cxx.obj -c C:\fltk\fltk\examples\tabs-simple.cxx
mingw32-make[2]: Leaving directory 'C:/fltk/fltk/build'
[ 81%] Built target table-with-right-column-stretch-fit
mingw32-make  -f examples\CMakeFiles\textdisplay-with-colors.dir\build.make examples/CMakeFiles/textdisplay-with-colors.d
ir/depend
mingw32-make[2]: Entering directory 'C:/fltk/fltk/build'
C:\cmake\3.28.1\x86_64\bin\cmake.exe -E cmake_depends "MinGW Makefiles" C:\fltk\fltk C:\fltk\fltk\examples C:\fltk\fltk\b
uild C:\fltk\fltk\build\examples C:\fltk\fltk\build\examples\CMakeFiles\textdisplay-with-colors.dir\DependInfo.cmake "--c
olor="
mingw32-make[2]: Leaving directory 'C:/fltk/fltk/build'
mingw32-make  -f examples\CMakeFiles\textdisplay-with-colors.dir\build.make examples/CMakeFiles/textdisplay-with-colors.d
ir/build
mingw32-make[2]: Entering directory 'C:/fltk/fltk/build'
[ 82%] Building CXX object examples/CMakeFiles/textdisplay-with-colors.dir/textdisplay-with-colors.cxx.obj
cd /d C:\fltk\fltk\build\examples && C:\mingw32-8\bin\c++.exe -D_FILE_OFFSET_BITS=64 -D_LARGEFILE64_SOURCE -D_LARGEFILE_S
OURCE -Dtextdisplay_with_colors_EXPORTS @CMakeFiles/textdisplay-with-colors.dir/includes_CXX.rsp -g -std=c++11 -MD -MT ex
amples/CMakeFiles/textdisplay-with-colors.dir/textdisplay-with-colors.cxx.obj -MF CMakeFiles\textdisplay-with-colors.dir\
textdisplay-with-colors.cxx.obj.d -o CMakeFiles\textdisplay-with-colors.dir\textdisplay-with-colors.cxx.obj -c C:\fltk\fl
tk\examples\textdisplay-with-colors.cxx
[ 82%] Linking CXX executable ..\bin\examples\tabs-simple.exe
cd /d C:\fltk\fltk\build\examples && C:\cmake\3.28.1\x86_64\bin\cmake.exe -E cmake_link_script CMakeFiles\tabs-simple.dir
\link.txt --verbose=on
C:\cmake\3.28.1\x86_64\bin\cmake.exe -E rm -f CMakeFiles\tabs-simple.dir/objects.a
C:\mingw32-8\bin\ar.exe qc CMakeFiles\tabs-simple.dir/objects.a @CMakeFiles\tabs-simple.dir\objects1.rsp
C:\mingw32-8\bin\c++.exe -g -mwindows -Wl,--whole-archive CMakeFiles\tabs-simple.dir/objects.a -Wl,--no-whole-archive -o
..\bin\examples\tabs-simple.exe -Wl,--out-implib,..\bin\examples\libtabs-simple.dll.a -Wl,--major-image-version,0,--minor
-image-version,0 @CMakeFiles\tabs-simple.dir\linkLibs.rsp
mingw32-make[2]: Leaving directory 'C:/fltk/fltk/build'
[ 82%] Built target table-with-right-click-menu
mingw32-make  -f examples\CMakeFiles\texteditor-simple.dir\build.make examples/CMakeFiles/texteditor-simple.dir/depend
mingw32-make[2]: Entering directory 'C:/fltk/fltk/build'
C:\cmake\3.28.1\x86_64\bin\cmake.exe -E cmake_depends "MinGW Makefiles" C:\fltk\fltk C:\fltk\fltk\examples C:\fltk\fltk\b
uild C:\fltk\fltk\build\examples C:\fltk\fltk\build\examples\CMakeFiles\texteditor-simple.dir\DependInfo.cmake "--color="

mingw32-make[2]: Leaving directory 'C:/fltk/fltk/build'
mingw32-make  -f examples\CMakeFiles\texteditor-simple.dir\build.make examples/CMakeFiles/texteditor-simple.dir/build
mingw32-make[2]: Entering directory 'C:/fltk/fltk/build'
[ 82%] Building CXX object examples/CMakeFiles/texteditor-simple.dir/texteditor-simple.cxx.obj
cd /d C:\fltk\fltk\build\examples && C:\mingw32-8\bin\c++.exe -D_FILE_OFFSET_BITS=64 -D_LARGEFILE64_SOURCE -D_LARGEFILE_S
OURCE -Dtexteditor_simple_EXPORTS @CMakeFiles/texteditor-simple.dir/includes_CXX.rsp -g -std=c++11 -MD -MT examples/CMake
Files/texteditor-simple.dir/texteditor-simple.cxx.obj -MF CMakeFiles\texteditor-simple.dir\texteditor-simple.cxx.obj.d -o
 CMakeFiles\texteditor-simple.dir\texteditor-simple.cxx.obj -c C:\fltk\fltk\examples\texteditor-simple.cxx
[ 82%] Linking CXX executable ..\bin\examples\textdisplay-with-colors.exe
cd /d C:\fltk\fltk\build\examples && C:\cmake\3.28.1\x86_64\bin\cmake.exe -E cmake_link_script CMakeFiles\textdisplay-wit
h-colors.dir\link.txt --verbose=on
C:\cmake\3.28.1\x86_64\bin\cmake.exe -E rm -f CMakeFiles\textdisplay-with-colors.dir/objects.a
C:\mingw32-8\bin\ar.exe qc CMakeFiles\textdisplay-with-colors.dir/objects.a @CMakeFiles\textdisplay-with-colors.dir\objec
ts1.rsp
C:\mingw32-8\bin\c++.exe -g -mwindows -Wl,--whole-archive CMakeFiles\textdisplay-with-colors.dir/objects.a -Wl,--no-whole
-archive -o ..\bin\examples\textdisplay-with-colors.exe -Wl,--out-implib,..\bin\examples\libtextdisplay-with-colors.dll.a
 -Wl,--major-image-version,0,--minor-image-version,0 @CMakeFiles\textdisplay-with-colors.dir\linkLibs.rsp
[ 82%] Linking CXX executable ..\bin\examples\texteditor-simple.exe
cd /d C:\fltk\fltk\build\examples && C:\cmake\3.28.1\x86_64\bin\cmake.exe -E cmake_link_script CMakeFiles\texteditor-simp
le.dir\link.txt --verbose=on
C:\cmake\3.28.1\x86_64\bin\cmake.exe -E rm -f CMakeFiles\texteditor-simple.dir/objects.a
C:\mingw32-8\bin\ar.exe qc CMakeFiles\texteditor-simple.dir/objects.a @CMakeFiles\texteditor-simple.dir\objects1.rsp
C:\mingw32-8\bin\c++.exe -g -mwindows -Wl,--whole-archive CMakeFiles\texteditor-simple.dir/objects.a -Wl,--no-whole-archi
ve -o ..\bin\examples\texteditor-simple.exe -Wl,--out-implib,..\bin\examples\libtexteditor-simple.dll.a -Wl,--major-image
-version,0,--minor-image-version,0 @CMakeFiles\texteditor-simple.dir\linkLibs.rsp
mingw32-make[2]: Leaving directory 'C:/fltk/fltk/build'
[ 82%] Built target tabs-simple
mingw32-make  -f examples\CMakeFiles\texteditor-with-dynamic-colors.dir\build.make examples/CMakeFiles/texteditor-with-dy
namic-colors.dir/depend
mingw32-make[2]: Entering directory 'C:/fltk/fltk/build'
C:\cmake\3.28.1\x86_64\bin\cmake.exe -E cmake_depends "MinGW Makefiles" C:\fltk\fltk C:\fltk\fltk\examples C:\fltk\fltk\b
uild C:\fltk\fltk\build\examples C:\fltk\fltk\build\examples\CMakeFiles\texteditor-with-dynamic-colors.dir\DependInfo.cma
ke "--color="
mingw32-make[2]: Leaving directory 'C:/fltk/fltk/build'
mingw32-make  -f examples\CMakeFiles\texteditor-with-dynamic-colors.dir\build.make examples/CMakeFiles/texteditor-with-dy
namic-colors.dir/build
mingw32-make[2]: Entering directory 'C:/fltk/fltk/build'
[ 82%] Building CXX object examples/CMakeFiles/texteditor-with-dynamic-colors.dir/texteditor-with-dynamic-colors.cxx.obj
cd /d C:\fltk\fltk\build\examples && C:\mingw32-8\bin\c++.exe -D_FILE_OFFSET_BITS=64 -D_LARGEFILE64_SOURCE -D_LARGEFILE_S
OURCE -Dtexteditor_with_dynamic_colors_EXPORTS @CMakeFiles/texteditor-with-dynamic-colors.dir/includes_CXX.rsp -g -std=c+
+11 -MD -MT examples/CMakeFiles/texteditor-with-dynamic-colors.dir/texteditor-with-dynamic-colors.cxx.obj -MF CMakeFiles\
texteditor-with-dynamic-colors.dir\texteditor-with-dynamic-colors.cxx.obj.d -o CMakeFiles\texteditor-with-dynamic-colors.
dir\texteditor-with-dynamic-colors.cxx.obj -c C:\fltk\fltk\examples\texteditor-with-dynamic-colors.cxx
mingw32-make[2]: Leaving directory 'C:/fltk/fltk/build'
[ 82%] Built target textdisplay-with-colors
mingw32-make  -f examples\CMakeFiles\tree-as-container.dir\build.make examples/CMakeFiles/tree-as-container.dir/depend
mingw32-make[2]: Entering directory 'C:/fltk/fltk/build'
C:\cmake\3.28.1\x86_64\bin\cmake.exe -E cmake_depends "MinGW Makefiles" C:\fltk\fltk C:\fltk\fltk\examples C:\fltk\fltk\b
uild C:\fltk\fltk\build\examples C:\fltk\fltk\build\examples\CMakeFiles\tree-as-container.dir\DependInfo.cmake "--color="

mingw32-make[2]: Leaving directory 'C:/fltk/fltk/build'
mingw32-make  -f examples\CMakeFiles\tree-as-container.dir\build.make examples/CMakeFiles/tree-as-container.dir/build
mingw32-make[2]: Entering directory 'C:/fltk/fltk/build'
[ 82%] Building CXX object examples/CMakeFiles/tree-as-container.dir/tree-as-container.cxx.obj
cd /d C:\fltk\fltk\build\examples && C:\mingw32-8\bin\c++.exe -D_FILE_OFFSET_BITS=64 -D_LARGEFILE64_SOURCE -D_LARGEFILE_S
OURCE -Dtree_as_container_EXPORTS @CMakeFiles/tree-as-container.dir/includes_CXX.rsp -g -std=c++11 -MD -MT examples/CMake
Files/tree-as-container.dir/tree-as-container.cxx.obj -MF CMakeFiles\tree-as-container.dir\tree-as-container.cxx.obj.d -o
 CMakeFiles\tree-as-container.dir\tree-as-container.cxx.obj -c C:\fltk\fltk\examples\tree-as-container.cxx
[ 82%] Linking CXX executable ..\bin\examples\texteditor-with-dynamic-colors.exe
cd /d C:\fltk\fltk\build\examples && C:\cmake\3.28.1\x86_64\bin\cmake.exe -E cmake_link_script CMakeFiles\texteditor-with
-dynamic-colors.dir\link.txt --verbose=on
C:\cmake\3.28.1\x86_64\bin\cmake.exe -E rm -f CMakeFiles\texteditor-with-dynamic-colors.dir/objects.a
C:\mingw32-8\bin\ar.exe qc CMakeFiles\texteditor-with-dynamic-colors.dir/objects.a @CMakeFiles\texteditor-with-dynamic-co
lors.dir\objects1.rsp
C:\mingw32-8\bin\c++.exe -g -mwindows -Wl,--whole-archive CMakeFiles\texteditor-with-dynamic-colors.dir/objects.a -Wl,--n
o-whole-archive -o ..\bin\examples\texteditor-with-dynamic-colors.exe -Wl,--out-implib,..\bin\examples\libtexteditor-with
-dynamic-colors.dll.a -Wl,--major-image-version,0,--minor-image-version,0 @CMakeFiles\texteditor-with-dynamic-colors.dir\
linkLibs.rsp
mingw32-make[2]: Leaving directory 'C:/fltk/fltk/build'
[ 82%] Built target texteditor-simple
mingw32-make  -f examples\CMakeFiles\tree-custom-draw-items.dir\build.make examples/CMakeFiles/tree-custom-draw-items.dir
/depend
mingw32-make[2]: Entering directory 'C:/fltk/fltk/build'
C:\cmake\3.28.1\x86_64\bin\cmake.exe -E cmake_depends "MinGW Makefiles" C:\fltk\fltk C:\fltk\fltk\examples C:\fltk\fltk\b
uild C:\fltk\fltk\build\examples C:\fltk\fltk\build\examples\CMakeFiles\tree-custom-draw-items.dir\DependInfo.cmake "--co
lor="
mingw32-make[2]: Leaving directory 'C:/fltk/fltk/build'
mingw32-make  -f examples\CMakeFiles\tree-custom-draw-items.dir\build.make examples/CMakeFiles/tree-custom-draw-items.dir
/build
mingw32-make[2]: Entering directory 'C:/fltk/fltk/build'
[ 82%] Building CXX object examples/CMakeFiles/tree-custom-draw-items.dir/tree-custom-draw-items.cxx.obj
cd /d C:\fltk\fltk\build\examples && C:\mingw32-8\bin\c++.exe -D_FILE_OFFSET_BITS=64 -D_LARGEFILE64_SOURCE -D_LARGEFILE_S
OURCE -Dtree_custom_draw_items_EXPORTS @CMakeFiles/tree-custom-draw-items.dir/includes_CXX.rsp -g -std=c++11 -MD -MT exam
ples/CMakeFiles/tree-custom-draw-items.dir/tree-custom-draw-items.cxx.obj -MF CMakeFiles\tree-custom-draw-items.dir\tree-
custom-draw-items.cxx.obj.d -o CMakeFiles\tree-custom-draw-items.dir\tree-custom-draw-items.cxx.obj -c C:\fltk\fltk\examp
les\tree-custom-draw-items.cxx
[ 82%] Linking CXX executable ..\bin\examples\tree-as-container.exe
cd /d C:\fltk\fltk\build\examples && C:\cmake\3.28.1\x86_64\bin\cmake.exe -E cmake_link_script CMakeFiles\tree-as-contain
er.dir\link.txt --verbose=on
C:\cmake\3.28.1\x86_64\bin\cmake.exe -E rm -f CMakeFiles\tree-as-container.dir/objects.a
C:\mingw32-8\bin\ar.exe qc CMakeFiles\tree-as-container.dir/objects.a @CMakeFiles\tree-as-container.dir\objects1.rsp
C:\mingw32-8\bin\c++.exe -g -mwindows -Wl,--whole-archive CMakeFiles\tree-as-container.dir/objects.a -Wl,--no-whole-archi
ve -o ..\bin\examples\tree-as-container.exe -Wl,--out-implib,..\bin\examples\libtree-as-container.dll.a -Wl,--major-image
-version,0,--minor-image-version,0 @CMakeFiles\tree-as-container.dir\linkLibs.rsp
[ 82%] Linking CXX executable ..\bin\examples\tree-custom-draw-items.exe
cd /d C:\fltk\fltk\build\examples && C:\cmake\3.28.1\x86_64\bin\cmake.exe -E cmake_link_script CMakeFiles\tree-custom-dra
w-items.dir\link.txt --verbose=on
C:\cmake\3.28.1\x86_64\bin\cmake.exe -E rm -f CMakeFiles\tree-custom-draw-items.dir/objects.a
C:\mingw32-8\bin\ar.exe qc CMakeFiles\tree-custom-draw-items.dir/objects.a @CMakeFiles\tree-custom-draw-items.dir\objects
1.rsp
C:\mingw32-8\bin\c++.exe -g -mwindows -Wl,--whole-archive CMakeFiles\tree-custom-draw-items.dir/objects.a -Wl,--no-whole-
archive -o ..\bin\examples\tree-custom-draw-items.exe -Wl,--out-implib,..\bin\examples\libtree-custom-draw-items.dll.a -W
l,--major-image-version,0,--minor-image-version,0 @CMakeFiles\tree-custom-draw-items.dir\linkLibs.rsp
mingw32-make[2]: Leaving directory 'C:/fltk/fltk/build'
[ 82%] Built target texteditor-with-dynamic-colors
mingw32-make  -f examples\CMakeFiles\tree-custom-sort.dir\build.make examples/CMakeFiles/tree-custom-sort.dir/depend
mingw32-make[2]: Entering directory 'C:/fltk/fltk/build'
C:\cmake\3.28.1\x86_64\bin\cmake.exe -E cmake_depends "MinGW Makefiles" C:\fltk\fltk C:\fltk\fltk\examples C:\fltk\fltk\b
uild C:\fltk\fltk\build\examples C:\fltk\fltk\build\examples\CMakeFiles\tree-custom-sort.dir\DependInfo.cmake "--color="
mingw32-make[2]: Leaving directory 'C:/fltk/fltk/build'
mingw32-make  -f examples\CMakeFiles\tree-custom-sort.dir\build.make examples/CMakeFiles/tree-custom-sort.dir/build
mingw32-make[2]: Entering directory 'C:/fltk/fltk/build'
[ 82%] Building CXX object examples/CMakeFiles/tree-custom-sort.dir/tree-custom-sort.cxx.obj
cd /d C:\fltk\fltk\build\examples && C:\mingw32-8\bin\c++.exe -D_FILE_OFFSET_BITS=64 -D_LARGEFILE64_SOURCE -D_LARGEFILE_S
OURCE -Dtree_custom_sort_EXPORTS @CMakeFiles/tree-custom-sort.dir/includes_CXX.rsp -g -std=c++11 -MD -MT examples/CMakeFi
les/tree-custom-sort.dir/tree-custom-sort.cxx.obj -MF CMakeFiles\tree-custom-sort.dir\tree-custom-sort.cxx.obj.d -o CMake
Files\tree-custom-sort.dir\tree-custom-sort.cxx.obj -c C:\fltk\fltk\examples\tree-custom-sort.cxx
mingw32-make[2]: Leaving directory 'C:/fltk/fltk/build'
[ 82%] Built target tree-as-container
mingw32-make  -f examples\CMakeFiles\tree-of-tables.dir\build.make examples/CMakeFiles/tree-of-tables.dir/depend
mingw32-make[2]: Entering directory 'C:/fltk/fltk/build'
C:\cmake\3.28.1\x86_64\bin\cmake.exe -E cmake_depends "MinGW Makefiles" C:\fltk\fltk C:\fltk\fltk\examples C:\fltk\fltk\b
uild C:\fltk\fltk\build\examples C:\fltk\fltk\build\examples\CMakeFiles\tree-of-tables.dir\DependInfo.cmake "--color="
mingw32-make[2]: Leaving directory 'C:/fltk/fltk/build'
mingw32-make  -f examples\CMakeFiles\tree-of-tables.dir\build.make examples/CMakeFiles/tree-of-tables.dir/build
mingw32-make[2]: Entering directory 'C:/fltk/fltk/build'
[ 82%] Building CXX object examples/CMakeFiles/tree-of-tables.dir/tree-of-tables.cxx.obj
cd /d C:\fltk\fltk\build\examples && C:\mingw32-8\bin\c++.exe -D_FILE_OFFSET_BITS=64 -D_LARGEFILE64_SOURCE -D_LARGEFILE_S
OURCE -Dtree_of_tables_EXPORTS @CMakeFiles/tree-of-tables.dir/includes_CXX.rsp -g -std=c++11 -MD -MT examples/CMakeFiles/
tree-of-tables.dir/tree-of-tables.cxx.obj -MF CMakeFiles\tree-of-tables.dir\tree-of-tables.cxx.obj.d -o CMakeFiles\tree-o
f-tables.dir\tree-of-tables.cxx.obj -c C:\fltk\fltk\examples\tree-of-tables.cxx
[ 83%] Linking CXX executable ..\bin\examples\tree-custom-sort.exe
cd /d C:\fltk\fltk\build\examples && C:\cmake\3.28.1\x86_64\bin\cmake.exe -E cmake_link_script CMakeFiles\tree-custom-sor
t.dir\link.txt --verbose=on
C:\cmake\3.28.1\x86_64\bin\cmake.exe -E rm -f CMakeFiles\tree-custom-sort.dir/objects.a
C:\mingw32-8\bin\ar.exe qc CMakeFiles\tree-custom-sort.dir/objects.a @CMakeFiles\tree-custom-sort.dir\objects1.rsp
C:\mingw32-8\bin\c++.exe -g -mwindows -Wl,--whole-archive CMakeFiles\tree-custom-sort.dir/objects.a -Wl,--no-whole-archiv
e -o ..\bin\examples\tree-custom-sort.exe -Wl,--out-implib,..\bin\examples\libtree-custom-sort.dll.a -Wl,--major-image-ve
rsion,0,--minor-image-version,0 @CMakeFiles\tree-custom-sort.dir\linkLibs.rsp
mingw32-make[2]: Leaving directory 'C:/fltk/fltk/build'
[ 83%] Built target tree-custom-draw-items
mingw32-make  -f examples\CMakeFiles\tree-simple.dir\build.make examples/CMakeFiles/tree-simple.dir/depend
mingw32-make[2]: Entering directory 'C:/fltk/fltk/build'
C:\cmake\3.28.1\x86_64\bin\cmake.exe -E cmake_depends "MinGW Makefiles" C:\fltk\fltk C:\fltk\fltk\examples C:\fltk\fltk\b
uild C:\fltk\fltk\build\examples C:\fltk\fltk\build\examples\CMakeFiles\tree-simple.dir\DependInfo.cmake "--color="
mingw32-make[2]: Leaving directory 'C:/fltk/fltk/build'
mingw32-make  -f examples\CMakeFiles\tree-simple.dir\build.make examples/CMakeFiles/tree-simple.dir/build
mingw32-make[2]: Entering directory 'C:/fltk/fltk/build'
[ 83%] Building CXX object examples/CMakeFiles/tree-simple.dir/tree-simple.cxx.obj
cd /d C:\fltk\fltk\build\examples && C:\mingw32-8\bin\c++.exe -D_FILE_OFFSET_BITS=64 -D_LARGEFILE64_SOURCE -D_LARGEFILE_S
OURCE -Dtree_simple_EXPORTS @CMakeFiles/tree-simple.dir/includes_CXX.rsp -g -std=c++11 -MD -MT examples/CMakeFiles/tree-s
imple.dir/tree-simple.cxx.obj -MF CMakeFiles\tree-simple.dir\tree-simple.cxx.obj.d -o CMakeFiles\tree-simple.dir\tree-sim
ple.cxx.obj -c C:\fltk\fltk\examples\tree-simple.cxx
[ 83%] Linking CXX executable ..\bin\examples\tree-of-tables.exe
cd /d C:\fltk\fltk\build\examples && C:\cmake\3.28.1\x86_64\bin\cmake.exe -E cmake_link_script CMakeFiles\tree-of-tables.
dir\link.txt --verbose=on
C:\cmake\3.28.1\x86_64\bin\cmake.exe -E rm -f CMakeFiles\tree-of-tables.dir/objects.a
C:\mingw32-8\bin\ar.exe qc CMakeFiles\tree-of-tables.dir/objects.a @CMakeFiles\tree-of-tables.dir\objects1.rsp
C:\mingw32-8\bin\c++.exe -g -mwindows -Wl,--whole-archive CMakeFiles\tree-of-tables.dir/objects.a -Wl,--no-whole-archive
-o ..\bin\examples\tree-of-tables.exe -Wl,--out-implib,..\bin\examples\libtree-of-tables.dll.a -Wl,--major-image-version,
0,--minor-image-version,0 @CMakeFiles\tree-of-tables.dir\linkLibs.rsp
[ 83%] Linking CXX executable ..\bin\examples\tree-simple.exe
cd /d C:\fltk\fltk\build\examples && C:\cmake\3.28.1\x86_64\bin\cmake.exe -E cmake_link_script CMakeFiles\tree-simple.dir
\link.txt --verbose=on
C:\cmake\3.28.1\x86_64\bin\cmake.exe -E rm -f CMakeFiles\tree-simple.dir/objects.a
C:\mingw32-8\bin\ar.exe qc CMakeFiles\tree-simple.dir/objects.a @CMakeFiles\tree-simple.dir\objects1.rsp
C:\mingw32-8\bin\c++.exe -g -mwindows -Wl,--whole-archive CMakeFiles\tree-simple.dir/objects.a -Wl,--no-whole-archive -o
..\bin\examples\tree-simple.exe -Wl,--out-implib,..\bin\examples\libtree-simple.dll.a -Wl,--major-image-version,0,--minor
-image-version,0 @CMakeFiles\tree-simple.dir\linkLibs.rsp
mingw32-make[2]: Leaving directory 'C:/fltk/fltk/build'
[ 83%] Built target tree-custom-sort
mingw32-make  -f examples\CMakeFiles\wizard-simple.dir\build.make examples/CMakeFiles/wizard-simple.dir/depend
mingw32-make[2]: Entering directory 'C:/fltk/fltk/build'
C:\cmake\3.28.1\x86_64\bin\cmake.exe -E cmake_depends "MinGW Makefiles" C:\fltk\fltk C:\fltk\fltk\examples C:\fltk\fltk\b
uild C:\fltk\fltk\build\examples C:\fltk\fltk\build\examples\CMakeFiles\wizard-simple.dir\DependInfo.cmake "--color="
mingw32-make[2]: Leaving directory 'C:/fltk/fltk/build'
mingw32-make  -f examples\CMakeFiles\wizard-simple.dir\build.make examples/CMakeFiles/wizard-simple.dir/build
mingw32-make[2]: Entering directory 'C:/fltk/fltk/build'
[ 83%] Building CXX object examples/CMakeFiles/wizard-simple.dir/wizard-simple.cxx.obj
cd /d C:\fltk\fltk\build\examples && C:\mingw32-8\bin\c++.exe -D_FILE_OFFSET_BITS=64 -D_LARGEFILE64_SOURCE -D_LARGEFILE_S
OURCE -Dwizard_simple_EXPORTS @CMakeFiles/wizard-simple.dir/includes_CXX.rsp -g -std=c++11 -MD -MT examples/CMakeFiles/wi
zard-simple.dir/wizard-simple.cxx.obj -MF CMakeFiles\wizard-simple.dir\wizard-simple.cxx.obj.d -o CMakeFiles\wizard-simpl
e.dir\wizard-simple.cxx.obj -c C:\fltk\fltk\examples\wizard-simple.cxx
[ 84%] Linking CXX executable ..\bin\examples\wizard-simple.exe
cd /d C:\fltk\fltk\build\examples && C:\cmake\3.28.1\x86_64\bin\cmake.exe -E cmake_link_script CMakeFiles\wizard-simple.d
ir\link.txt --verbose=on
C:\cmake\3.28.1\x86_64\bin\cmake.exe -E rm -f CMakeFiles\wizard-simple.dir/objects.a
C:\mingw32-8\bin\ar.exe qc CMakeFiles\wizard-simple.dir/objects.a @CMakeFiles\wizard-simple.dir\objects1.rsp
C:\mingw32-8\bin\c++.exe -g -mwindows -Wl,--whole-archive CMakeFiles\wizard-simple.dir/objects.a -Wl,--no-whole-archive -
o ..\bin\examples\wizard-simple.exe -Wl,--out-implib,..\bin\examples\libwizard-simple.dll.a -Wl,--major-image-version,0,-
-minor-image-version,0 @CMakeFiles\wizard-simple.dir\linkLibs.rsp
mingw32-make[2]: Leaving directory 'C:/fltk/fltk/build'
[ 84%] Built target tree-of-tables
mingw32-make  -f examples\CMakeFiles\animgifimage.dir\build.make examples/CMakeFiles/animgifimage.dir/depend
mingw32-make[2]: Entering directory 'C:/fltk/fltk/build'
C:\cmake\3.28.1\x86_64\bin\cmake.exe -E cmake_depends "MinGW Makefiles" C:\fltk\fltk C:\fltk\fltk\examples C:\fltk\fltk\b
uild C:\fltk\fltk\build\examples C:\fltk\fltk\build\examples\CMakeFiles\animgifimage.dir\DependInfo.cmake "--color="
mingw32-make[2]: Leaving directory 'C:/fltk/fltk/build'
mingw32-make  -f examples\CMakeFiles\animgifimage.dir\build.make examples/CMakeFiles/animgifimage.dir/build
mingw32-make[2]: Entering directory 'C:/fltk/fltk/build'
[ 84%] Building CXX object examples/CMakeFiles/animgifimage.dir/animgifimage.cxx.obj
cd /d C:\fltk\fltk\build\examples && C:\mingw32-8\bin\c++.exe -D_FILE_OFFSET_BITS=64 -D_LARGEFILE64_SOURCE -D_LARGEFILE_S
OURCE -Danimgifimage_EXPORTS @CMakeFiles/animgifimage.dir/includes_CXX.rsp -g -std=c++11 -MD -MT examples/CMakeFiles/anim
gifimage.dir/animgifimage.cxx.obj -MF CMakeFiles\animgifimage.dir\animgifimage.cxx.obj.d -o CMakeFiles\animgifimage.dir\a
nimgifimage.cxx.obj -c C:\fltk\fltk\examples\animgifimage.cxx
mingw32-make[2]: Leaving directory 'C:/fltk/fltk/build'
[ 84%] Built target tree-simple
mingw32-make  -f examples\CMakeFiles\animgifimage-play.dir\build.make examples/CMakeFiles/animgifimage-play.dir/depend
mingw32-make[2]: Entering directory 'C:/fltk/fltk/build'
C:\cmake\3.28.1\x86_64\bin\cmake.exe -E cmake_depends "MinGW Makefiles" C:\fltk\fltk C:\fltk\fltk\examples C:\fltk\fltk\b
uild C:\fltk\fltk\build\examples C:\fltk\fltk\build\examples\CMakeFiles\animgifimage-play.dir\DependInfo.cmake "--color="

mingw32-make[2]: Leaving directory 'C:/fltk/fltk/build'
mingw32-make  -f examples\CMakeFiles\animgifimage-play.dir\build.make examples/CMakeFiles/animgifimage-play.dir/build
mingw32-make[2]: Entering directory 'C:/fltk/fltk/build'
[ 85%] Building CXX object examples/CMakeFiles/animgifimage-play.dir/animgifimage-play.cxx.obj
cd /d C:\fltk\fltk\build\examples && C:\mingw32-8\bin\c++.exe -D_FILE_OFFSET_BITS=64 -D_LARGEFILE64_SOURCE -D_LARGEFILE_S
OURCE -Danimgifimage_play_EXPORTS @CMakeFiles/animgifimage-play.dir/includes_CXX.rsp -g -std=c++11 -MD -MT examples/CMake
Files/animgifimage-play.dir/animgifimage-play.cxx.obj -MF CMakeFiles\animgifimage-play.dir\animgifimage-play.cxx.obj.d -o
 CMakeFiles\animgifimage-play.dir\animgifimage-play.cxx.obj -c C:\fltk\fltk\examples\animgifimage-play.cxx
[ 85%] Linking CXX executable ..\bin\examples\animgifimage-play.exe
cd /d C:\fltk\fltk\build\examples && C:\cmake\3.28.1\x86_64\bin\cmake.exe -E cmake_link_script CMakeFiles\animgifimage-pl
ay.dir\link.txt --verbose=on
C:\cmake\3.28.1\x86_64\bin\cmake.exe -E rm -f CMakeFiles\animgifimage-play.dir/objects.a
C:\mingw32-8\bin\ar.exe qc CMakeFiles\animgifimage-play.dir/objects.a @CMakeFiles\animgifimage-play.dir\objects1.rsp
C:\mingw32-8\bin\c++.exe -g -mwindows -Wl,--whole-archive CMakeFiles\animgifimage-play.dir/objects.a -Wl,--no-whole-archi
ve -o ..\bin\examples\animgifimage-play.exe -Wl,--out-implib,..\bin\examples\libanimgifimage-play.dll.a -Wl,--major-image
-version,0,--minor-image-version,0 @CMakeFiles\animgifimage-play.dir\linkLibs.rsp
[ 85%] Linking CXX executable ..\bin\examples\animgifimage.exe
cd /d C:\fltk\fltk\build\examples && C:\cmake\3.28.1\x86_64\bin\cmake.exe -E cmake_link_script CMakeFiles\animgifimage.di
r\link.txt --verbose=on
C:\cmake\3.28.1\x86_64\bin\cmake.exe -E rm -f CMakeFiles\animgifimage.dir/objects.a
C:\mingw32-8\bin\ar.exe qc CMakeFiles\animgifimage.dir/objects.a @CMakeFiles\animgifimage.dir\objects1.rsp
C:\mingw32-8\bin\c++.exe -g -mwindows -Wl,--whole-archive CMakeFiles\animgifimage.dir/objects.a -Wl,--no-whole-archive -o
 ..\bin\examples\animgifimage.exe -Wl,--out-implib,..\bin\examples\libanimgifimage.dll.a -Wl,--major-image-version,0,--mi
nor-image-version,0 @CMakeFiles\animgifimage.dir\linkLibs.rsp
mingw32-make[2]: Leaving directory 'C:/fltk/fltk/build'
[ 85%] Built target wizard-simple
mingw32-make  -f examples\CMakeFiles\animgifimage-resize.dir\build.make examples/CMakeFiles/animgifimage-resize.dir/depen
d
mingw32-make[2]: Entering directory 'C:/fltk/fltk/build'
C:\cmake\3.28.1\x86_64\bin\cmake.exe -E cmake_depends "MinGW Makefiles" C:\fltk\fltk C:\fltk\fltk\examples C:\fltk\fltk\b
uild C:\fltk\fltk\build\examples C:\fltk\fltk\build\examples\CMakeFiles\animgifimage-resize.dir\DependInfo.cmake "--color
="
mingw32-make[2]: Leaving directory 'C:/fltk/fltk/build'
mingw32-make  -f examples\CMakeFiles\animgifimage-resize.dir\build.make examples/CMakeFiles/animgifimage-resize.dir/build

mingw32-make[2]: Entering directory 'C:/fltk/fltk/build'
[ 85%] Building CXX object examples/CMakeFiles/animgifimage-resize.dir/animgifimage-resize.cxx.obj
cd /d C:\fltk\fltk\build\examples && C:\mingw32-8\bin\c++.exe -D_FILE_OFFSET_BITS=64 -D_LARGEFILE64_SOURCE -D_LARGEFILE_S
OURCE -Danimgifimage_resize_EXPORTS @CMakeFiles/animgifimage-resize.dir/includes_CXX.rsp -g -std=c++11 -MD -MT examples/C
MakeFiles/animgifimage-resize.dir/animgifimage-resize.cxx.obj -MF CMakeFiles\animgifimage-resize.dir\animgifimage-resize.
cxx.obj.d -o CMakeFiles\animgifimage-resize.dir\animgifimage-resize.cxx.obj -c C:\fltk\fltk\examples\animgifimage-resize.
cxx
[ 85%] Linking CXX executable ..\bin\examples\animgifimage-resize.exe
cd /d C:\fltk\fltk\build\examples && C:\cmake\3.28.1\x86_64\bin\cmake.exe -E cmake_link_script CMakeFiles\animgifimage-re
size.dir\link.txt --verbose=on
C:\cmake\3.28.1\x86_64\bin\cmake.exe -E rm -f CMakeFiles\animgifimage-resize.dir/objects.a
C:\mingw32-8\bin\ar.exe qc CMakeFiles\animgifimage-resize.dir/objects.a @CMakeFiles\animgifimage-resize.dir\objects1.rsp
C:\mingw32-8\bin\c++.exe -g -mwindows -Wl,--whole-archive CMakeFiles\animgifimage-resize.dir/objects.a -Wl,--no-whole-arc
hive -o ..\bin\examples\animgifimage-resize.exe -Wl,--out-implib,..\bin\examples\libanimgifimage-resize.dll.a -Wl,--major
-image-version,0,--minor-image-version,0 @CMakeFiles\animgifimage-resize.dir\linkLibs.rsp
mingw32-make[2]: Leaving directory 'C:/fltk/fltk/build'
[ 85%] Built target animgifimage-play
mingw32-make  -f examples\CMakeFiles\animgifimage-simple.dir\build.make examples/CMakeFiles/animgifimage-simple.dir/depen
d
mingw32-make[2]: Entering directory 'C:/fltk/fltk/build'
C:\cmake\3.28.1\x86_64\bin\cmake.exe -E cmake_depends "MinGW Makefiles" C:\fltk\fltk C:\fltk\fltk\examples C:\fltk\fltk\b
uild C:\fltk\fltk\build\examples C:\fltk\fltk\build\examples\CMakeFiles\animgifimage-simple.dir\DependInfo.cmake "--color
="
mingw32-make[2]: Leaving directory 'C:/fltk/fltk/build'
mingw32-make  -f examples\CMakeFiles\animgifimage-simple.dir\build.make examples/CMakeFiles/animgifimage-simple.dir/build

mingw32-make[2]: Entering directory 'C:/fltk/fltk/build'
[ 85%] Building CXX object examples/CMakeFiles/animgifimage-simple.dir/animgifimage-simple.cxx.obj
cd /d C:\fltk\fltk\build\examples && C:\mingw32-8\bin\c++.exe -D_FILE_OFFSET_BITS=64 -D_LARGEFILE64_SOURCE -D_LARGEFILE_S
OURCE -Danimgifimage_simple_EXPORTS @CMakeFiles/animgifimage-simple.dir/includes_CXX.rsp -g -std=c++11 -MD -MT examples/C
MakeFiles/animgifimage-simple.dir/animgifimage-simple.cxx.obj -MF CMakeFiles\animgifimage-simple.dir\animgifimage-simple.
cxx.obj.d -o CMakeFiles\animgifimage-simple.dir\animgifimage-simple.cxx.obj -c C:\fltk\fltk\examples\animgifimage-simple.
cxx
[ 85%] Linking CXX executable ..\bin\examples\animgifimage-simple.exe
mingw32-make[2]: Leaving directory 'C:/fltk/fltk/build'
cd /d C:\fltk\fltk\build\examples && C:\cmake\3.28.1\x86_64\bin\cmake.exe -E cmake_link_script CMakeFiles\animgifimage-si
mple.dir\link.txt --verbose=on
[ 85%] Built target animgifimage
mingw32-make  -f examples\CMakeFiles\howto-simple-svg.dir\build.make examples/CMakeFiles/howto-simple-svg.dir/depend
mingw32-make[2]: Entering directory 'C:/fltk/fltk/build'
C:\cmake\3.28.1\x86_64\bin\cmake.exe -E cmake_depends "MinGW Makefiles" C:\fltk\fltk C:\fltk\fltk\examples C:\fltk\fltk\b
uild C:\fltk\fltk\build\examples C:\fltk\fltk\build\examples\CMakeFiles\howto-simple-svg.dir\DependInfo.cmake "--color="
C:\cmake\3.28.1\x86_64\bin\cmake.exe -E rm -f CMakeFiles\animgifimage-simple.dir/objects.a
mingw32-make[2]: Leaving directory 'C:/fltk/fltk/build'
mingw32-make  -f examples\CMakeFiles\howto-simple-svg.dir\build.make examples/CMakeFiles/howto-simple-svg.dir/build
C:\mingw32-8\bin\ar.exe qc CMakeFiles\animgifimage-simple.dir/objects.a @CMakeFiles\animgifimage-simple.dir\objects1.rsp
mingw32-make[2]: Entering directory 'C:/fltk/fltk/build'
C:\mingw32-8\bin\c++.exe -g -mwindows -Wl,--whole-archive CMakeFiles\animgifimage-simple.dir/objects.a -Wl,--no-whole-arc
hive -o ..\bin\examples\animgifimage-simple.exe -Wl,--out-implib,..\bin\examples\libanimgifimage-simple.dll.a -Wl,--major
-image-version,0,--minor-image-version,0 @CMakeFiles\animgifimage-simple.dir\linkLibs.rsp
[ 85%] Building CXX object examples/CMakeFiles/howto-simple-svg.dir/howto-simple-svg.cxx.obj
cd /d C:\fltk\fltk\build\examples && C:\mingw32-8\bin\c++.exe -D_FILE_OFFSET_BITS=64 -D_LARGEFILE64_SOURCE -D_LARGEFILE_S
OURCE -Dhowto_simple_svg_EXPORTS @CMakeFiles/howto-simple-svg.dir/includes_CXX.rsp -g -std=c++11 -MD -MT examples/CMakeFi
les/howto-simple-svg.dir/howto-simple-svg.cxx.obj -MF CMakeFiles\howto-simple-svg.dir\howto-simple-svg.cxx.obj.d -o CMake
Files\howto-simple-svg.dir\howto-simple-svg.cxx.obj -c C:\fltk\fltk\examples\howto-simple-svg.cxx
mingw32-make[2]: Leaving directory 'C:/fltk/fltk/build'
[ 85%] Built target animgifimage-resize
mingw32-make  -f examples\CMakeFiles\cairo-draw-x.dir\build.make examples/CMakeFiles/cairo-draw-x.dir/depend
mingw32-make[2]: Entering directory 'C:/fltk/fltk/build'
C:\cmake\3.28.1\x86_64\bin\cmake.exe -E cmake_depends "MinGW Makefiles" C:\fltk\fltk C:\fltk\fltk\examples C:\fltk\fltk\b
uild C:\fltk\fltk\build\examples C:\fltk\fltk\build\examples\CMakeFiles\cairo-draw-x.dir\DependInfo.cmake "--color="
mingw32-make[2]: Leaving directory 'C:/fltk/fltk/build'
mingw32-make  -f examples\CMakeFiles\cairo-draw-x.dir\build.make examples/CMakeFiles/cairo-draw-x.dir/build
[ 85%] Linking CXX executable ..\bin\examples\howto-simple-svg.exe
cd /d C:\fltk\fltk\build\examples && C:\cmake\3.28.1\x86_64\bin\cmake.exe -E cmake_link_script CMakeFiles\howto-simple-sv
g.dir\link.txt --verbose=on
mingw32-make[2]: Entering directory 'C:/fltk/fltk/build'
[ 85%] Building CXX object examples/CMakeFiles/cairo-draw-x.dir/cairo-draw-x.cxx.obj
cd /d C:\fltk\fltk\build\examples && C:\mingw32-8\bin\c++.exe -D_FILE_OFFSET_BITS=64 -D_LARGEFILE64_SOURCE -D_LARGEFILE_S
OURCE -Dcairo_draw_x_EXPORTS @CMakeFiles/cairo-draw-x.dir/includes_CXX.rsp -g -std=c++11 -MD -MT examples/CMakeFiles/cair
o-draw-x.dir/cairo-draw-x.cxx.obj -MF CMakeFiles\cairo-draw-x.dir\cairo-draw-x.cxx.obj.d -o CMakeFiles\cairo-draw-x.dir\c
airo-draw-x.cxx.obj -c C:\fltk\fltk\examples\cairo-draw-x.cxx
C:\cmake\3.28.1\x86_64\bin\cmake.exe -E rm -f CMakeFiles\howto-simple-svg.dir/objects.a
C:\mingw32-8\bin\ar.exe qc CMakeFiles\howto-simple-svg.dir/objects.a @CMakeFiles\howto-simple-svg.dir\objects1.rsp
C:\mingw32-8\bin\c++.exe -g -mwindows -Wl,--whole-archive CMakeFiles\howto-simple-svg.dir/objects.a -Wl,--no-whole-archiv
e -o ..\bin\examples\howto-simple-svg.exe -Wl,--out-implib,..\bin\examples\libhowto-simple-svg.dll.a -Wl,--major-image-ve
rsion,0,--minor-image-version,0 @CMakeFiles\howto-simple-svg.dir\linkLibs.rsp
[ 85%] Linking CXX executable ..\bin\examples\cairo-draw-x.exe
cd /d C:\fltk\fltk\build\examples && C:\cmake\3.28.1\x86_64\bin\cmake.exe -E cmake_link_script CMakeFiles\cairo-draw-x.di
r\link.txt --verbose=on
C:\cmake\3.28.1\x86_64\bin\cmake.exe -E rm -f CMakeFiles\cairo-draw-x.dir/objects.a
mingw32-make[2]: Leaving directory 'C:/fltk/fltk/build'
C:\mingw32-8\bin\ar.exe qc CMakeFiles\cairo-draw-x.dir/objects.a @CMakeFiles\cairo-draw-x.dir\objects1.rsp
[ 85%] Built target animgifimage-simple
mingw32-make  -f fluid\CMakeFiles\fluid-lib.dir\build.make fluid/CMakeFiles/fluid-lib.dir/depend
C:\mingw32-8\bin\c++.exe -g -mwindows -Wl,--whole-archive CMakeFiles\cairo-draw-x.dir/objects.a -Wl,--no-whole-archive -o
 ..\bin\examples\cairo-draw-x.exe -Wl,--out-implib,..\bin\examples\libcairo-draw-x.dll.a -Wl,--major-image-version,0,--mi
nor-image-version,0 @CMakeFiles\cairo-draw-x.dir\linkLibs.rsp
mingw32-make[2]: Entering directory 'C:/fltk/fltk/build'
C:\cmake\3.28.1\x86_64\bin\cmake.exe -E cmake_depends "MinGW Makefiles" C:\fltk\fltk C:\fltk\fltk\fluid C:\fltk\fltk\buil
d C:\fltk\fltk\build\fluid C:\fltk\fltk\build\fluid\CMakeFiles\fluid-lib.dir\DependInfo.cmake "--color="
mingw32-make[2]: Leaving directory 'C:/fltk/fltk/build'
mingw32-make  -f fluid\CMakeFiles\fluid-lib.dir\build.make fluid/CMakeFiles/fluid-lib.dir/build
mingw32-make[2]: Entering directory 'C:/fltk/fltk/build'
[ 85%] Building CXX object fluid/CMakeFiles/fluid-lib.dir/Fluid.cxx.obj
cd /d C:\fltk\fltk\build\fluid && C:\mingw32-8\bin\c++.exe -D_FILE_OFFSET_BITS=64 -D_LARGEFILE64_SOURCE -D_LARGEFILE_SOUR
CE @CMakeFiles/fluid-lib.dir/includes_CXX.rsp -g -std=c++11 -MD -MT fluid/CMakeFiles/fluid-lib.dir/Fluid.cxx.obj -MF CMak
eFiles\fluid-lib.dir\Fluid.cxx.obj.d -o CMakeFiles\fluid-lib.dir\Fluid.cxx.obj -c C:\fltk\fltk\fluid\Fluid.cxx
mingw32-make[2]: Leaving directory 'C:/fltk/fltk/build'
[ 85%] Built target howto-simple-svg
[ 85%] Building CXX object fluid/CMakeFiles/fluid-lib.dir/Project.cxx.obj
cd /d C:\fltk\fltk\build\fluid && C:\mingw32-8\bin\c++.exe -D_FILE_OFFSET_BITS=64 -D_LARGEFILE64_SOURCE -D_LARGEFILE_SOUR
CE @CMakeFiles/fluid-lib.dir/includes_CXX.rsp -g -std=c++11 -MD -MT fluid/CMakeFiles/fluid-lib.dir/Project.cxx.obj -MF CM
akeFiles\fluid-lib.dir\Project.cxx.obj.d -o CMakeFiles\fluid-lib.dir\Project.cxx.obj -c C:\fltk\fltk\fluid\Project.cxx
mingw32-make[2]: Leaving directory 'C:/fltk/fltk/build'
[ 85%] Built target cairo-draw-x
[ 85%] Building CXX object fluid/CMakeFiles/fluid-lib.dir/fluid_icon.cxx.obj
cd /d C:\fltk\fltk\build\fluid && C:\mingw32-8\bin\c++.exe -D_FILE_OFFSET_BITS=64 -D_LARGEFILE64_SOURCE -D_LARGEFILE_SOUR
CE @CMakeFiles/fluid-lib.dir/includes_CXX.rsp -g -std=c++11 -MD -MT fluid/CMakeFiles/fluid-lib.dir/fluid_icon.cxx.obj -MF
 CMakeFiles\fluid-lib.dir\fluid_icon.cxx.obj.d -o CMakeFiles\fluid-lib.dir\fluid_icon.cxx.obj -c C:\fltk\fltk\fluid\fluid
_icon.cxx
[ 86%] Building CXX object fluid/CMakeFiles/fluid-lib.dir/app/args.cxx.obj
cd /d C:\fltk\fltk\build\fluid && C:\mingw32-8\bin\c++.exe -D_FILE_OFFSET_BITS=64 -D_LARGEFILE64_SOURCE -D_LARGEFILE_SOUR
CE @CMakeFiles/fluid-lib.dir/includes_CXX.rsp -g -std=c++11 -MD -MT fluid/CMakeFiles/fluid-lib.dir/app/args.cxx.obj -MF C
MakeFiles\fluid-lib.dir\app\args.cxx.obj.d -o CMakeFiles\fluid-lib.dir\app\args.cxx.obj -c C:\fltk\fltk\fluid\app\args.cx
x
[ 86%] Building CXX object fluid/CMakeFiles/fluid-lib.dir/app/Snap_Action.cxx.obj
cd /d C:\fltk\fltk\build\fluid && C:\mingw32-8\bin\c++.exe -D_FILE_OFFSET_BITS=64 -D_LARGEFILE64_SOURCE -D_LARGEFILE_SOUR
CE @CMakeFiles/fluid-lib.dir/includes_CXX.rsp -g -std=c++11 -MD -MT fluid/CMakeFiles/fluid-lib.dir/app/Snap_Action.cxx.ob
j -MF CMakeFiles\fluid-lib.dir\app\Snap_Action.cxx.obj.d -o CMakeFiles\fluid-lib.dir\app\Snap_Action.cxx.obj -c C:\fltk\f
ltk\fluid\app\Snap_Action.cxx
[ 86%] Building CXX object fluid/CMakeFiles/fluid-lib.dir/app/Image_Asset.cxx.obj
cd /d C:\fltk\fltk\build\fluid && C:\mingw32-8\bin\c++.exe -D_FILE_OFFSET_BITS=64 -D_LARGEFILE64_SOURCE -D_LARGEFILE_SOUR
CE @CMakeFiles/fluid-lib.dir/includes_CXX.rsp -g -std=c++11 -MD -MT fluid/CMakeFiles/fluid-lib.dir/app/Image_Asset.cxx.ob
j -MF CMakeFiles\fluid-lib.dir\app\Image_Asset.cxx.obj.d -o CMakeFiles\fluid-lib.dir\app\Image_Asset.cxx.obj -c C:\fltk\f
ltk\fluid\app\Image_Asset.cxx
[ 86%] Building CXX object fluid/CMakeFiles/fluid-lib.dir/app/history.cxx.obj
cd /d C:\fltk\fltk\build\fluid && C:\mingw32-8\bin\c++.exe -D_FILE_OFFSET_BITS=64 -D_LARGEFILE64_SOURCE -D_LARGEFILE_SOUR
CE @CMakeFiles/fluid-lib.dir/includes_CXX.rsp -g -std=c++11 -MD -MT fluid/CMakeFiles/fluid-lib.dir/app/history.cxx.obj -M
F CMakeFiles\fluid-lib.dir\app\history.cxx.obj.d -o CMakeFiles\fluid-lib.dir\app\history.cxx.obj -c C:\fltk\fltk\fluid\ap
p\history.cxx
[ 86%] Building CXX object fluid/CMakeFiles/fluid-lib.dir/app/Menu.cxx.obj
cd /d C:\fltk\fltk\build\fluid && C:\mingw32-8\bin\c++.exe -D_FILE_OFFSET_BITS=64 -D_LARGEFILE64_SOURCE -D_LARGEFILE_SOUR
CE @CMakeFiles/fluid-lib.dir/includes_CXX.rsp -g -std=c++11 -MD -MT fluid/CMakeFiles/fluid-lib.dir/app/Menu.cxx.obj -MF C
MakeFiles\fluid-lib.dir\app\Menu.cxx.obj.d -o CMakeFiles\fluid-lib.dir\app\Menu.cxx.obj -c C:\fltk\fltk\fluid\app\Menu.cx
x
[ 86%] Building CXX object fluid/CMakeFiles/fluid-lib.dir/app/shell_command.cxx.obj
cd /d C:\fltk\fltk\build\fluid && C:\mingw32-8\bin\c++.exe -D_FILE_OFFSET_BITS=64 -D_LARGEFILE64_SOURCE -D_LARGEFILE_SOUR
CE @CMakeFiles/fluid-lib.dir/includes_CXX.rsp -g -std=c++11 -MD -MT fluid/CMakeFiles/fluid-lib.dir/app/shell_command.cxx.
obj -MF CMakeFiles\fluid-lib.dir\app\shell_command.cxx.obj.d -o CMakeFiles\fluid-lib.dir\app\shell_command.cxx.obj -c C:\
fltk\fltk\fluid\app\shell_command.cxx
[ 86%] Building CXX object fluid/CMakeFiles/fluid-lib.dir/app/templates.cxx.obj
cd /d C:\fltk\fltk\build\fluid && C:\mingw32-8\bin\c++.exe -D_FILE_OFFSET_BITS=64 -D_LARGEFILE64_SOURCE -D_LARGEFILE_SOUR
CE @CMakeFiles/fluid-lib.dir/includes_CXX.rsp -g -std=c++11 -MD -MT fluid/CMakeFiles/fluid-lib.dir/app/templates.cxx.obj
-MF CMakeFiles\fluid-lib.dir\app\templates.cxx.obj.d -o CMakeFiles\fluid-lib.dir\app\templates.cxx.obj -c C:\fltk\fltk\fl
uid\app\templates.cxx
[ 87%] Building CXX object fluid/CMakeFiles/fluid-lib.dir/io/Code_Writer.cxx.obj
cd /d C:\fltk\fltk\build\fluid && C:\mingw32-8\bin\c++.exe -D_FILE_OFFSET_BITS=64 -D_LARGEFILE64_SOURCE -D_LARGEFILE_SOUR
CE @CMakeFiles/fluid-lib.dir/includes_CXX.rsp -g -std=c++11 -MD -MT fluid/CMakeFiles/fluid-lib.dir/io/Code_Writer.cxx.obj
 -MF CMakeFiles\fluid-lib.dir\io\Code_Writer.cxx.obj.d -o CMakeFiles\fluid-lib.dir\io\Code_Writer.cxx.obj -c C:\fltk\fltk
\fluid\io\Code_Writer.cxx
[ 87%] Building CXX object fluid/CMakeFiles/fluid-lib.dir/io/Project_Writer.cxx.obj
cd /d C:\fltk\fltk\build\fluid && C:\mingw32-8\bin\c++.exe -D_FILE_OFFSET_BITS=64 -D_LARGEFILE64_SOURCE -D_LARGEFILE_SOUR
CE @CMakeFiles/fluid-lib.dir/includes_CXX.rsp -g -std=c++11 -MD -MT fluid/CMakeFiles/fluid-lib.dir/io/Project_Writer.cxx.
obj -MF CMakeFiles\fluid-lib.dir\io\Project_Writer.cxx.obj.d -o CMakeFiles\fluid-lib.dir\io\Project_Writer.cxx.obj -c C:\
fltk\fltk\fluid\io\Project_Writer.cxx
[ 87%] Building CXX object fluid/CMakeFiles/fluid-lib.dir/io/Project_Reader.cxx.obj
cd /d C:\fltk\fltk\build\fluid && C:\mingw32-8\bin\c++.exe -D_FILE_OFFSET_BITS=64 -D_LARGEFILE64_SOURCE -D_LARGEFILE_SOUR
CE @CMakeFiles/fluid-lib.dir/includes_CXX.rsp -g -std=c++11 -MD -MT fluid/CMakeFiles/fluid-lib.dir/io/Project_Reader.cxx.
obj -MF CMakeFiles\fluid-lib.dir\io\Project_Reader.cxx.obj.d -o CMakeFiles\fluid-lib.dir\io\Project_Reader.cxx.obj -c C:\
fltk\fltk\fluid\io\Project_Reader.cxx
[ 87%] Building CXX object fluid/CMakeFiles/fluid-lib.dir/io/String_Writer.cxx.obj
cd /d C:\fltk\fltk\build\fluid && C:\mingw32-8\bin\c++.exe -D_FILE_OFFSET_BITS=64 -D_LARGEFILE64_SOURCE -D_LARGEFILE_SOUR
CE @CMakeFiles/fluid-lib.dir/includes_CXX.rsp -g -std=c++11 -MD -MT fluid/CMakeFiles/fluid-lib.dir/io/String_Writer.cxx.o
bj -MF CMakeFiles\fluid-lib.dir\io\String_Writer.cxx.obj.d -o CMakeFiles\fluid-lib.dir\io\String_Writer.cxx.obj -c C:\flt
k\fltk\fluid\io\String_Writer.cxx
[ 87%] Building CXX object fluid/CMakeFiles/fluid-lib.dir/nodes/Tree.cxx.obj
cd /d C:\fltk\fltk\build\fluid && C:\mingw32-8\bin\c++.exe -D_FILE_OFFSET_BITS=64 -D_LARGEFILE64_SOURCE -D_LARGEFILE_SOUR
CE @CMakeFiles/fluid-lib.dir/includes_CXX.rsp -g -std=c++11 -MD -MT fluid/CMakeFiles/fluid-lib.dir/nodes/Tree.cxx.obj -MF
 CMakeFiles\fluid-lib.dir\nodes\Tree.cxx.obj.d -o CMakeFiles\fluid-lib.dir\nodes\Tree.cxx.obj -c C:\fltk\fltk\fluid\nodes\Tree.cxx
[ 87%] Building CXX object fluid/CMakeFiles/fluid-lib.dir/nodes/Button_Node.cxx.obj
cd /d C:\fltk\fltk\build\fluid && C:\mingw32-8\bin\c++.exe -D_FILE_OFFSET_BITS=64 -D_LARGEFILE64_SOURCE -D_LARGEFILE_SOUR
CE @CMakeFiles/fluid-lib.dir/includes_CXX.rsp -g -std=c++11 -MD -MT fluid/CMakeFiles/fluid-lib.dir/nodes/Button_Node.cxx.
obj -MF CMakeFiles\fluid-lib.dir\nodes\Button_Node.cxx.obj.d -o CMakeFiles\fluid-lib.dir\nodes\Button_Node.cxx.obj -c C:\
fltk\fltk\fluid\nodes\Button_Node.cxx
[ 88%] Building CXX object fluid/CMakeFiles/fluid-lib.dir/nodes/Function_Node.cxx.obj
cd /d C:\fltk\fltk\build\fluid && C:\mingw32-8\bin\c++.exe -D_FILE_OFFSET_BITS=64 -D_LARGEFILE64_SOURCE -D_LARGEFILE_SOUR
CE @CMakeFiles/fluid-lib.dir/includes_CXX.rsp -g -std=c++11 -MD -MT fluid/CMakeFiles/fluid-lib.dir/nodes/Function_Node.cx
x.obj -MF CMakeFiles\fluid-lib.dir\nodes\Function_Node.cxx.obj.d -o CMakeFiles\fluid-lib.dir\nodes\Function_Node.cxx.obj
-c C:\fltk\fltk\fluid\nodes\Function_Node.cxx
[ 88%] Building CXX object fluid/CMakeFiles/fluid-lib.dir/nodes/Grid_Node.cxx.obj
cd /d C:\fltk\fltk\build\fluid && C:\mingw32-8\bin\c++.exe -D_FILE_OFFSET_BITS=64 -D_LARGEFILE64_SOURCE -D_LARGEFILE_SOUR
CE @CMakeFiles/fluid-lib.dir/includes_CXX.rsp -g -std=c++11 -MD -MT fluid/CMakeFiles/fluid-lib.dir/nodes/Grid_Node.cxx.ob
j -MF CMakeFiles\fluid-lib.dir\nodes\Grid_Node.cxx.obj.d -o CMakeFiles\fluid-lib.dir\nodes\Grid_Node.cxx.obj -c C:\fltk\f
ltk\fluid\nodes\Grid_Node.cxx
[ 88%] Building CXX object fluid/CMakeFiles/fluid-lib.dir/nodes/Group_Node.cxx.obj
cd /d C:\fltk\fltk\build\fluid && C:\mingw32-8\bin\c++.exe -D_FILE_OFFSET_BITS=64 -D_LARGEFILE64_SOURCE -D_LARGEFILE_SOUR
CE @CMakeFiles/fluid-lib.dir/includes_CXX.rsp -g -std=c++11 -MD -MT fluid/CMakeFiles/fluid-lib.dir/nodes/Group_Node.cxx.o
bj -MF CMakeFiles\fluid-lib.dir\nodes\Group_Node.cxx.obj.d -o CMakeFiles\fluid-lib.dir\nodes\Group_Node.cxx.obj -c C:\flt
k\fltk\fluid\nodes\Group_Node.cxx
[ 88%] Building CXX object fluid/CMakeFiles/fluid-lib.dir/nodes/Menu_Node.cxx.obj
cd /d C:\fltk\fltk\build\fluid && C:\mingw32-8\bin\c++.exe -D_FILE_OFFSET_BITS=64 -D_LARGEFILE64_SOURCE -D_LARGEFILE_SOUR
CE @CMakeFiles/fluid-lib.dir/includes_CXX.rsp -g -std=c++11 -MD -MT fluid/CMakeFiles/fluid-lib.dir/nodes/Menu_Node.cxx.ob
j -MF CMakeFiles\fluid-lib.dir\nodes\Menu_Node.cxx.obj.d -o CMakeFiles\fluid-lib.dir\nodes\Menu_Node.cxx.obj -c C:\fltk\f
ltk\fluid\nodes\Menu_Node.cxx
[ 88%] Building CXX object fluid/CMakeFiles/fluid-lib.dir/nodes/Node.cxx.obj
cd /d C:\fltk\fltk\build\fluid && C:\mingw32-8\bin\c++.exe -D_FILE_OFFSET_BITS=64 -D_LARGEFILE64_SOURCE -D_LARGEFILE_SOUR
CE @CMakeFiles/fluid-lib.dir/includes_CXX.rsp -g -std=c++11 -MD -MT fluid/CMakeFiles/fluid-lib.dir/nodes/Node.cxx.obj -MF
 CMakeFiles\fluid-lib.dir\nodes\Node.cxx.obj.d -o CMakeFiles\fluid-lib.dir\nodes\Node.cxx.obj -c C:\fltk\fltk\fluid\nodes
\Node.cxx
[ 88%] Building CXX object fluid/CMakeFiles/fluid-lib.dir/nodes/Widget_Node.cxx.obj
cd /d C:\fltk\fltk\build\fluid && C:\mingw32-8\bin\c++.exe -D_FILE_OFFSET_BITS=64 -D_LARGEFILE64_SOURCE -D_LARGEFILE_SOUR
CE @CMakeFiles/fluid-lib.dir/includes_CXX.rsp -g -std=c++11 -MD -MT fluid/CMakeFiles/fluid-lib.dir/nodes/Widget_Node.cxx.
obj -MF CMakeFiles\fluid-lib.dir\nodes\Widget_Node.cxx.obj.d -o CMakeFiles\fluid-lib.dir\nodes\Widget_Node.cxx.obj -c C:\
fltk\fltk\fluid\nodes\Widget_Node.cxx
[ 88%] Building CXX object fluid/CMakeFiles/fluid-lib.dir/nodes/Window_Node.cxx.obj
cd /d C:\fltk\fltk\build\fluid && C:\mingw32-8\bin\c++.exe -D_FILE_OFFSET_BITS=64 -D_LARGEFILE64_SOURCE -D_LARGEFILE_SOUR
CE @CMakeFiles/fluid-lib.dir/includes_CXX.rsp -g -std=c++11 -MD -MT fluid/CMakeFiles/fluid-lib.dir/nodes/Window_Node.cxx.
obj -MF CMakeFiles\fluid-lib.dir\nodes\Window_Node.cxx.obj.d -o CMakeFiles\fluid-lib.dir\nodes\Window_Node.cxx.obj -c C:\
fltk\fltk\fluid\nodes\Window_Node.cxx
[ 89%] Building CXX object fluid/CMakeFiles/fluid-lib.dir/nodes/callbacks.cxx.obj
cd /d C:\fltk\fltk\build\fluid && C:\mingw32-8\bin\c++.exe -D_FILE_OFFSET_BITS=64 -D_LARGEFILE64_SOURCE -D_LARGEFILE_SOUR
CE @CMakeFiles/fluid-lib.dir/includes_CXX.rsp -g -std=c++11 -MD -MT fluid/CMakeFiles/fluid-lib.dir/nodes/callbacks.cxx.ob
j -MF CMakeFiles\fluid-lib.dir\nodes\callbacks.cxx.obj.d -o CMakeFiles\fluid-lib.dir\nodes\callbacks.cxx.obj -c C:\fltk\f
ltk\fluid\nodes\callbacks.cxx
[ 89%] Building CXX object fluid/CMakeFiles/fluid-lib.dir/nodes/factory.cxx.obj
cd /d C:\fltk\fltk\build\fluid && C:\mingw32-8\bin\c++.exe -D_FILE_OFFSET_BITS=64 -D_LARGEFILE64_SOURCE -D_LARGEFILE_SOUR
CE @CMakeFiles/fluid-lib.dir/includes_CXX.rsp -g -std=c++11 -MD -MT fluid/CMakeFiles/fluid-lib.dir/nodes/factory.cxx.obj
-MF CMakeFiles\fluid-lib.dir\nodes\factory.cxx.obj.d -o CMakeFiles\fluid-lib.dir\nodes\factory.cxx.obj -c C:\fltk\fltk\fl
uid\nodes\factory.cxx
[ 89%] Building CXX object fluid/CMakeFiles/fluid-lib.dir/panels/about_panel.cxx.obj
cd /d C:\fltk\fltk\build\fluid && C:\mingw32-8\bin\c++.exe -D_FILE_OFFSET_BITS=64 -D_LARGEFILE64_SOURCE -D_LARGEFILE_SOUR
CE @CMakeFiles/fluid-lib.dir/includes_CXX.rsp -g -std=c++11 -MD -MT fluid/CMakeFiles/fluid-lib.dir/panels/about_panel.cxx
.obj -MF CMakeFiles\fluid-lib.dir\panels\about_panel.cxx.obj.d -o CMakeFiles\fluid-lib.dir\panels\about_panel.cxx.obj -c
C:\fltk\fltk\fluid\panels\about_panel.cxx
[ 89%] Building CXX object fluid/CMakeFiles/fluid-lib.dir/panels/codeview_panel.cxx.obj
cd /d C:\fltk\fltk\build\fluid && C:\mingw32-8\bin\c++.exe -D_FILE_OFFSET_BITS=64 -D_LARGEFILE64_SOURCE -D_LARGEFILE_SOUR
CE @CMakeFiles/fluid-lib.dir/includes_CXX.rsp -g -std=c++11 -MD -MT fluid/CMakeFiles/fluid-lib.dir/panels/codeview_panel.
cxx.obj -MF CMakeFiles\fluid-lib.dir\panels\codeview_panel.cxx.obj.d -o CMakeFiles\fluid-lib.dir\panels\codeview_panel.cx
x.obj -c C:\fltk\fltk\fluid\panels\codeview_panel.cxx
[ 89%] Building CXX object fluid/CMakeFiles/fluid-lib.dir/panels/function_panel.cxx.obj
cd /d C:\fltk\fltk\build\fluid && C:\mingw32-8\bin\c++.exe -D_FILE_OFFSET_BITS=64 -D_LARGEFILE64_SOURCE -D_LARGEFILE_SOUR
CE @CMakeFiles/fluid-lib.dir/includes_CXX.rsp -g -std=c++11 -MD -MT fluid/CMakeFiles/fluid-lib.dir/panels/function_panel.
cxx.obj -MF CMakeFiles\fluid-lib.dir\panels\function_panel.cxx.obj.d -o CMakeFiles\fluid-lib.dir\panels\function_panel.cx
x.obj -c C:\fltk\fltk\fluid\panels\function_panel.cxx
[ 89%] Building CXX object fluid/CMakeFiles/fluid-lib.dir/panels/settings_panel.cxx.obj
cd /d C:\fltk\fltk\build\fluid && C:\mingw32-8\bin\c++.exe -D_FILE_OFFSET_BITS=64 -D_LARGEFILE64_SOURCE -D_LARGEFILE_SOUR
CE @CMakeFiles/fluid-lib.dir/includes_CXX.rsp -g -std=c++11 -MD -MT fluid/CMakeFiles/fluid-lib.dir/panels/settings_panel.
cxx.obj -MF CMakeFiles\fluid-lib.dir\panels\settings_panel.cxx.obj.d -o CMakeFiles\fluid-lib.dir\panels\settings_panel.cx
x.obj -c C:\fltk\fltk\fluid\panels\settings_panel.cxx
[ 89%] Building CXX object fluid/CMakeFiles/fluid-lib.dir/panels/template_panel.cxx.obj
cd /d C:\fltk\fltk\build\fluid && C:\mingw32-8\bin\c++.exe -D_FILE_OFFSET_BITS=64 -D_LARGEFILE64_SOURCE -D_LARGEFILE_SOUR
CE @CMakeFiles/fluid-lib.dir/includes_CXX.rsp -g -std=c++11 -MD -MT fluid/CMakeFiles/fluid-lib.dir/panels/template_panel.
cxx.obj -MF CMakeFiles\fluid-lib.dir\panels\template_panel.cxx.obj.d -o CMakeFiles\fluid-lib.dir\panels\template_panel.cx
x.obj -c C:\fltk\fltk\fluid\panels\template_panel.cxx
[ 90%] Building CXX object fluid/CMakeFiles/fluid-lib.dir/panels/widget_panel.cxx.obj
cd /d C:\fltk\fltk\build\fluid && C:\mingw32-8\bin\c++.exe -D_FILE_OFFSET_BITS=64 -D_LARGEFILE64_SOURCE -D_LARGEFILE_SOUR
CE @CMakeFiles/fluid-lib.dir/includes_CXX.rsp -g -std=c++11 -MD -MT fluid/CMakeFiles/fluid-lib.dir/panels/widget_panel.cx
x.obj -MF CMakeFiles\fluid-lib.dir\panels\widget_panel.cxx.obj.d -o CMakeFiles\fluid-lib.dir\panels\widget_panel.cxx.obj
-c C:\fltk\fltk\fluid\panels\widget_panel.cxx
[ 90%] Building CXX object fluid/CMakeFiles/fluid-lib.dir/panels/widget_panel/Grid_Tab.cxx.obj
cd /d C:\fltk\fltk\build\fluid && C:\mingw32-8\bin\c++.exe -D_FILE_OFFSET_BITS=64 -D_LARGEFILE64_SOURCE -D_LARGEFILE_SOUR
CE @CMakeFiles/fluid-lib.dir/includes_CXX.rsp -g -std=c++11 -MD -MT fluid/CMakeFiles/fluid-lib.dir/panels/widget_panel/Gr
id_Tab.cxx.obj -MF CMakeFiles\fluid-lib.dir\panels\widget_panel\Grid_Tab.cxx.obj.d -o CMakeFiles\fluid-lib.dir\panels\wid
get_panel\Grid_Tab.cxx.obj -c C:\fltk\fltk\fluid\panels\widget_panel\Grid_Tab.cxx
[ 90%] Building CXX object fluid/CMakeFiles/fluid-lib.dir/panels/widget_panel/Grid_Child_Tab.cxx.obj
cd /d C:\fltk\fltk\build\fluid && C:\mingw32-8\bin\c++.exe -D_FILE_OFFSET_BITS=64 -D_LARGEFILE64_SOURCE -D_LARGEFILE_SOUR
CE @CMakeFiles/fluid-lib.dir/includes_CXX.rsp -g -std=c++11 -MD -MT fluid/CMakeFiles/fluid-lib.dir/panels/widget_panel/Gr
id_Child_Tab.cxx.obj -MF CMakeFiles\fluid-lib.dir\panels\widget_panel\Grid_Child_Tab.cxx.obj.d -o CMakeFiles\fluid-lib.di
r\panels\widget_panel\Grid_Child_Tab.cxx.obj -c C:\fltk\fltk\fluid\panels\widget_panel\Grid_Child_Tab.cxx
[ 90%] Building CXX object fluid/CMakeFiles/fluid-lib.dir/proj/align_widget.cxx.obj
cd /d C:\fltk\fltk\build\fluid && C:\mingw32-8\bin\c++.exe -D_FILE_OFFSET_BITS=64 -D_LARGEFILE64_SOURCE -D_LARGEFILE_SOUR
CE @CMakeFiles/fluid-lib.dir/includes_CXX.rsp -g -std=c++11 -MD -MT fluid/CMakeFiles/fluid-lib.dir/proj/align_widget.cxx.
obj -MF CMakeFiles\fluid-lib.dir\proj\align_widget.cxx.obj.d -o CMakeFiles\fluid-lib.dir\proj\align_widget.cxx.obj -c C:\
fltk\fltk\fluid\proj\align_widget.cxx
[ 90%] Building CXX object fluid/CMakeFiles/fluid-lib.dir/proj/i18n.cxx.obj
cd /d C:\fltk\fltk\build\fluid && C:\mingw32-8\bin\c++.exe -D_FILE_OFFSET_BITS=64 -D_LARGEFILE64_SOURCE -D_LARGEFILE_SOUR
CE @CMakeFiles/fluid-lib.dir/includes_CXX.rsp -g -std=c++11 -MD -MT fluid/CMakeFiles/fluid-lib.dir/proj/i18n.cxx.obj -MF
CMakeFiles\fluid-lib.dir\proj\i18n.cxx.obj.d -o CMakeFiles\fluid-lib.dir\proj\i18n.cxx.obj -c C:\fltk\fltk\fluid\proj\i18
n.cxx
[ 90%] Building CXX object fluid/CMakeFiles/fluid-lib.dir/proj/mergeback.cxx.obj
cd /d C:\fltk\fltk\build\fluid && C:\mingw32-8\bin\c++.exe -D_FILE_OFFSET_BITS=64 -D_LARGEFILE64_SOURCE -D_LARGEFILE_SOUR
CE @CMakeFiles/fluid-lib.dir/includes_CXX.rsp -g -std=c++11 -MD -MT fluid/CMakeFiles/fluid-lib.dir/proj/mergeback.cxx.obj
 -MF CMakeFiles\fluid-lib.dir\proj\mergeback.cxx.obj.d -o CMakeFiles\fluid-lib.dir\proj\mergeback.cxx.obj -c C:\fltk\fltk
\fluid\proj\mergeback.cxx
[ 91%] Building CXX object fluid/CMakeFiles/fluid-lib.dir/proj/undo.cxx.obj[ 91%]
Building CXX object fluid/CMakeFiles/fluid-lib.dir/rsrcs/pixmaps.cxx.obj
cd /d C:\fltk\fltk\build\fluid && C:\mingw32-8\bin\c++.exe -D_FILE_OFFSET_BITS=64 -D_LARGEFILE64_SOURCE -D_LARGEFILE_SOUR
CE @CMakeFiles/fluid-lib.dir/includes_CXX.rsp -g -std=c++11 -MD -MT fluid/CMakeFiles/fluid-lib.dir/rsrcs/pixmaps.cxx.obj
-MF CMakeFiles\fluid-lib.dir\rsrcs\pixmaps.cxx.obj.d -o CMakeFiles\fluid-lib.dir\rsrcs\pixmaps.cxx.obj -c C:\fltk\fltk\fl
uid\rsrcs\pixmaps.cxx
cd /d C:\fltk\fltk\build\fluid && C:\mingw32-8\bin\c++.exe -D_FILE_OFFSET_BITS=64 -D_LARGEFILE64_SOURCE -D_LARGEFILE_SOUR
CE @CMakeFiles/fluid-lib.dir/includes_CXX.rsp -g -std=c++11 -MD -MT fluid/CMakeFiles/fluid-lib.dir/proj/undo.cxx.obj -MF
CMakeFiles\fluid-lib.dir\proj\undo.cxx.obj.d -o CMakeFiles\fluid-lib.dir\proj\undo.cxx.obj -c C:\fltk\fltk\fluid\proj\und
o.cxx
[ 91%] Building CXX object fluid/CMakeFiles/fluid-lib.dir/tools/ExternalCodeEditor_WIN32.cxx.obj
cd /d C:\fltk\fltk\build\fluid && C:\mingw32-8\bin\c++.exe -D_FILE_OFFSET_BITS=64 -D_LARGEFILE64_SOURCE -D_LARGEFILE_SOUR
CE @CMakeFiles/fluid-lib.dir/includes_CXX.rsp -g -std=c++11 -MD -MT fluid/CMakeFiles/fluid-lib.dir/tools/ExternalCodeEdit
or_WIN32.cxx.obj -MF CMakeFiles\fluid-lib.dir\tools\ExternalCodeEditor_WIN32.cxx.obj.d -o CMakeFiles\fluid-lib.dir\tools\
ExternalCodeEditor_WIN32.cxx.obj -c C:\fltk\fltk\fluid\tools\ExternalCodeEditor_WIN32.cxx
[ 91%] Building CXX object fluid/CMakeFiles/fluid-lib.dir/tools/autodoc.cxx.obj
cd /d C:\fltk\fltk\build\fluid && C:\mingw32-8\bin\c++.exe -D_FILE_OFFSET_BITS=64 -D_LARGEFILE64_SOURCE -D_LARGEFILE_SOUR
CE @CMakeFiles/fluid-lib.dir/includes_CXX.rsp -g -std=c++11 -MD -MT fluid/CMakeFiles/fluid-lib.dir/tools/autodoc.cxx.obj
-MF CMakeFiles\fluid-lib.dir\tools\autodoc.cxx.obj.d -o CMakeFiles\fluid-lib.dir\tools\autodoc.cxx.obj -c C:\fltk\fltk\fl
uid\tools\autodoc.cxx
[ 91%] Building CXX object fluid/CMakeFiles/fluid-lib.dir/tools/filename.cxx.obj
cd /d C:\fltk\fltk\build\fluid && C:\mingw32-8\bin\c++.exe -D_FILE_OFFSET_BITS=64 -D_LARGEFILE64_SOURCE -D_LARGEFILE_SOUR
CE @CMakeFiles/fluid-lib.dir/includes_CXX.rsp -g -std=c++11 -MD -MT fluid/CMakeFiles/fluid-lib.dir/tools/filename.cxx.obj
 -MF CMakeFiles\fluid-lib.dir\tools\filename.cxx.obj.d -o CMakeFiles\fluid-lib.dir\tools\filename.cxx.obj -c C:\fltk\fltk
\fluid\tools\filename.cxx
[ 91%] Building CXX object fluid/CMakeFiles/fluid-lib.dir/widgets/App_Menu_Bar.cxx.obj
cd /d C:\fltk\fltk\build\fluid && C:\mingw32-8\bin\c++.exe -D_FILE_OFFSET_BITS=64 -D_LARGEFILE64_SOURCE -D_LARGEFILE_SOUR
CE @CMakeFiles/fluid-lib.dir/includes_CXX.rsp -g -std=c++11 -MD -MT fluid/CMakeFiles/fluid-lib.dir/widgets/App_Menu_Bar.c
xx.obj -MF CMakeFiles\fluid-lib.dir\widgets\App_Menu_Bar.cxx.obj.d -o CMakeFiles\fluid-lib.dir\widgets\App_Menu_Bar.cxx.o
bj -c C:\fltk\fltk\fluid\widgets\App_Menu_Bar.cxx
[ 91%] Building CXX object fluid/CMakeFiles/fluid-lib.dir/widgets/Code_Editor.cxx.obj
cd /d C:\fltk\fltk\build\fluid && C:\mingw32-8\bin\c++.exe -D_FILE_OFFSET_BITS=64 -D_LARGEFILE64_SOURCE -D_LARGEFILE_SOUR
CE @CMakeFiles/fluid-lib.dir/includes_CXX.rsp -g -std=c++11 -MD -MT fluid/CMakeFiles/fluid-lib.dir/widgets/Code_Editor.cx
x.obj -MF CMakeFiles\fluid-lib.dir\widgets\Code_Editor.cxx.obj.d -o CMakeFiles\fluid-lib.dir\widgets\Code_Editor.cxx.obj
-c C:\fltk\fltk\fluid\widgets\Code_Editor.cxx
[ 92%] Building CXX object fluid/CMakeFiles/fluid-lib.dir/widgets/Code_Viewer.cxx.obj
cd /d C:\fltk\fltk\build\fluid && C:\mingw32-8\bin\c++.exe -D_FILE_OFFSET_BITS=64 -D_LARGEFILE64_SOURCE -D_LARGEFILE_SOUR
CE @CMakeFiles/fluid-lib.dir/includes_CXX.rsp -g -std=c++11 -MD -MT fluid/CMakeFiles/fluid-lib.dir/widgets/Code_Viewer.cx
x.obj -MF CMakeFiles\fluid-lib.dir\widgets\Code_Viewer.cxx.obj.d -o CMakeFiles\fluid-lib.dir\widgets\Code_Viewer.cxx.obj
-c C:\fltk\fltk\fluid\widgets\Code_Viewer.cxx
[ 92%] Building CXX object fluid/CMakeFiles/fluid-lib.dir/widgets/Text_Viewer.cxx.obj
cd /d C:\fltk\fltk\build\fluid && C:\mingw32-8\bin\c++.exe -D_FILE_OFFSET_BITS=64 -D_LARGEFILE64_SOURCE -D_LARGEFILE_SOUR
CE @CMakeFiles/fluid-lib.dir/includes_CXX.rsp -g -std=c++11 -MD -MT fluid/CMakeFiles/fluid-lib.dir/widgets/Text_Viewer.cx
x.obj -MF CMakeFiles\fluid-lib.dir\widgets\Text_Viewer.cxx.obj.d -o CMakeFiles\fluid-lib.dir\widgets\Text_Viewer.cxx.obj
-c C:\fltk\fltk\fluid\widgets\Text_Viewer.cxx
[ 92%] Building CXX object fluid/CMakeFiles/fluid-lib.dir/widgets/Formula_Input.cxx.obj
cd /d C:\fltk\fltk\build\fluid && C:\mingw32-8\bin\c++.exe -D_FILE_OFFSET_BITS=64 -D_LARGEFILE64_SOURCE -D_LARGEFILE_SOUR
CE @CMakeFiles/fluid-lib.dir/includes_CXX.rsp -g -std=c++11 -MD -MT fluid/CMakeFiles/fluid-lib.dir/widgets/Formula_Input.
cxx.obj -MF CMakeFiles\fluid-lib.dir\widgets\Formula_Input.cxx.obj.d -o CMakeFiles\fluid-lib.dir\widgets\Formula_Input.cx
x.obj -c C:\fltk\fltk\fluid\widgets\Formula_Input.cxx
[ 92%] Building CXX object fluid/CMakeFiles/fluid-lib.dir/widgets/Bin_Button.cxx.obj
cd /d C:\fltk\fltk\build\fluid && C:\mingw32-8\bin\c++.exe -D_FILE_OFFSET_BITS=64 -D_LARGEFILE64_SOURCE -D_LARGEFILE_SOUR
CE @CMakeFiles/fluid-lib.dir/includes_CXX.rsp -g -std=c++11 -MD -MT fluid/CMakeFiles/fluid-lib.dir/widgets/Bin_Button.cxx
.obj -MF CMakeFiles\fluid-lib.dir\widgets\Bin_Button.cxx.obj.d -o CMakeFiles\fluid-lib.dir\widgets\Bin_Button.cxx.obj -c
C:\fltk\fltk\fluid\widgets\Bin_Button.cxx
[ 92%] Building CXX object fluid/CMakeFiles/fluid-lib.dir/widgets/Style_Parser.cxx.obj
cd /d C:\fltk\fltk\build\fluid && C:\mingw32-8\bin\c++.exe -D_FILE_OFFSET_BITS=64 -D_LARGEFILE64_SOURCE -D_LARGEFILE_SOUR
CE @CMakeFiles/fluid-lib.dir/includes_CXX.rsp -g -std=c++11 -MD -MT fluid/CMakeFiles/fluid-lib.dir/widgets/Style_Parser.c
xx.obj -MF CMakeFiles\fluid-lib.dir\widgets\Style_Parser.cxx.obj.d -o CMakeFiles\fluid-lib.dir\widgets\Style_Parser.cxx.o
bj -c C:\fltk\fltk\fluid\widgets\Style_Parser.cxx
[ 92%] Building CXX object fluid/CMakeFiles/fluid-lib.dir/widgets/Node_Browser.cxx.obj
cd /d C:\fltk\fltk\build\fluid && C:\mingw32-8\bin\c++.exe -D_FILE_OFFSET_BITS=64 -D_LARGEFILE64_SOURCE -D_LARGEFILE_SOUR
CE @CMakeFiles/fluid-lib.dir/includes_CXX.rsp -g -std=c++11 -MD -MT fluid/CMakeFiles/fluid-lib.dir/widgets/Node_Browser.c
xx.obj -MF CMakeFiles\fluid-lib.dir\widgets\Node_Browser.cxx.obj.d -o CMakeFiles\fluid-lib.dir\widgets\Node_Browser.cxx.o
bj -c C:\fltk\fltk\fluid\widgets\Node_Browser.cxx
mingw32-make[2]: Leaving directory 'C:/fltk/fltk/build'
[ 92%] Built target fluid-lib
mingw32-make  -f fluid\CMakeFiles\fluid.dir\build.make fluid/CMakeFiles/fluid.dir/depend
mingw32-make  -f fluid\CMakeFiles\fluid-cmd.dir\build.make fluid/CMakeFiles/fluid-cmd.dir/depend
mingw32-make[2]: Entering directory 'C:/fltk/fltk/build'
C:\cmake\3.28.1\x86_64\bin\cmake.exe -E cmake_depends "MinGW Makefiles" C:\fltk\fltk C:\fltk\fltk\fluid C:\fltk\fltk\buil
d C:\fltk\fltk\build\fluid C:\fltk\fltk\build\fluid\CMakeFiles\fluid.dir\DependInfo.cmake "--color="
mingw32-make[2]: Entering directory 'C:/fltk/fltk/build'
C:\cmake\3.28.1\x86_64\bin\cmake.exe -E cmake_depends "MinGW Makefiles" C:\fltk\fltk C:\fltk\fltk\fluid C:\fltk\fltk\buil
d C:\fltk\fltk\build\fluid C:\fltk\fltk\build\fluid\CMakeFiles\fluid-cmd.dir\DependInfo.cmake "--color="
Dependee "C:\fltk\fltk\build\fluid\CMakeFiles\fluid.dir\DependInfo.cmake" is newer than depender "C:/fltk/fltk/build/flui
d/CMakeFiles/fluid.dir/depend.internal".
Dependee "C:\fltk\fltk\build\fluid\CMakeFiles\fluid-cmd.dir\DependInfo.cmake" is newer than depender "C:/fltk/fltk/build/
fluid/CMakeFiles/fluid-cmd.dir/depend.internal".
Dependee "C:/fltk/fltk/build/fluid/CMakeFiles/CMakeDirectoryInformation.cmake" is newer than depender "C:/fltk/fltk/build
/fluid/CMakeFiles/fluid.dir/depend.internal".
Dependee "C:/fltk/fltk/build/fluid/CMakeFiles/CMakeDirectoryInformation.cmake" is newer than depender "C:/fltk/fltk/build
/fluid/CMakeFiles/fluid-cmd.dir/depend.internal".
Scanning dependencies of target fluidScanning dependencies of target fluid-cmd

mingw32-make[2]: Leaving directory 'C:/fltk/fltk/build'
mingw32-make[2]: Leaving directory 'C:/fltk/fltk/build'
mingw32-make  -f fluid\CMakeFiles\fluid-cmd.dir\build.make fluid/CMakeFiles/fluid-cmd.dir/build
mingw32-make  -f fluid\CMakeFiles\fluid.dir\build.make fluid/CMakeFiles/fluid.dir/build
mingw32-make[2]: Entering directory 'C:/fltk/fltk/build'
mingw32-make[2]: Entering directory 'C:/fltk/fltk/build'
[ 92%] Building RC object fluid/CMakeFiles/fluid-cmd.dir/fluid.rc.obj
[ 92%] Building CXX object fluid/CMakeFiles/fluid-cmd.dir/main.cxx.objcd /d C:\fltk\fltk\build\fluid && C:\mingw32-8\bin\
windres.exe -O coff -D_FILE_OFFSET_BITS=64 -D_LARGEFILE64_SOURCE -D_LARGEFILE_SOURCE -I C:\fltk\fltk\zlib -I C:\fltk\fltk
\png -I C:\fltk\fltk\jpeg -I C:\fltk\fltk\fluid\. -I C:\fltk\fltk\build\src\.. -I C:\fltk\fltk\src\..  C:\fltk\fltk\fluid
\fluid.rc CMakeFiles\fluid-cmd.dir\fluid.rc.obj

[ 92%] Building CXX object fluid/CMakeFiles/fluid.dir/main.cxx.obj
cd /d C:\fltk\fltk\build\fluid && C:\mingw32-8\bin\c++.exe -D_FILE_OFFSET_BITS=64 -D_LARGEFILE64_SOURCE -D_LARGEFILE_SOUR
CE @CMakeFiles/fluid.dir/includes_CXX.rsp -g -std=c++11 -MD -MT fluid/CMakeFiles/fluid.dir/main.cxx.obj -MF CMakeFiles\fl
uid.dir\main.cxx.obj.d -o CMakeFiles\fluid.dir\main.cxx.obj -c C:\fltk\fltk\fluid\main.cxx
cd /d C:\fltk\fltk\build\fluid && C:\mingw32-8\bin\c++.exe -D_FILE_OFFSET_BITS=64 -D_LARGEFILE64_SOURCE -D_LARGEFILE_SOUR
CE @CMakeFiles/fluid-cmd.dir/includes_CXX.rsp -g -std=c++11 -MD -MT fluid/CMakeFiles/fluid-cmd.dir/main.cxx.obj -MF CMake
Files\fluid-cmd.dir\main.cxx.obj.d -o CMakeFiles\fluid-cmd.dir\main.cxx.obj -c C:\fltk\fltk\fluid\main.cxx
[ 92%] Building RC object fluid/CMakeFiles/fluid.dir/fluid.rc.obj
cd /d C:\fltk\fltk\build\fluid && C:\mingw32-8\bin\windres.exe -O coff -D_FILE_OFFSET_BITS=64 -D_LARGEFILE64_SOURCE -D_LA
RGEFILE_SOURCE -I C:\fltk\fltk\zlib -I C:\fltk\fltk\png -I C:\fltk\fltk\jpeg -I C:\fltk\fltk\fluid\. -I C:\fltk\fltk\buil
d\src\.. -I C:\fltk\fltk\src\..  C:\fltk\fltk\fluid\fluid.rc CMakeFiles\fluid.dir\fluid.rc.obj
[ 92%] Linking CXX executable ..\bin\fluid.exe
cd /d C:\fltk\fltk\build\fluid && C:\cmake\3.28.1\x86_64\bin\cmake.exe -E cmake_link_script CMakeFiles\fluid.dir\link.txt
 --verbose=on
[ 92%] Linking CXX executable ..\bin\fluid-cmd.exe
cd /d C:\fltk\fltk\build\fluid && C:\cmake\3.28.1\x86_64\bin\cmake.exe -E cmake_link_script CMakeFiles\fluid-cmd.dir\link
.txt --verbose=on
C:\cmake\3.28.1\x86_64\bin\cmake.exe -E rm -f CMakeFiles\fluid.dir/objects.a
C:\mingw32-8\bin\ar.exe qc CMakeFiles\fluid.dir/objects.a @CMakeFiles\fluid.dir\objects1.rsp
C:\cmake\3.28.1\x86_64\bin\cmake.exe -E rm -f CMakeFiles\fluid-cmd.dir/objects.a
C:\mingw32-8\bin\ar.exe qc CMakeFiles\fluid-cmd.dir/objects.a @CMakeFiles\fluid-cmd.dir\objects1.rsp
C:\mingw32-8\bin\c++.exe -g -mwindows -Wl,--whole-archive CMakeFiles\fluid.dir/objects.a -Wl,--no-whole-archive -o ..\bin
\fluid.exe -Wl,--out-implib,..\bin\libfluid.dll.a -Wl,--major-image-version,0,--minor-image-version,0 @CMakeFiles\fluid.d
ir\linkLibs.rsp
C:\mingw32-8\bin\c++.exe -g -Wl,--whole-archive CMakeFiles\fluid-cmd.dir/objects.a -Wl,--no-whole-archive -o ..\bin\fluid
-cmd.exe -Wl,--out-implib,..\bin\libfluid-cmd.dll.a -Wl,--major-image-version,0,--minor-image-version,0 @CMakeFiles\fluid
-cmd.dir\linkLibs.rsp
mingw32-make[2]: Leaving directory 'C:/fltk/fltk/build'
mingw32-make[2]: Leaving directory 'C:/fltk/fltk/build'
[ 92%] Built target fluid
[ 92%] Built target fluid-cmd
mingw32-make  -f test\CMakeFiles\fast_slow.dir\build.make test/CMakeFiles/fast_slow.dir/depend
mingw32-make  -f test\CMakeFiles\inactive.dir\build.make test/CMakeFiles/inactive.dir/depend
mingw32-make  -f test\CMakeFiles\keyboard.dir\build.make test/CMakeFiles/keyboard.dir/depend
mingw32-make[2]: Entering directory 'C:/fltk/fltk/build'
mingw32-make[2]: Entering directory 'C:/fltk/fltk/build'
mingw32-make[2]: Entering directory 'C:/fltk/fltk/build'
[ 92%] [ 92%] Generating keyboard_ui.cxx, keyboard_ui.h[ 92%]
Generating fast_slow.cxx, fast_slow.hGenerating inactive.cxx, inactive.h

cd /d C:\fltk\fltk\build\test && ..\bin\fluid-cmd.exe -c C:/fltk/fltk/test/keyboard_ui.fl
cd /d C:\fltk\fltk\build\test && ..\bin\fluid-cmd.exe -c C:/fltk/fltk/test/inactive.fl
cd /d C:\fltk\fltk\build\test && ..\bin\fluid-cmd.exe -c C:/fltk/fltk/test/fast_slow.fl
C:\cmake\3.28.1\x86_64\bin\cmake.exe -E cmake_depends "MinGW Makefiles" C:\fltk\fltk C:\fltk\fltk\test C:\fltk\fltk\build
 C:\fltk\fltk\build\test C:\fltk\fltk\build\test\CMakeFiles\fast_slow.dir\DependInfo.cmake "--color="
C:\cmake\3.28.1\x86_64\bin\cmake.exe -E cmake_depends "MinGW Makefiles" C:\fltk\fltk C:\fltk\fltk\test C:\fltk\fltk\build
 C:\fltk\fltk\build\test C:\fltk\fltk\build\test\CMakeFiles\inactive.dir\DependInfo.cmake "--color="
C:\cmake\3.28.1\x86_64\bin\cmake.exe -E cmake_depends "MinGW Makefiles" C:\fltk\fltk C:\fltk\fltk\test C:\fltk\fltk\build
 C:\fltk\fltk\build\test C:\fltk\fltk\build\test\CMakeFiles\keyboard.dir\DependInfo.cmake "--color="
mingw32-make[2]: Leaving directory 'C:/fltk/fltk/build'
mingw32-make  -f test\CMakeFiles\fast_slow.dir\build.make test/CMakeFiles/fast_slow.dir/build
mingw32-make[2]: Entering directory 'C:/fltk/fltk/build'
mingw32-make[2]: Leaving directory 'C:/fltk/fltk/build'
mingw32-make[2]: Leaving directory 'C:/fltk/fltk/build'
mingw32-make  -f test\CMakeFiles\inactive.dir\build.make test/CMakeFiles/inactive.dir/build
mingw32-make  -f test\CMakeFiles\keyboard.dir\build.make test/CMakeFiles/keyboard.dir/build
mingw32-make[2]: Entering directory 'C:/fltk/fltk/build'
mingw32-make[2]: Entering directory 'C:/fltk/fltk/build'
[ 92%] Building CXX object test/CMakeFiles/fast_slow.dir/fast_slow.cxx.obj
cd /d C:\fltk\fltk\build\test && C:\mingw32-8\bin\c++.exe -D_FILE_OFFSET_BITS=64 -D_LARGEFILE64_SOURCE -D_LARGEFILE_SOURC
E -Dfast_slow_EXPORTS @CMakeFiles/fast_slow.dir/includes_CXX.rsp -g -std=c++11 -MD -MT test/CMakeFiles/fast_slow.dir/fast
_slow.cxx.obj -MF CMakeFiles\fast_slow.dir\fast_slow.cxx.obj.d -o CMakeFiles\fast_slow.dir\fast_slow.cxx.obj -c C:\fltk\f
ltk\build\test\fast_slow.cxx
[ 92%] Building CXX object test/CMakeFiles/inactive.dir/inactive.cxx.obj
[ 92%] Building CXX object test/CMakeFiles/keyboard.dir/keyboard.cxx.obj
cd /d C:\fltk\fltk\build\test && C:\mingw32-8\bin\c++.exe -D_FILE_OFFSET_BITS=64 -D_LARGEFILE64_SOURCE -D_LARGEFILE_SOURC
E -Dinactive_EXPORTS @CMakeFiles/inactive.dir/includes_CXX.rsp -g -std=c++11 -MD -MT test/CMakeFiles/inactive.dir/inactiv
e.cxx.obj -MF CMakeFiles\inactive.dir\inactive.cxx.obj.d -o CMakeFiles\inactive.dir\inactive.cxx.obj -c C:\fltk\fltk\buil
d\test\inactive.cxx
cd /d C:\fltk\fltk\build\test && C:\mingw32-8\bin\c++.exe -D_FILE_OFFSET_BITS=64 -D_LARGEFILE64_SOURCE -D_LARGEFILE_SOURC
E -Dkeyboard_EXPORTS @CMakeFiles/keyboard.dir/includes_CXX.rsp -g -std=c++11 -MD -MT test/CMakeFiles/keyboard.dir/keyboar
d.cxx.obj -MF CMakeFiles\keyboard.dir\keyboard.cxx.obj.d -o CMakeFiles\keyboard.dir\keyboard.cxx.obj -c C:\fltk\fltk\test
\keyboard.cxx
[ 92%] Linking CXX executable ..\bin\test\fast_slow.exe
cd /d C:\fltk\fltk\build\test && C:\cmake\3.28.1\x86_64\bin\cmake.exe -E cmake_link_script CMakeFiles\fast_slow.dir\link.
txt --verbose=on
[ 93%] Building CXX object test/CMakeFiles/keyboard.dir/keyboard_ui.cxx.obj
cd /d C:\fltk\fltk\build\test && C:\mingw32-8\bin\c++.exe -D_FILE_OFFSET_BITS=64 -D_LARGEFILE64_SOURCE -D_LARGEFILE_SOURC
E -Dkeyboard_EXPORTS @CMakeFiles/keyboard.dir/includes_CXX.rsp -g -std=c++11 -MD -MT test/CMakeFiles/keyboard.dir/keyboar
d_ui.cxx.obj -MF CMakeFiles\keyboard.dir\keyboard_ui.cxx.obj.d -o CMakeFiles\keyboard.dir\keyboard_ui.cxx.obj -c C:\fltk\
fltk\build\test\keyboard_ui.cxx
C:\cmake\3.28.1\x86_64\bin\cmake.exe -E rm -f CMakeFiles\fast_slow.dir/objects.a
C:\mingw32-8\bin\ar.exe qc CMakeFiles\fast_slow.dir/objects.a @CMakeFiles\fast_slow.dir\objects1.rsp
[ 93%] Linking CXX executable ..\bin\test\inactive.exe
cd /d C:\fltk\fltk\build\test && C:\cmake\3.28.1\x86_64\bin\cmake.exe -E cmake_link_script CMakeFiles\inactive.dir\link.t
xt --verbose=on
C:\mingw32-8\bin\c++.exe -g -mwindows -Wl,--whole-archive CMakeFiles\fast_slow.dir/objects.a -Wl,--no-whole-archive -o ..
\bin\test\fast_slow.exe -Wl,--out-implib,..\bin\test\libfast_slow.dll.a -Wl,--major-image-version,0,--minor-image-version
,0 @CMakeFiles\fast_slow.dir\linkLibs.rsp
C:\cmake\3.28.1\x86_64\bin\cmake.exe -E rm -f CMakeFiles\inactive.dir/objects.a
C:\mingw32-8\bin\ar.exe qc CMakeFiles\inactive.dir/objects.a @CMakeFiles\inactive.dir\objects1.rsp
C:\mingw32-8\bin\c++.exe -g -mwindows -Wl,--whole-archive CMakeFiles\inactive.dir/objects.a -Wl,--no-whole-archive -o ..\
bin\test\inactive.exe -Wl,--out-implib,..\bin\test\libinactive.dll.a -Wl,--major-image-version,0,--minor-image-version,0
@CMakeFiles\inactive.dir\linkLibs.rsp
[ 93%] Linking CXX executable ..\bin\test\keyboard.exe
cd /d C:\fltk\fltk\build\test && C:\cmake\3.28.1\x86_64\bin\cmake.exe -E cmake_link_script CMakeFiles\keyboard.dir\link.t
xt --verbose=on
C:\cmake\3.28.1\x86_64\bin\cmake.exe -E rm -f CMakeFiles\keyboard.dir/objects.a
C:\mingw32-8\bin\ar.exe qc CMakeFiles\keyboard.dir/objects.a @CMakeFiles\keyboard.dir\objects1.rsp
C:\mingw32-8\bin\c++.exe -g -mwindows -Wl,--whole-archive CMakeFiles\keyboard.dir/objects.a -Wl,--no-whole-archive -o ..\
bin\test\keyboard.exe -Wl,--out-implib,..\bin\test\libkeyboard.dll.a -Wl,--major-image-version,0,--minor-image-version,0
@CMakeFiles\keyboard.dir\linkLibs.rsp
mingw32-make[2]: Leaving directory 'C:/fltk/fltk/build'
[ 93%] Built target fast_slow
mingw32-make  -f test\CMakeFiles\mandelbrot.dir\build.make test/CMakeFiles/mandelbrot.dir/depend
mingw32-make[2]: Entering directory 'C:/fltk/fltk/build'
mingw32-make[2]: Leaving directory 'C:/fltk/fltk/build'
[ 93%] Generating mandelbrot_ui.cxx, mandelbrot_ui.h
cd /d C:\fltk\fltk\build\test && ..\bin\fluid-cmd.exe -c C:/fltk/fltk/test/mandelbrot_ui.fl
[ 93%] Built target inactive
mingw32-make  -f test\CMakeFiles\preferences.dir\build.make test/CMakeFiles/preferences.dir/depend
mingw32-make[2]: Entering directory 'C:/fltk/fltk/build'
[ 93%] Generating preferences.cxx, preferences.h
cd /d C:\fltk\fltk\build\test && ..\bin\fluid-cmd.exe -c C:/fltk/fltk/test/preferences.fl
C:\cmake\3.28.1\x86_64\bin\cmake.exe -E cmake_depends "MinGW Makefiles" C:\fltk\fltk C:\fltk\fltk\test C:\fltk\fltk\build
 C:\fltk\fltk\build\test C:\fltk\fltk\build\test\CMakeFiles\mandelbrot.dir\DependInfo.cmake "--color="
mingw32-make[2]: Leaving directory 'C:/fltk/fltk/build'
mingw32-make  -f test\CMakeFiles\mandelbrot.dir\build.make test/CMakeFiles/mandelbrot.dir/build
mingw32-make[2]: Entering directory 'C:/fltk/fltk/build'
[ 93%] Building CXX object test/CMakeFiles/mandelbrot.dir/mandelbrot.cxx.obj
cd /d C:\fltk\fltk\build\test && C:\mingw32-8\bin\c++.exe -D_FILE_OFFSET_BITS=64 -D_LARGEFILE64_SOURCE -D_LARGEFILE_SOURC
E -Dmandelbrot_EXPORTS @CMakeFiles/mandelbrot.dir/includes_CXX.rsp -g -std=c++11 -MD -MT test/CMakeFiles/mandelbrot.dir/m
andelbrot.cxx.obj -MF CMakeFiles\mandelbrot.dir\mandelbrot.cxx.obj.d -o CMakeFiles\mandelbrot.dir\mandelbrot.cxx.obj -c C
:\fltk\fltk\test\mandelbrot.cxx
C:\cmake\3.28.1\x86_64\bin\cmake.exe -E cmake_depends "MinGW Makefiles" C:\fltk\fltk C:\fltk\fltk\test C:\fltk\fltk\build
 C:\fltk\fltk\build\test C:\fltk\fltk\build\test\CMakeFiles\preferences.dir\DependInfo.cmake "--color="
mingw32-make[2]: Leaving directory 'C:/fltk/fltk/build'
mingw32-make  -f test\CMakeFiles\preferences.dir\build.make test/CMakeFiles/preferences.dir/build
mingw32-make[2]: Entering directory 'C:/fltk/fltk/build'
[ 93%] Building CXX object test/CMakeFiles/preferences.dir/preferences.cxx.obj
cd /d C:\fltk\fltk\build\test && C:\mingw32-8\bin\c++.exe -D_FILE_OFFSET_BITS=64 -D_LARGEFILE64_SOURCE -D_LARGEFILE_SOURC
E -Dpreferences_EXPORTS @CMakeFiles/preferences.dir/includes_CXX.rsp -g -std=c++11 -MD -MT test/CMakeFiles/preferences.di
r/preferences.cxx.obj -MF CMakeFiles\preferences.dir\preferences.cxx.obj.d -o CMakeFiles\preferences.dir\preferences.cxx.
obj -c C:\fltk\fltk\build\test\preferences.cxx
mingw32-make[2]: Leaving directory 'C:/fltk/fltk/build'
[ 93%] Built target keyboard
[ 93%] Building CXX object test/CMakeFiles/mandelbrot.dir/mandelbrot_ui.cxx.obj
cd /d C:\fltk\fltk\build\test && C:\mingw32-8\bin\c++.exe -D_FILE_OFFSET_BITS=64 -D_LARGEFILE64_SOURCE -D_LARGEFILE_SOURC
E -Dmandelbrot_EXPORTS @CMakeFiles/mandelbrot.dir/includes_CXX.rsp -g -std=c++11 -MD -MT test/CMakeFiles/mandelbrot.dir/m
andelbrot_ui.cxx.obj -MF CMakeFiles\mandelbrot.dir\mandelbrot_ui.cxx.obj.d -o CMakeFiles\mandelbrot.dir\mandelbrot_ui.cxx
.obj -c C:\fltk\fltk\build\test\mandelbrot_ui.cxx
mingw32-make  -f test\CMakeFiles\radio.dir\build.make test/CMakeFiles/radio.dir/depend
mingw32-make[2]: Entering directory 'C:/fltk/fltk/build'
[ 94%] Generating radio.cxx, radio.h
cd /d C:\fltk\fltk\build\test && ..\bin\fluid-cmd.exe -c C:/fltk/fltk/test/radio.fl
[ 94%] Linking CXX executable ..\bin\test\preferences.exe
cd /d C:\fltk\fltk\build\test && C:\cmake\3.28.1\x86_64\bin\cmake.exe -E cmake_link_script CMakeFiles\preferences.dir\lin
k.txt --verbose=on
C:\cmake\3.28.1\x86_64\bin\cmake.exe -E cmake_depends "MinGW Makefiles" C:\fltk\fltk C:\fltk\fltk\test C:\fltk\fltk\build
 C:\fltk\fltk\build\test C:\fltk\fltk\build\test\CMakeFiles\radio.dir\DependInfo.cmake "--color="
mingw32-make[2]: Leaving directory 'C:/fltk/fltk/build'
mingw32-make  -f test\CMakeFiles\radio.dir\build.make test/CMakeFiles/radio.dir/build
C:\cmake\3.28.1\x86_64\bin\cmake.exe -E rm -f CMakeFiles\preferences.dir/objects.a
mingw32-make[2]: Entering directory 'C:/fltk/fltk/build'
C:\mingw32-8\bin\ar.exe qc CMakeFiles\preferences.dir/objects.a @CMakeFiles\preferences.dir\objects1.rsp
[ 94%] Building CXX object test/CMakeFiles/radio.dir/radio.cxx.obj
cd /d C:\fltk\fltk\build\test && C:\mingw32-8\bin\c++.exe -D_FILE_OFFSET_BITS=64 -D_LARGEFILE64_SOURCE -D_LARGEFILE_SOURC
E -Dradio_EXPORTS @CMakeFiles/radio.dir/includes_CXX.rsp -g -std=c++11 -MD -MT test/CMakeFiles/radio.dir/radio.cxx.obj -M
F CMakeFiles\radio.dir\radio.cxx.obj.d -o CMakeFiles\radio.dir\radio.cxx.obj -c C:\fltk\fltk\build\test\radio.cxx
C:\mingw32-8\bin\c++.exe -g -mwindows -Wl,--whole-archive CMakeFiles\preferences.dir/objects.a -Wl,--no-whole-archive -o
..\bin\test\preferences.exe -Wl,--out-implib,..\bin\test\libpreferences.dll.a -Wl,--major-image-version,0,--minor-image-v
ersion,0 @CMakeFiles\preferences.dir\linkLibs.rsp
[ 94%] Linking CXX executable ..\bin\test\mandelbrot.exe
cd /d C:\fltk\fltk\build\test && C:\cmake\3.28.1\x86_64\bin\cmake.exe -E cmake_link_script CMakeFiles\mandelbrot.dir\link
.txt --verbose=on
C:\cmake\3.28.1\x86_64\bin\cmake.exe -E rm -f CMakeFiles\mandelbrot.dir/objects.a
C:\mingw32-8\bin\ar.exe qc CMakeFiles\mandelbrot.dir/objects.a @CMakeFiles\mandelbrot.dir\objects1.rsp
C:\mingw32-8\bin\c++.exe -g -mwindows -Wl,--whole-archive CMakeFiles\mandelbrot.dir/objects.a -Wl,--no-whole-archive -o .
.\bin\test\mandelbrot.exe -Wl,--out-implib,..\bin\test\libmandelbrot.dll.a -Wl,--major-image-version,0,--minor-image-vers
ion,0 @CMakeFiles\mandelbrot.dir\linkLibs.rsp
[ 94%] Linking CXX executable ..\bin\test\radio.exe
cd /d C:\fltk\fltk\build\test && C:\cmake\3.28.1\x86_64\bin\cmake.exe -E cmake_link_script CMakeFiles\radio.dir\link.txt
--verbose=on
C:\cmake\3.28.1\x86_64\bin\cmake.exe -E rm -f CMakeFiles\radio.dir/objects.a
C:\mingw32-8\bin\ar.exe qc CMakeFiles\radio.dir/objects.a @CMakeFiles\radio.dir\objects1.rsp
C:\mingw32-8\bin\c++.exe -g -mwindows -Wl,--whole-archive CMakeFiles\radio.dir/objects.a -Wl,--no-whole-archive -o ..\bin
\test\radio.exe -Wl,--out-implib,..\bin\test\libradio.dll.a -Wl,--major-image-version,0,--minor-image-version,0 @CMakeFil
es\radio.dir\linkLibs.rsp
mingw32-make[2]: Leaving directory 'C:/fltk/fltk/build'
[ 94%] Built target preferences
mingw32-make  -f test\CMakeFiles\resize.dir\build.make test/CMakeFiles/resize.dir/depend
mingw32-make[2]: Entering directory 'C:/fltk/fltk/build'
[ 94%] Generating resize.cxx, resize.h
cd /d C:\fltk\fltk\build\test && ..\bin\fluid-cmd.exe -c C:/fltk/fltk/test/resize.fl
C:\cmake\3.28.1\x86_64\bin\cmake.exe -E cmake_depends "MinGW Makefiles" C:\fltk\fltk C:\fltk\fltk\test C:\fltk\fltk\build
 C:\fltk\fltk\build\test C:\fltk\fltk\build\test\CMakeFiles\resize.dir\DependInfo.cmake "--color="
mingw32-make[2]: Leaving directory 'C:/fltk/fltk/build'
mingw32-make  -f test\CMakeFiles\resize.dir\build.make test/CMakeFiles/resize.dir/build
mingw32-make[2]: Entering directory 'C:/fltk/fltk/build'
[ 94%] Building CXX object test/CMakeFiles/resize.dir/resize.cxx.obj
cd /d C:\fltk\fltk\build\test && C:\mingw32-8\bin\c++.exe -D_FILE_OFFSET_BITS=64 -D_LARGEFILE64_SOURCE -D_LARGEFILE_SOURC
E -Dresize_EXPORTS @CMakeFiles/resize.dir/includes_CXX.rsp -g -std=c++11 -MD -MT test/CMakeFiles/resize.dir/resize.cxx.ob
j -MF CMakeFiles\resize.dir\resize.cxx.obj.d -o CMakeFiles\resize.dir\resize.cxx.obj -c C:\fltk\fltk\build\test\resize.cx
x
mingw32-make[2]: Leaving directory 'C:/fltk/fltk/build'
[ 94%] Built target mandelbrot
mingw32-make  -f test\CMakeFiles\tabs.dir\build.make test/CMakeFiles/tabs.dir/depend
mingw32-make[2]: Entering directory 'C:/fltk/fltk/build'
[ 94%] Generating tabs.cxx, tabs.h
cd /d C:\fltk\fltk\build\test && ..\bin\fluid-cmd.exe -c C:/fltk/fltk/test/tabs.fl
C:\cmake\3.28.1\x86_64\bin\cmake.exe -E cmake_depends "MinGW Makefiles" C:\fltk\fltk C:\fltk\fltk\test C:\fltk\fltk\build
 C:\fltk\fltk\build\test C:\fltk\fltk\build\test\CMakeFiles\tabs.dir\DependInfo.cmake "--color="
mingw32-make[2]: Leaving directory 'C:/fltk/fltk/build'
mingw32-make  -f test\CMakeFiles\tabs.dir\build.make test/CMakeFiles/tabs.dir/build
mingw32-make[2]: Entering directory 'C:/fltk/fltk/build'
[ 95%] Building CXX object test/CMakeFiles/tabs.dir/tabs.cxx.obj
cd /d C:\fltk\fltk\build\test && C:\mingw32-8\bin\c++.exe -D_FILE_OFFSET_BITS=64 -D_LARGEFILE64_SOURCE -D_LARGEFILE_SOURC
E -Dtabs_EXPORTS @CMakeFiles/tabs.dir/includes_CXX.rsp -g -std=c++11 -MD -MT test/CMakeFiles/tabs.dir/tabs.cxx.obj -MF CM
akeFiles\tabs.dir\tabs.cxx.obj.d -o CMakeFiles\tabs.dir\tabs.cxx.obj -c C:\fltk\fltk\build\test\tabs.cxx
mingw32-make[2]: Leaving directory 'C:/fltk/fltk/build'
[ 95%] Built target radio
mingw32-make  -f test\CMakeFiles\terminal.dir\build.make test/CMakeFiles/terminal.dir/depend
[ 95%] mingw32-make[2]: Entering directory 'C:/fltk/fltk/build'
Linking CXX executable ..\bin\test\resize.exe
cd /d C:\fltk\fltk\build\test && C:\cmake\3.28.1\x86_64\bin\cmake.exe -E cmake_link_script CMakeFiles\resize.dir\link.txt
 --verbose=on
[ 95%] Generating terminal.cxx, terminal.h
cd /d C:\fltk\fltk\build\test && ..\bin\fluid-cmd.exe -c C:/fltk/fltk/test/terminal.fl
C:\cmake\3.28.1\x86_64\bin\cmake.exe -E rm -f CMakeFiles\resize.dir/objects.a
C:\mingw32-8\bin\ar.exe qc CMakeFiles\resize.dir/objects.a @CMakeFiles\resize.dir\objects1.rsp
C:\mingw32-8\bin\c++.exe -g -mwindows -Wl,--whole-archive CMakeFiles\resize.dir/objects.a -Wl,--no-whole-archive -o ..\bi
n\test\resize.exe -Wl,--out-implib,..\bin\test\libresize.dll.a -Wl,--major-image-version,0,--minor-image-version,0 @CMake
Files\resize.dir\linkLibs.rsp
C:\cmake\3.28.1\x86_64\bin\cmake.exe -E cmake_depends "MinGW Makefiles" C:\fltk\fltk C:\fltk\fltk\test C:\fltk\fltk\build
 C:\fltk\fltk\build\test C:\fltk\fltk\build\test\CMakeFiles\terminal.dir\DependInfo.cmake "--color="
mingw32-make[2]: Leaving directory 'C:/fltk/fltk/build'
mingw32-make  -f test\CMakeFiles\terminal.dir\build.make test/CMakeFiles/terminal.dir/build
mingw32-make[2]: Entering directory 'C:/fltk/fltk/build'
[ 95%] Building CXX object test/CMakeFiles/terminal.dir/terminal.cxx.obj
cd /d C:\fltk\fltk\build\test && C:\mingw32-8\bin\c++.exe -D_FILE_OFFSET_BITS=64 -D_LARGEFILE64_SOURCE -D_LARGEFILE_SOURC
E -Dterminal_EXPORTS @CMakeFiles/terminal.dir/includes_CXX.rsp -g -std=c++11 -MD -MT test/CMakeFiles/terminal.dir/termina
l.cxx.obj -MF CMakeFiles\terminal.dir\terminal.cxx.obj.d -o CMakeFiles\terminal.dir\terminal.cxx.obj -c C:\fltk\fltk\buil
d\test\terminal.cxx
C:\fltk\fltk\build\test\terminal.cxx:952:5: warning: missing terminating " character
     "Ô|| AAA Úªhinese   || AAA
     ^
C:\fltk\fltk\build\test\terminal.cxx:952:5: error: missing terminating " character
     "Ô|| AAA Úªhinese   || AAA
     ^~~~~~~~~~~~~~~~~~~~~~~~~~~~~~~~~~~~~~~~~~~~~~~~~~~~~~~~~~~~~~~~~~~~~~~~~~~~~~~~~~~~~~~~~~~~~~~~~~~~~~~~~~~~~~~~~~~~
~~~~~~~~~~~
C:\fltk\fltk\build\test\terminal.cxx:998:5: warning: missing terminating " character
     "  Fg Bold:\033[1;49;30mÔef Ô033[31mÔed Ô033[32mÔrn Ô033[33mÔel Ô033[34mÔlu Ô033[35mÔag
     ^
C:\fltk\fltk\build\test\terminal.cxx:998:5: error: missing terminating " character
     "  Fg Bold:\033[1;49;30mÔef Ô033[31mÔed Ô033[32mÔrn Ô033[33mÔel Ô033[34mÔlu Ô033[35mÔag
     ^~~~~~~~~~~~~~~~~~~~~~~~~~~~~~~~~~~~~~~~~~~~~~~~~~~~~~~~~~~~~~~~~~~~~~~~~~~~~~~~~~~~~~~~~~~~~~~~~~~~~~~~~~~~~~~~~~~~
~~~~~~~~~~
C:\fltk\fltk\build\test\terminal.cxx:999:14: warning: missing terminating " character
              " \033[00;1;30mÔef Ô033[31mÔed Ô033[32mÔrn Ô033[33mÔel Ô033[34mÔlu Ô033[35mÔag
              ^
C:\fltk\fltk\build\test\terminal.cxx:999:14: error: missing terminating " character
              " \033[00;1;30mÔef Ô033[31mÔed Ô033[32mÔrn Ô033[33mÔel Ô033[34mÔlu Ô033[35mÔag
              ^~~~~~~~~~~~~~~~~~~~~~~~~~~~~~~~~~~~~~~~~~~~~~~~~~~~~~~~~~~~~~~~~~~~~~~~~~~~~~~~~~~~~~~~~~~~~~~~~~~~~~~~~~~
~~~~~~~~~~
C:\fltk\fltk\build\test\terminal.cxx:1000:5: warning: missing terminating " character
     "  Fg Norm:\033[0;49;30mÔef Ô033[31mÔed Ô033[32mÔrn Ô033[33mÔel Ô033[34mÔlu Ô033[35mÔag
     ^
C:\fltk\fltk\build\test\terminal.cxx:1000:5: error: missing terminating " character
     "  Fg Norm:\033[0;49;30mÔef Ô033[31mÔed Ô033[32mÔrn Ô033[33mÔel Ô033[34mÔlu Ô033[35mÔag
     ^~~~~~~~~~~~~~~~~~~~~~~~~~~~~~~~~~~~~~~~~~~~~~~~~~~~~~~~~~~~~~~~~~~~~~~~~~~~~~~~~~~~~~~~~~~~~~~~~~~~~~~~~~~~~~~~~~~~
~~~~~~~~~~
C:\fltk\fltk\build\test\terminal.cxx:1001:14: warning: missing terminating " character
              " \033[00;0;30mÔef Ô033[31mÔed Ô033[32mÔrn Ô033[33mÔel Ô033[34mÔlu Ô033[35mÔag
              ^
C:\fltk\fltk\build\test\terminal.cxx:1001:14: error: missing terminating " character
              " \033[00;0;30mÔef Ô033[31mÔed Ô033[32mÔrn Ô033[33mÔel Ô033[34mÔlu Ô033[35mÔag
              ^~~~~~~~~~~~~~~~~~~~~~~~~~~~~~~~~~~~~~~~~~~~~~~~~~~~~~~~~~~~~~~~~~~~~~~~~~~~~~~~~~~~~~~~~~~~~~~~~~~~~~~~~~~
~~~~~~~~~~
C:\fltk\fltk\build\test\terminal.cxx:1002:5: warning: missing terminating " character
     "  Fg  Dim:\033[2;49;30mÔef Ô033[31mÔed Ô033[32mÔrn Ô033[33mÔel Ô033[34mÔlu Ô033[35mÔag
     ^
C:\fltk\fltk\build\test\terminal.cxx:1002:5: error: missing terminating " character
     "  Fg  Dim:\033[2;49;30mÔef Ô033[31mÔed Ô033[32mÔrn Ô033[33mÔel Ô033[34mÔlu Ô033[35mÔag
     ^~~~~~~~~~~~~~~~~~~~~~~~~~~~~~~~~~~~~~~~~~~~~~~~~~~~~~~~~~~~~~~~~~~~~~~~~~~~~~~~~~~~~~~~~~~~~~~~~~~~~~~~~~~~~~~~~~~~
~~~~~~~~~~
C:\fltk\fltk\build\test\terminal.cxx:1003:14: warning: missing terminating " character
              " \033[00;2;30mÔef Ô033[31mÔed Ô033[32mÔrn Ô033[33mÔel Ô033[34mÔlu Ô033[35mÔag
              ^
C:\fltk\fltk\build\test\terminal.cxx:1003:14: error: missing terminating " character
              " \033[00;2;30mÔef Ô033[31mÔed Ô033[32mÔrn Ô033[33mÔel Ô033[34mÔlu Ô033[35mÔag
              ^~~~~~~~~~~~~~~~~~~~~~~~~~~~~~~~~~~~~~~~~~~~~~~~~~~~~~~~~~~~~~~~~~~~~~~~~~~~~~~~~~~~~~~~~~~~~~~~~~~~~~~~~~~
~~~~~~~~~~
C:\fltk\fltk\build\test\terminal.cxx:1006:5: warning: missing terminating " character
     "  Bg Bold:\033[1;39;40mÔef Ô033[41mÔed Ô033[42mÔrn Ô033[43mÔel Ô033[44mÔlu Ô033[45mÔag
     ^
C:\fltk\fltk\build\test\terminal.cxx:1006:5: error: missing terminating " character
     "  Bg Bold:\033[1;39;40mÔef Ô033[41mÔed Ô033[42mÔrn Ô033[43mÔel Ô033[44mÔlu Ô033[45mÔag
     ^~~~~~~~~~~~~~~~~~~~~~~~~~~~~~~~~~~~~~~~~~~~~~~~~~~~~~~~~~~~~~~~~~~~~~~~~~~~~~~~~~~~~~~~~~~~~~~~~~~~~~~~~~~~~~~~~~~~
~~~~~~~~~~
C:\fltk\fltk\build\test\terminal.cxx:1007:14: warning: missing terminating " character
              " \033[00;1;40mÔef Ô033[41mÔed Ô033[42mÔrn Ô033[43mÔel Ô033[44mÔlu Ô033[45mÔag
              ^
C:\fltk\fltk\build\test\terminal.cxx:1007:14: error: missing terminating " character
              " \033[00;1;40mÔef Ô033[41mÔed Ô033[42mÔrn Ô033[43mÔel Ô033[44mÔlu Ô033[45mÔag
              ^~~~~~~~~~~~~~~~~~~~~~~~~~~~~~~~~~~~~~~~~~~~~~~~~~~~~~~~~~~~~~~~~~~~~~~~~~~~~~~~~~~~~~~~~~~~~~~~~~~~~~~~~~~
~~~~~~~~~~
C:\fltk\fltk\build\test\terminal.cxx:1008:5: warning: missing terminating " character
     "  Bg Norm:\033[0;39;40mÔef Ô033[41mÔed Ô033[42mÔrn Ô033[43mÔel Ô033[44mÔlu Ô033[45mÔag
     ^
C:\fltk\fltk\build\test\terminal.cxx:1008:5: error: missing terminating " character
     "  Bg Norm:\033[0;39;40mÔef Ô033[41mÔed Ô033[42mÔrn Ô033[43mÔel Ô033[44mÔlu Ô033[45mÔag
     ^~~~~~~~~~~~~~~~~~~~~~~~~~~~~~~~~~~~~~~~~~~~~~~~~~~~~~~~~~~~~~~~~~~~~~~~~~~~~~~~~~~~~~~~~~~~~~~~~~~~~~~~~~~~~~~~~~~~
~~~~~~~~~~
C:\fltk\fltk\build\test\terminal.cxx:1009:14: warning: missing terminating " character
              " \033[00;0;40mÔef Ô033[41mÔed Ô033[42mÔrn Ô033[43mÔel Ô033[44mÔlu Ô033[45mÔag
              ^
C:\fltk\fltk\build\test\terminal.cxx:1009:14: error: missing terminating " character
              " \033[00;0;40mÔef Ô033[41mÔed Ô033[42mÔrn Ô033[43mÔel Ô033[44mÔlu Ô033[45mÔag
              ^~~~~~~~~~~~~~~~~~~~~~~~~~~~~~~~~~~~~~~~~~~~~~~~~~~~~~~~~~~~~~~~~~~~~~~~~~~~~~~~~~~~~~~~~~~~~~~~~~~~~~~~~~~
~~~~~~~~~~
C:\fltk\fltk\build\test\terminal.cxx:1010:5: warning: missing terminating " character
     "  Bg  Dim:\033[2;39;40mÔef Ô033[41mÔed Ô033[42mÔrn Ô033[43mÔel Ô033[44mÔlu Ô033[45mÔag
     ^
C:\fltk\fltk\build\test\terminal.cxx:1010:5: error: missing terminating " character
     "  Bg  Dim:\033[2;39;40mÔef Ô033[41mÔed Ô033[42mÔrn Ô033[43mÔel Ô033[44mÔlu Ô033[45mÔag
     ^~~~~~~~~~~~~~~~~~~~~~~~~~~~~~~~~~~~~~~~~~~~~~~~~~~~~~~~~~~~~~~~~~~~~~~~~~~~~~~~~~~~~~~~~~~~~~~~~~~~~~~~~~~~~~~~~~~~
~~~~~~~~~~
C:\fltk\fltk\build\test\terminal.cxx:1011:14: warning: missing terminating " character
              " \033[00;2;40mÔef Ô033[41mÔed Ô033[42mÔrn Ô033[43mÔel Ô033[44mÔlu Ô033[45mÔag
              ^
C:\fltk\fltk\build\test\terminal.cxx:1011:14: error: missing terminating " character
              " \033[00;2;40mÔef Ô033[41mÔed Ô033[42mÔrn Ô033[43mÔel Ô033[44mÔlu Ô033[45mÔag
              ^~~~~~~~~~~~~~~~~~~~~~~~~~~~~~~~~~~~~~~~~~~~~~~~~~~~~~~~~~~~~~~~~~~~~~~~~~~~~~~~~~~~~~~~~~~~~~~~~~~~~~~~~~~
~~~~~~~~~~
C:\fltk\fltk\build\test\terminal.cxx:1030:109: warning: missing terminating " character
     "\tNormal Grayscale: \033[38;2;32;32;32mXXX"    "\033[38;2;64;64;64mXXX"    "\033[38;2;96;96;96mXXX"    "\033[38;2;1
28;128;128m
                                                                                                             ^
C:\fltk\fltk\build\test\terminal.cxx:1030:109: error: missing terminating " character
     "\tNormal Grayscale: \033[38;2;32;32;32mXXX"    "\033[38;2;64;64;64mXXX"    "\033[38;2;96;96;96mXXX"    "\033[38;2;1
28;128;128m
                                                                                                             ^~~~~~~~~~~~
~~~~~~~~~~~
C:\fltk\fltk\build\test\terminal.cxx:1031:109: warning: missing terminating " character
                         "\033[38;2;160;160;160mXXX" "\033[38;2;192;192;192mXXX" "\033[38;2;224;224;224mXXX" "\033[38;2;2
55;255;255m
                                                                                                             ^
C:\fltk\fltk\build\test\terminal.cxx:1031:109: error: missing terminating " character
                         "\033[38;2;160;160;160mXXX" "\033[38;2;192;192;192mXXX" "\033[38;2;224;224;224mXXX" "\033[38;2;2
55;255;255m
                                                                                                             ^~~~~~~~~~~~
~~~~~~~~~~~
C:\fltk\fltk\build\test\terminal.cxx:1043:109: warning: missing terminating " character
     "\tItalic Grayscale: \033[38;2;32;32;32mXXX"    "\033[38;2;64;64;64mXXX"    "\033[38;2;96;96;96mXXX"    "\033[38;2;1
28;128;128m
                                                                                                             ^
C:\fltk\fltk\build\test\terminal.cxx:1043:109: error: missing terminating " character
     "\tItalic Grayscale: \033[38;2;32;32;32mXXX"    "\033[38;2;64;64;64mXXX"    "\033[38;2;96;96;96mXXX"    "\033[38;2;1
28;128;128m
                                                                                                             ^~~~~~~~~~~~
~~~~~~~~~~~
C:\fltk\fltk\build\test\terminal.cxx:1044:109: warning: missing terminating " character
                         "\033[38;2;160;160;160mXXX" "\033[38;2;192;192;192mXXX" "\033[38;2;224;224;224mXXX" "\033[38;2;2
55;255;255m
                                                                                                             ^
C:\fltk\fltk\build\test\terminal.cxx:1044:109: error: missing terminating " character
                         "\033[38;2;160;160;160mXXX" "\033[38;2;192;192;192mXXX" "\033[38;2;224;224;224mXXX" "\033[38;2;2
55;255;255m
                                                                                                             ^~~~~~~~~~~~
~~~~~~~~~~~
C:\fltk\fltk\build\test\terminal.cxx:1056:109: warning: missing terminating " character
     "\tUnderl Grayscale: \033[38;2;32;32;32mXXX"    "\033[38;2;64;64;64mXXX"    "\033[38;2;96;96;96mXXX"    "\033[38;2;1
28;128;128m
                                                                                                             ^
C:\fltk\fltk\build\test\terminal.cxx:1056:109: error: missing terminating " character
     "\tUnderl Grayscale: \033[38;2;32;32;32mXXX"    "\033[38;2;64;64;64mXXX"    "\033[38;2;96;96;96mXXX"    "\033[38;2;1
28;128;128m
                                                                                                             ^~~~~~~~~~~~
~~~~~~~~~~~
C:\fltk\fltk\build\test\terminal.cxx:1057:109: warning: missing terminating " character
                         "\033[38;2;160;160;160mXXX" "\033[38;2;192;192;192mXXX" "\033[38;2;224;224;224mXXX" "\033[38;2;2
55;255;255m
                                                                                                             ^
C:\fltk\fltk\build\test\terminal.cxx:1057:109: error: missing terminating " character
                         "\033[38;2;160;160;160mXXX" "\033[38;2;192;192;192mXXX" "\033[38;2;224;224;224mXXX" "\033[38;2;2
55;255;255m
                                                                                                             ^~~~~~~~~~~~
~~~~~~~~~~~
C:\fltk\fltk\build\test\terminal.cxx:1069:109: warning: missing terminating " character
     "\tInvers Grayscale: \033[7;38;2;32;32;32mXXX"  "\033[38;2;64;64;64mXXX"    "\033[38;2;96;96;96mXXX"    "\033[38;2;1
28;128;128m
                                                                                                             ^
C:\fltk\fltk\build\test\terminal.cxx:1069:109: error: missing terminating " character
     "\tInvers Grayscale: \033[7;38;2;32;32;32mXXX"  "\033[38;2;64;64;64mXXX"    "\033[38;2;96;96;96mXXX"    "\033[38;2;1
28;128;128m
                                                                                                             ^~~~~~~~~~~~
~~~~~~~~~~~
C:\fltk\fltk\build\test\terminal.cxx:1070:109: warning: missing terminating " character
                         "\033[38;2;160;160;160mXXX" "\033[38;2;192;192;192mXXX" "\033[38;2;224;224;224mXXX" "\033[38;2;2
55;255;255m
                                                                                                             ^
C:\fltk\fltk\build\test\terminal.cxx:1070:109: error: missing terminating " character
                         "\033[38;2;160;160;160mXXX" "\033[38;2;192;192;192mXXX" "\033[38;2;224;224;224mXXX" "\033[38;2;2
55;255;255m
                                                                                                             ^~~~~~~~~~~~
~~~~~~~~~~~
C:\fltk\fltk\build\test\terminal.cxx:1086:5: warning: missing terminating " character
     "\033[48;2;0;0;0m.\033[48;2;1;0;0m.\033[48;2;2;0;0m.\033[48;2;3;0;0m.\033[48;2;4;0;0m.\033[48;2;5;0;0m.\033[48;2;6;0
;0m.\033[48
     ^
C:\fltk\fltk\build\test\terminal.cxx:1086:5: error: missing terminating " character
     "\033[48;2;0;0;0m.\033[48;2;1;0;0m.\033[48;2;2;0;0m.\033[48;2;3;0;0m.\033[48;2;4;0;0m.\033[48;2;5;0;0m.\033[48;2;6;0
;0m.\033[48
     ^~~~~~~~~~~~~~~~~~~~~~~~~~~~~~~~~~~~~~~~~~~~~~~~~~~~~~~~~~~~~~~~~~~~~~~~~~~~~~~~~~~~~~~~~~~~~~~~~~~~~~~~~~~~~~~~~~~~
~~~~~~~~~~~
C:\fltk\fltk\build\test\terminal.cxx:1087:5: warning: missing terminating " character
     "\033[48;2;8;0;0m.\033[48;2;9;0;0m.\033[48;2;10;0;0m.\033[48;2;11;0;0m.\033[48;2;12;0;0m.\033[48;2;13;0;0m.\033[48;2
;14;0;0m.\0
     ^
C:\fltk\fltk\build\test\terminal.cxx:1087:5: error: missing terminating " character
     "\033[48;2;8;0;0m.\033[48;2;9;0;0m.\033[48;2;10;0;0m.\033[48;2;11;0;0m.\033[48;2;12;0;0m.\033[48;2;13;0;0m.\033[48;2
;14;0;0m.\0
     ^~~~~~~~~~~~~~~~~~~~~~~~~~~~~~~~~~~~~~~~~~~~~~~~~~~~~~~~~~~~~~~~~~~~~~~~~~~~~~~~~~~~~~~~~~~~~~~~~~~~~~~~~~~~~~~~~~~~
~~~~~~~~~~~
C:\fltk\fltk\build\test\terminal.cxx:1088:5: warning: missing terminating " character
     "\033[48;2;16;0;0m.\033[48;2;17;0;0m.\033[48;2;18;0;0m.\033[48;2;19;0;0m.\033[48;2;20;0;0m.\033[48;2;21;0;0m.\033[48
;2;22;0;0m.
     ^
C:\fltk\fltk\build\test\terminal.cxx:1088:5: error: missing terminating " character
     "\033[48;2;16;0;0m.\033[48;2;17;0;0m.\033[48;2;18;0;0m.\033[48;2;19;0;0m.\033[48;2;20;0;0m.\033[48;2;21;0;0m.\033[48
;2;22;0;0m.
     ^~~~~~~~~~~~~~~~~~~~~~~~~~~~~~~~~~~~~~~~~~~~~~~~~~~~~~~~~~~~~~~~~~~~~~~~~~~~~~~~~~~~~~~~~~~~~~~~~~~~~~~~~~~~~~~~~~~~
~~~~~~~~~~~
C:\fltk\fltk\build\test\terminal.cxx:1089:5: warning: missing terminating " character
     "\033[48;2;24;0;0m.\033[48;2;25;0;0m.\033[48;2;26;0;0m.\033[48;2;27;0;0m.\033[48;2;28;0;0m.\033[48;2;29;0;0m.\033[48
;2;30;0;0m.
     ^
C:\fltk\fltk\build\test\terminal.cxx:1089:5: error: missing terminating " character
     "\033[48;2;24;0;0m.\033[48;2;25;0;0m.\033[48;2;26;0;0m.\033[48;2;27;0;0m.\033[48;2;28;0;0m.\033[48;2;29;0;0m.\033[48
;2;30;0;0m.
     ^~~~~~~~~~~~~~~~~~~~~~~~~~~~~~~~~~~~~~~~~~~~~~~~~~~~~~~~~~~~~~~~~~~~~~~~~~~~~~~~~~~~~~~~~~~~~~~~~~~~~~~~~~~~~~~~~~~~
~~~~~~~~~~~
C:\fltk\fltk\build\test\terminal.cxx:1090:5: warning: missing terminating " character
     "\033[48;2;32;0;0m.\033[48;2;33;0;0m.\033[48;2;34;0;0m.\033[48;2;35;0;0m.\033[48;2;36;0;0m.\033[48;2;37;0;0m.\033[48
;2;38;0;0m.
     ^
C:\fltk\fltk\build\test\terminal.cxx:1090:5: error: missing terminating " character
     "\033[48;2;32;0;0m.\033[48;2;33;0;0m.\033[48;2;34;0;0m.\033[48;2;35;0;0m.\033[48;2;36;0;0m.\033[48;2;37;0;0m.\033[48
;2;38;0;0m.
     ^~~~~~~~~~~~~~~~~~~~~~~~~~~~~~~~~~~~~~~~~~~~~~~~~~~~~~~~~~~~~~~~~~~~~~~~~~~~~~~~~~~~~~~~~~~~~~~~~~~~~~~~~~~~~~~~~~~~
~~~~~~~~~~~
C:\fltk\fltk\build\test\terminal.cxx:1091:5: warning: missing terminating " character
     "\033[48;2;40;0;0m.\033[48;2;41;0;0m.\033[48;2;42;0;0m.\033[48;2;43;0;0m.\033[48;2;44;0;0m.\033[48;2;45;0;0m.\033[48
;2;46;0;0m.
     ^
C:\fltk\fltk\build\test\terminal.cxx:1091:5: error: missing terminating " character
     "\033[48;2;40;0;0m.\033[48;2;41;0;0m.\033[48;2;42;0;0m.\033[48;2;43;0;0m.\033[48;2;44;0;0m.\033[48;2;45;0;0m.\033[48
;2;46;0;0m.
     ^~~~~~~~~~~~~~~~~~~~~~~~~~~~~~~~~~~~~~~~~~~~~~~~~~~~~~~~~~~~~~~~~~~~~~~~~~~~~~~~~~~~~~~~~~~~~~~~~~~~~~~~~~~~~~~~~~~~
~~~~~~~~~~~
C:\fltk\fltk\build\test\terminal.cxx:1092:5: warning: missing terminating " character
     "\033[48;2;48;0;0m.\033[48;2;49;0;0m.\033[48;2;50;0;0m.\033[48;2;51;0;0m.\033[48;2;52;0;0m.\033[48;2;53;0;0m.\033[48
;2;54;0;0m.
     ^
C:\fltk\fltk\build\test\terminal.cxx:1092:5: error: missing terminating " character
     "\033[48;2;48;0;0m.\033[48;2;49;0;0m.\033[48;2;50;0;0m.\033[48;2;51;0;0m.\033[48;2;52;0;0m.\033[48;2;53;0;0m.\033[48
;2;54;0;0m.
     ^~~~~~~~~~~~~~~~~~~~~~~~~~~~~~~~~~~~~~~~~~~~~~~~~~~~~~~~~~~~~~~~~~~~~~~~~~~~~~~~~~~~~~~~~~~~~~~~~~~~~~~~~~~~~~~~~~~~
~~~~~~~~~~~
C:\fltk\fltk\build\test\terminal.cxx:1093:5: warning: missing terminating " character
     "\033[48;2;56;0;0m.\033[48;2;57;0;0m.\033[48;2;58;0;0m.\033[48;2;59;0;0m.\033[48;2;60;0;0m.\033[48;2;61;0;0m.\033[48
;2;62;0;0m.
     ^
C:\fltk\fltk\build\test\terminal.cxx:1093:5: error: missing terminating " character
     "\033[48;2;56;0;0m.\033[48;2;57;0;0m.\033[48;2;58;0;0m.\033[48;2;59;0;0m.\033[48;2;60;0;0m.\033[48;2;61;0;0m.\033[48
;2;62;0;0m.
     ^~~~~~~~~~~~~~~~~~~~~~~~~~~~~~~~~~~~~~~~~~~~~~~~~~~~~~~~~~~~~~~~~~~~~~~~~~~~~~~~~~~~~~~~~~~~~~~~~~~~~~~~~~~~~~~~~~~~
~~~~~~~~~~~
C:\fltk\fltk\build\test\terminal.cxx:1094:5: warning: missing terminating " character
     "\033[48;2;64;0;0m.\033[48;2;65;0;0m.\033[48;2;66;0;0m.\033[48;2;67;0;0m.\033[48;2;68;0;0m.\033[48;2;69;0;0m.\033[48
;2;70;0;0m.
     ^
C:\fltk\fltk\build\test\terminal.cxx:1094:5: error: missing terminating " character
     "\033[48;2;64;0;0m.\033[48;2;65;0;0m.\033[48;2;66;0;0m.\033[48;2;67;0;0m.\033[48;2;68;0;0m.\033[48;2;69;0;0m.\033[48
;2;70;0;0m.
     ^~~~~~~~~~~~~~~~~~~~~~~~~~~~~~~~~~~~~~~~~~~~~~~~~~~~~~~~~~~~~~~~~~~~~~~~~~~~~~~~~~~~~~~~~~~~~~~~~~~~~~~~~~~~~~~~~~~~
~~~~~~~~~~~
C:\fltk\fltk\build\test\terminal.cxx:1095:5: warning: missing terminating " character
     "\033[48;2;72;0;0m.\033[48;2;73;0;0m.\033[48;2;74;0;0m.\033[48;2;75;0;0m.\033[48;2;76;0;0m.\033[48;2;77;0;0m.\033[48
;2;78;0;0m.
     ^
C:\fltk\fltk\build\test\terminal.cxx:1095:5: error: missing terminating " character
     "\033[48;2;72;0;0m.\033[48;2;73;0;0m.\033[48;2;74;0;0m.\033[48;2;75;0;0m.\033[48;2;76;0;0m.\033[48;2;77;0;0m.\033[48
;2;78;0;0m.
     ^~~~~~~~~~~~~~~~~~~~~~~~~~~~~~~~~~~~~~~~~~~~~~~~~~~~~~~~~~~~~~~~~~~~~~~~~~~~~~~~~~~~~~~~~~~~~~~~~~~~~~~~~~~~~~~~~~~~
~~~~~~~~~~~
C:\fltk\fltk\build\test\terminal.cxx:1096:5: warning: missing terminating " character
     "\033[48;2;80;0;0m.\033[48;2;81;0;0m.\033[48;2;82;0;0m.\033[48;2;83;0;0m.\033[48;2;84;0;0m.\033[48;2;85;0;0m.\033[48
;2;86;0;0m.
     ^
C:\fltk\fltk\build\test\terminal.cxx:1096:5: error: missing terminating " character
     "\033[48;2;80;0;0m.\033[48;2;81;0;0m.\033[48;2;82;0;0m.\033[48;2;83;0;0m.\033[48;2;84;0;0m.\033[48;2;85;0;0m.\033[48
;2;86;0;0m.
     ^~~~~~~~~~~~~~~~~~~~~~~~~~~~~~~~~~~~~~~~~~~~~~~~~~~~~~~~~~~~~~~~~~~~~~~~~~~~~~~~~~~~~~~~~~~~~~~~~~~~~~~~~~~~~~~~~~~~
~~~~~~~~~~~
C:\fltk\fltk\build\test\terminal.cxx:1097:5: warning: missing terminating " character
     "\033[48;2;88;0;0m.\033[48;2;89;0;0m.\033[48;2;90;0;0m.\033[48;2;91;0;0m.\033[48;2;92;0;0m.\033[48;2;93;0;0m.\033[48
;2;94;0;0m.
     ^
C:\fltk\fltk\build\test\terminal.cxx:1097:5: error: missing terminating " character
     "\033[48;2;88;0;0m.\033[48;2;89;0;0m.\033[48;2;90;0;0m.\033[48;2;91;0;0m.\033[48;2;92;0;0m.\033[48;2;93;0;0m.\033[48
;2;94;0;0m.
     ^~~~~~~~~~~~~~~~~~~~~~~~~~~~~~~~~~~~~~~~~~~~~~~~~~~~~~~~~~~~~~~~~~~~~~~~~~~~~~~~~~~~~~~~~~~~~~~~~~~~~~~~~~~~~~~~~~~~
~~~~~~~~~~~
C:\fltk\fltk\build\test\terminal.cxx:1099:5: warning: missing terminating " character
     "\033[48;2;96;0;0m.\033[48;2;97;0;0m.\033[48;2;98;0;0m.\033[48;2;99;0;0m.\033[48;2;100;0;0m.\033[48;2;101;0;0m.\033[
48;2;102;0;
     ^
C:\fltk\fltk\build\test\terminal.cxx:1099:5: error: missing terminating " character
     "\033[48;2;96;0;0m.\033[48;2;97;0;0m.\033[48;2;98;0;0m.\033[48;2;99;0;0m.\033[48;2;100;0;0m.\033[48;2;101;0;0m.\033[
48;2;102;0;
     ^~~~~~~~~~~~~~~~~~~~~~~~~~~~~~~~~~~~~~~~~~~~~~~~~~~~~~~~~~~~~~~~~~~~~~~~~~~~~~~~~~~~~~~~~~~~~~~~~~~~~~~~~~~~~~~~~~~~
~~~~~~~~~~~
C:\fltk\fltk\build\test\terminal.cxx:1100:5: warning: missing terminating " character
     "\033[48;2;104;0;0m.\033[48;2;105;0;0m.\033[48;2;106;0;0m.\033[48;2;107;0;0m.\033[48;2;108;0;0m.\033[48;2;109;0;0m.\
033[48;2;11
     ^
C:\fltk\fltk\build\test\terminal.cxx:1100:5: error: missing terminating " character
     "\033[48;2;104;0;0m.\033[48;2;105;0;0m.\033[48;2;106;0;0m.\033[48;2;107;0;0m.\033[48;2;108;0;0m.\033[48;2;109;0;0m.\
033[48;2;11
     ^~~~~~~~~~~~~~~~~~~~~~~~~~~~~~~~~~~~~~~~~~~~~~~~~~~~~~~~~~~~~~~~~~~~~~~~~~~~~~~~~~~~~~~~~~~~~~~~~~~~~~~~~~~~~~~~~~~~
~~~~~~~~~~~
C:\fltk\fltk\build\test\terminal.cxx:1101:5: warning: missing terminating " character
     "\033[48;2;112;0;0m.\033[48;2;113;0;0m.\033[48;2;114;0;0m.\033[48;2;115;0;0m.\033[48;2;116;0;0m.\033[48;2;117;0;0m.\
033[48;2;11
     ^
C:\fltk\fltk\build\test\terminal.cxx:1101:5: error: missing terminating " character
     "\033[48;2;112;0;0m.\033[48;2;113;0;0m.\033[48;2;114;0;0m.\033[48;2;115;0;0m.\033[48;2;116;0;0m.\033[48;2;117;0;0m.\
033[48;2;11
     ^~~~~~~~~~~~~~~~~~~~~~~~~~~~~~~~~~~~~~~~~~~~~~~~~~~~~~~~~~~~~~~~~~~~~~~~~~~~~~~~~~~~~~~~~~~~~~~~~~~~~~~~~~~~~~~~~~~~
~~~~~~~~~~~
C:\fltk\fltk\build\test\terminal.cxx:1102:5: warning: missing terminating " character
     "\033[48;2;120;0;0m.\033[48;2;121;0;0m.\033[48;2;122;0;0m.\033[48;2;123;0;0m.\033[48;2;124;0;0m.\033[48;2;125;0;0m.\
033[48;2;12
     ^
C:\fltk\fltk\build\test\terminal.cxx:1102:5: error: missing terminating " character
     "\033[48;2;120;0;0m.\033[48;2;121;0;0m.\033[48;2;122;0;0m.\033[48;2;123;0;0m.\033[48;2;124;0;0m.\033[48;2;125;0;0m.\
033[48;2;12
     ^~~~~~~~~~~~~~~~~~~~~~~~~~~~~~~~~~~~~~~~~~~~~~~~~~~~~~~~~~~~~~~~~~~~~~~~~~~~~~~~~~~~~~~~~~~~~~~~~~~~~~~~~~~~~~~~~~~~
~~~~~~~~~~~
C:\fltk\fltk\build\test\terminal.cxx:1103:5: warning: missing terminating " character
     "\033[48;2;128;0;0m.\033[48;2;129;0;0m.\033[48;2;130;0;0m.\033[48;2;131;0;0m.\033[48;2;132;0;0m.\033[48;2;133;0;0m.\
033[48;2;13
     ^
C:\fltk\fltk\build\test\terminal.cxx:1103:5: error: missing terminating " character
     "\033[48;2;128;0;0m.\033[48;2;129;0;0m.\033[48;2;130;0;0m.\033[48;2;131;0;0m.\033[48;2;132;0;0m.\033[48;2;133;0;0m.\
033[48;2;13
     ^~~~~~~~~~~~~~~~~~~~~~~~~~~~~~~~~~~~~~~~~~~~~~~~~~~~~~~~~~~~~~~~~~~~~~~~~~~~~~~~~~~~~~~~~~~~~~~~~~~~~~~~~~~~~~~~~~~~
~~~~~~~~~~~
C:\fltk\fltk\build\test\terminal.cxx:1104:5: warning: missing terminating " character
     "\033[48;2;136;0;0m.\033[48;2;137;0;0m.\033[48;2;138;0;0m.\033[48;2;139;0;0m.\033[48;2;140;0;0m.\033[48;2;141;0;0m.\
033[48;2;14
     ^
C:\fltk\fltk\build\test\terminal.cxx:1104:5: error: missing terminating " character
     "\033[48;2;136;0;0m.\033[48;2;137;0;0m.\033[48;2;138;0;0m.\033[48;2;139;0;0m.\033[48;2;140;0;0m.\033[48;2;141;0;0m.\
033[48;2;14
     ^~~~~~~~~~~~~~~~~~~~~~~~~~~~~~~~~~~~~~~~~~~~~~~~~~~~~~~~~~~~~~~~~~~~~~~~~~~~~~~~~~~~~~~~~~~~~~~~~~~~~~~~~~~~~~~~~~~~
~~~~~~~~~~~
C:\fltk\fltk\build\test\terminal.cxx:1105:5: warning: missing terminating " character
     "\033[48;2;144;0;0m.\033[48;2;145;0;0m.\033[48;2;146;0;0m.\033[48;2;147;0;0m.\033[48;2;148;0;0m.\033[48;2;149;0;0m.\
033[48;2;15
     ^
C:\fltk\fltk\build\test\terminal.cxx:1105:5: error: missing terminating " character
     "\033[48;2;144;0;0m.\033[48;2;145;0;0m.\033[48;2;146;0;0m.\033[48;2;147;0;0m.\033[48;2;148;0;0m.\033[48;2;149;0;0m.\
033[48;2;15
     ^~~~~~~~~~~~~~~~~~~~~~~~~~~~~~~~~~~~~~~~~~~~~~~~~~~~~~~~~~~~~~~~~~~~~~~~~~~~~~~~~~~~~~~~~~~~~~~~~~~~~~~~~~~~~~~~~~~~
~~~~~~~~~~~
C:\fltk\fltk\build\test\terminal.cxx:1106:5: warning: missing terminating " character
     "\033[48;2;152;0;0m.\033[48;2;153;0;0m.\033[48;2;154;0;0m.\033[48;2;155;0;0m.\033[48;2;156;0;0m.\033[48;2;157;0;0m.\
033[48;2;15
     ^
C:\fltk\fltk\build\test\terminal.cxx:1106:5: error: missing terminating " character
     "\033[48;2;152;0;0m.\033[48;2;153;0;0m.\033[48;2;154;0;0m.\033[48;2;155;0;0m.\033[48;2;156;0;0m.\033[48;2;157;0;0m.\
033[48;2;15
     ^~~~~~~~~~~~~~~~~~~~~~~~~~~~~~~~~~~~~~~~~~~~~~~~~~~~~~~~~~~~~~~~~~~~~~~~~~~~~~~~~~~~~~~~~~~~~~~~~~~~~~~~~~~~~~~~~~~~
~~~~~~~~~~~
C:\fltk\fltk\build\test\terminal.cxx:1107:5: warning: missing terminating " character
     "\033[48;2;160;0;0m.\033[48;2;161;0;0m.\033[48;2;162;0;0m.\033[48;2;163;0;0m.\033[48;2;164;0;0m.\033[48;2;165;0;0m.\
033[48;2;16
     ^
C:\fltk\fltk\build\test\terminal.cxx:1107:5: error: missing terminating " character
     "\033[48;2;160;0;0m.\033[48;2;161;0;0m.\033[48;2;162;0;0m.\033[48;2;163;0;0m.\033[48;2;164;0;0m.\033[48;2;165;0;0m.\
033[48;2;16
     ^~~~~~~~~~~~~~~~~~~~~~~~~~~~~~~~~~~~~~~~~~~~~~~~~~~~~~~~~~~~~~~~~~~~~~~~~~~~~~~~~~~~~~~~~~~~~~~~~~~~~~~~~~~~~~~~~~~~
~~~~~~~~~~~
C:\fltk\fltk\build\test\terminal.cxx:1108:5: warning: missing terminating " character
     "\033[48;2;168;0;0m.\033[48;2;169;0;0m.\033[48;2;170;0;0m.\033[48;2;171;0;0m.\033[48;2;172;0;0m.\033[48;2;173;0;0m.\
033[48;2;17
     ^
C:\fltk\fltk\build\test\terminal.cxx:1108:5: error: missing terminating " character
     "\033[48;2;168;0;0m.\033[48;2;169;0;0m.\033[48;2;170;0;0m.\033[48;2;171;0;0m.\033[48;2;172;0;0m.\033[48;2;173;0;0m.\
033[48;2;17
     ^~~~~~~~~~~~~~~~~~~~~~~~~~~~~~~~~~~~~~~~~~~~~~~~~~~~~~~~~~~~~~~~~~~~~~~~~~~~~~~~~~~~~~~~~~~~~~~~~~~~~~~~~~~~~~~~~~~~
~~~~~~~~~~~
C:\fltk\fltk\build\test\terminal.cxx:1109:5:[ 95%]  Linking CXX executable ..\bin\test\tabs.exewarning:
missing terminating " character
     "\033[48;2;176;0;0m.\033[48;2;177;0;0m.\033[48;2;178;0;0m.\033[48;2;179;0;0m.\033[48;2;180;0;0m.\033[48;2;181;0;0m.\
033[48;2;18
     ^
C:\fltk\fltk\build\test\terminal.cxx:1109:5: error: missing terminating " character
     "\033[48;2;176;0;0m.\033[48;2;177;0;0m.\033[48;2;178;0;0m.\033[48;2;179;0;0m.\033[48;2;180;0;0m.\033[48;2;181;0;0m.\
033[48;2;18
     ^~~~~~~~~~~~~~~~~~~~~~~~~~~~~~~~~~~~~~~~~~~~~~~~~~~~~~~~~~~~~~~~~~~~~~~~~~~~~~~~~~~~~~~~~~~~~~~~~~~~~~~~~~~~~~~~~~~~
~~~~~~~~~~~
C:\fltk\fltk\build\test\terminal.cxx:1110:5:cd /d C:\fltk\fltk\build\test && C:\cmake\3.28.1\x86_64\bin\cmake.exe -E cmak
e_link_script CMakeFiles\tabs.dir\link.txt --verbose=on
 warning: missing terminating " character
     "\033[48;2;184;0;0m.\033[48;2;185;0;0m.\033[48;2;186;0;0m.\033[48;2;187;0;0m.\033[48;2;188;0;0m.\033[48;2;189;0;0m.\
033[48;2;19
     ^
C:\fltk\fltk\build\test\terminal.cxx:1110:5: error: missing terminating " character
     "\033[48;2;184;0;0m.\033[48;2;185;0;0m.\033[48;2;186;0;0m.\033[48;2;187;0;0m.\033[48;2;188;0;0m.\033[48;2;189;0;0m.\
033[48;2;19
     ^~~~~~~~~~~~~~~~~~~~~~~~~~~~~~~~~~~~~~~~~~~~~~~~~~~~~~~~~~~~~~~~~~~~~~~~~~~~~~~~~~~~~~~~~~~~~~~~~~~~~~~~~~~~~~~~~~~~
~~~~~~~~~~~
C:\fltk\fltk\build\test\terminal.cxx:1112:5: warning: missing terminating " character
     "\033[48;2;192;0;0m.\033[48;2;193;0;0m.\033[48;2;194;0;0m.\033[48;2;195;0;0m.\033[48;2;196;0;0m.\033[48;2;197;0;0m.\
033[48;2;19
     ^
C:\fltk\fltk\build\test\terminal.cxx:1112:5: error: missing terminating " character
     "\033[48;2;192;0;0m.\033[48;2;193;0;0m.\033[48;2;194;0;0m.\033[48;2;195;0;0m.\033[48;2;196;0;0m.\033[48;2;197;0;0m.\
033[48;2;19
     ^~~~~~~~~~~~~~~~~~~~~~~~~~~~~~~~~~~~~~~~~~~~~~~~~~~~~~~~~~~~~~~~~~~~~~~~~~~~~~~~~~~~~~~~~~~~~~~~~~~~~~~~~~~~~~~~~~~~
~~~~~~~~~~~
C:\fltk\fltk\build\test\terminal.cxx:1113:5: warning: missing terminating " character
     "\033[48;2;200;0;0m.\033[48;2;201;0;0m.\033[48;2;202;0;0m.\033[48;2;203;0;0m.\033[48;2;204;0;0m.\033[48;2;205;0;0m.\
033[48;2;20
     ^
C:\fltk\fltk\build\test\terminal.cxx:1113:5: error: missing terminating " character
     "\033[48;2;200;0;0m.\033[48;2;201;0;0m.\033[48;2;202;0;0m.\033[48;2;203;0;0m.\033[48;2;204;0;0m.\033[48;2;205;0;0m.\
033[48;2;20
     ^~~~~~~~~~~~~~~~~~~~~~~~~~~~~~~~~~~~~~~~~~~~~~~~~~~~~~~~~~~~~~~~~~~~~~~~~~~~~~~~~~~~~~~~~~~~~~~~~~~~~~~~~~~~~~~~~~~~
~~~~~~~~~~~
C:\fltk\fltk\build\test\terminal.cxx:1114:5: warning: missing terminating " character
     "\033[48;2;208;0;0m.\033[48;2;209;0;0m.\033[48;2;210;0;0m.\033[48;2;211;0;0m.\033[48;2;212;0;0m.\033[48;2;213;0;0m.\
033[48;2;21
     ^
C:\fltk\fltk\build\test\terminal.cxx:1114:5: error: missing terminating " character
     "\033[48;2;208;0;0m.\033[48;2;209;0;0m.\033[48;2;210;0;0m.\033[48;2;211;0;0m.\033[48;2;212;0;0m.\033[48;2;213;0;0m.\
033[48;2;21
     ^~~~~~~~~~~~~~~~~~~~~~~~~~~~~~~~~~~~~~~~~~~~~~~~~~~~~~~~~~~~~~~~~~~~~~~~~~~~~~~~~~~~~~~~~~~~~~~~~~~~~~~~~~~~~~~~~~~~
~~~~~~~~~~~
C:\fltk\fltk\build\test\terminal.cxx:1115:5: warning: missing terminating " character
     "\033[48;2;216;0;0m.\033[48;2;217;0;0m.\033[48;2;218;0;0m.\033[48;2;219;0;0m.\033[48;2;220;0;0m.\033[48;2;221;0;0m.\
033[48;2;22
     ^
C:\fltk\fltk\build\test\terminal.cxx:1115:5: error: missing terminating " character
     "\033[48;2;216;0;0m.\033[48;2;217;0;0m.\033[48;2;218;0;0m.\033[48;2;219;0;0m.\033[48;2;220;0;0m.\033[48;2;221;0;0m.\
033[48;2;22
     ^~~~~~~~~~~~~~~~~~~~~~~~~~~~~~~~~~~~~~~~~~~~~~~~~~~~~~~~~~~~~~~~~~~~~~~~~~~~~~~~~~~~~~~~~~~~~~~~~~~~~~~~~~~~~~~~~~~~
~~~~~~~~~~~
C:\fltk\fltk\build\test\terminal.cxx:1116:5: warning: missing terminating " character
     "\033[48;2;224;0;0m.\033[48;2;225;0;0m.\033[48;2;226;0;0m.\033[48;2;227;0;0m.\033[48;2;228;0;0m.\033[48;2;229;0;0m.\
033[48;2;23
     ^
C:\fltk\fltk\build\test\terminal.cxx:1116:5: error: missing terminating " character
     "\033[48;2;224;0;0m.\033[48;2;225;0;0m.\033[48;2;226;0;0m.\033[48;2;227;0;0m.\033[48;2;228;0;0m.\033[48;2;229;0;0m.\
033[48;2;23
     ^~~~~~~~~~~~~~~~~~~~~~~~~~~~~~~~~~~~~~~~~~~~~~~~~~~~~~~~~~~~~~~~~~~~~~~~~~~~~~~~~~~~~~~~~~~~~~~~~~~~~~~~~~~~~~~~~~~~
~~~~~~~~~~~
C:\fltk\fltk\build\test\terminal.cxx:1117:5: warning: missing terminating " character
     "\033[48;2;232;0;0m.\033[48;2;233;0;0m.\033[48;2;234;0;0m.\033[48;2;235;0;0m.\033[48;2;236;0;0m.\033[48;2;237;0;0m.\
033[48;2;23
     ^
C:\fltk\fltk\build\test\terminal.cxx:1117:5: error: missing terminating " character
     "\033[48;2;232;0;0m.\033[48;2;233;0;0m.\033[48;2;234;0;0m.\033[48;2;235;0;0m.\033[48;2;236;0;0m.\033[48;2;237;0;0m.\
033[48;2;23
     ^~~~~~~~~~~~~~~~~~~~~~~~~~~~~~~~~~~~~~~~~~~~~~~~~~~~~~~~~~~~~~~~~~~~~~~~~~~~~~~~~~~~~~~~~~~~~~~~~~~~~~~~~~~~~~~~~~~~
~~~~~~~~~~~
C:\fltk\fltk\build\test\terminal.cxx:1118:5: warning: missing terminating " character
     "\033[48;2;240;0;0m.\033[48;2;241;0;0m.\033[48;2;242;0;0m.\033[48;2;243;0;0m.\033[48;2;244;0;0m.\033[48;2;245;0;0m.\
033[48;2;24
     ^
C:\fltk\fltk\build\test\terminal.cxx:1118:5: error: missing terminating " character
     "\033[48;2;240;0;0m.\033[48;2;241;0;0m.\033[48;2;242;0;0m.\033[48;2;243;0;0m.\033[48;2;244;0;0m.\033[48;2;245;0;0m.\
033[48;2;24
     ^~~~~~~~~~~~~~~~~~~~~~~~~~~~~~~~~~~~~~~~~~~~~~~~~~~~~~~~~~~~~~~~~~~~~~~~~~~~~~~~~~~~~~~~~~~~~~~~~~~~~~~~~~~~~~~~~~~~
~~~~~~~~~~~
C:\fltk\fltk\build\test\terminal.cxx:1119:5: warning: missing terminating " character
     "\033[48;2;248;0;0m.\033[48;2;249;0;0m.\033[48;2;250;0;0m.\033[48;2;251;0;0m.\033[48;2;252;0;0m.\033[48;2;253;0;0m.\
033[48;2;25
     ^
C:\fltk\fltk\build\test\terminal.cxx:1119:5: error: missing terminating " character
     "\033[48;2;248;0;0m.\033[48;2;249;0;0m.\033[48;2;250;0;0m.\033[48;2;251;0;0m.\033[48;2;252;0;0m.\033[48;2;253;0;0m.\
033[48;2;25
     ^~~~~~~~~~~~~~~~~~~~~~~~~~~~~~~~~~~~~~~~~~~~~~~~~~~~~~~~~~~~~~~~~~~~~~~~~~~~~~~~~~~~~~~~~~~~~~~~~~~~~~~~~~~~~~~~~~~~
~~~~~~~~~~~
C:\fltk\fltk\build\test\terminal.cxx:1123:5: warning: missing terminating " character
     "\033[48;2;0;0;0m.\033[48;2;0;1;0m.\033[48;2;0;2;0m.\033[48;2;0;3;0m.\033[48;2;0;4;0m.\033[48;2;0;5;0m.\033[48;2;0;6
;0m.\033[48
     ^
C:\fltk\fltk\build\test\terminal.cxx:1123:5: error: missing terminating " character
     "\033[48;2;0;0;0m.\033[48;2;0;1;0m.\033[48;2;0;2;0m.\033[48;2;0;3;0m.\033[48;2;0;4;0m.\033[48;2;0;5;0m.\033[48;2;0;6
;0m.\033[48
     ^~~~~~~~~~~~~~~~~~~~~~~~~~~~~~~~~~~~~~~~~~~~~~~~~~~~~~~~~~~~~~~~~~~~~~~~~~~~~~~~~~~~~~~~~~~~~~~~~~~~~~~~~~~~~~~~~~~~
~~~~~~~~~~~
C:\fltk\fltk\build\test\terminal.cxx:1124:5: warning: missing terminating " character
     "\033[48;2;0;8;0m.\033[48;2;0;9;0m.\033[48;2;0;10;0m.\033[48;2;0;11;0m.\033[48;2;0;12;0m.\033[48;2;0;13;0m.\033[48;2
;0;14;0m.\0
     ^
C:\fltk\fltk\build\test\terminal.cxx:1124:5: error: missing terminating " character
     "\033[48;2;0;8;0m.\033[48;2;0;9;0m.\033[48;2;0;10;0m.\033[48;2;0;11;0m.\033[48;2;0;12;0m.\033[48;2;0;13;0m.\033[48;2
;0;14;0m.\0
     ^~~~~~~~~~~~~~~~~~~~~~~~~~~~~~~~~~~~~~~~~~~~~~~~~~~~~~~~~~~~~~~~~~~~~~~~~~~~~~~~~~~~~~~~~~~~~~~~~~~~~~~~~~~~~~~~~~~~
~~~~~~~~~~~
C:\fltk\fltk\build\test\terminal.cxx:1125:5: warning: missing terminating " character
     "\033[48;2;0;16;0m.\033[48;2;0;17;0m.\033[48;2;0;18;0m.\033[48;2;0;19;0m.\033[48;2;0;20;0m.\033[48;2;0;21;0m.\033[48
;2;0;22;0m.
     ^
C:\fltk\fltk\build\test\terminal.cxx:1125:5: error: missing terminating " character
     "\033[48;2;0;16;0m.\033[48;2;0;17;0m.\033[48;2;0;18;0m.\033[48;2;0;19;0m.\033[48;2;0;20;0m.\033[48;2;0;21;0m.\033[48
;2;0;22;0m.
     ^~~~~~~~~~~~~~~~~~~~~~~~~~~~~~~~~~~~~~~~~~~~~~~~~~~~~~~~~~~~~~~~~~~~~~~~~~~~~~~~~~~~~~~~~~~~~~~~~~~~~~~~~~~~~~~~~~~~
~~~~~~~~~~~
C:\fltk\fltk\build\test\terminal.cxx:1126:5: warning: missing terminating " character
     "\033[48;2;0;24;0m.\033[48;2;0;25;0m.\033[48;2;0;26;0m.\033[48;2;0;27;0m.\033[48;2;0;28;0m.\033[48;2;0;29;0m.\033[48
;2;0;30;0m.
     ^
C:\fltk\fltk\build\test\terminal.cxx:1126:5: error: missing terminating " character
     "\033[48;2;0;24;0m.\033[48;2;0;25;0m.\033[48;2;0;26;0m.\033[48;2;0;27;0m.\033[48;2;0;28;0m.\033[48;2;0;29;0m.\033[48
;2;0;30;0m.
     ^~~~~~~~~~~~~~~~~~~~~~~~~~~~~~~~~~~~~~~~~~~~~~~~~~~~~~~~~~~~~~~~~~~~~~~~~~~~~~~~~~~~~~~~~~~~~~~~~~~~~~~~~~~~~~~~~~~~
~~~~~~~~~~~
C:\fltk\fltk\build\test\terminal.cxx:1127:5: warning: missing terminating " character
     C:\cmake\3.28.1\x86_64\bin\cmake.exe -E rm -f CMakeFiles\tabs.dir/objects.a
"\033[48;2;0;32;0m.\033[48;2;0;33;0m.\033[48;2;0;34;0m.\033[48;2;0;35;0m.\033[48;2;0;36;0m.\033[48;2;0;37;0m.\033[48;2;0;
38;0m.
     ^
C:\fltk\fltk\build\test\terminal.cxx:1127:5: error: missing terminating " character
     "\033[48;2;0;32;0m.\033[48;2;0;33;0m.\033[48;2;0;34;0m.\033[48;2;0;35;0m.\033[48;2;0;36;0m.\033[48;2;0;37;0m.\033[48
;2;0;38;0m.
     ^~~~~~~~~~~~~~~~~~~~~~~~~~~~~~~~~~~~~~~~~~~~~~~~~~~~~~~~~~~~~~~~~~~~~~~~~~~~~~~~~~~~~~~~~~~~~~~~~~~~~~~~~~~~~~~~~~~~
~~~~~~~~~~~
C:\fltk\fltk\build\test\terminal.cxx:1128:5: warning: missing terminating " character
     "\033[48;2;0;40;0m.\033[48;2;0;41;0m.\033[48;2;0;42;0m.\033[48;2;0;43;0m.\033[48;2;0;44;0m.\033[48;2;0;45;0m.\033[48
;2;0;46;0m.
     ^
C:\fltk\fltk\build\test\terminal.cxx:1128:5: error: missing terminating " character
     "\033[48;2;0;40;0m.\033[48;2;0;41;0m.\033[48;2;0;42;0m.\033[48;2;0;43;0m.\033[48;2;0;44;0m.\033[48;2;0;45;0m.\033[48
;2;0;46;0m.
     ^~~~~~~~~~~~~~~~~~~~~~~~~~~~~~~~~~~~~~~~~~~~~~~~~~~~~~~~~~~~~~~~~~~~~~~~~~~~~~~~~~~~~~~~~~~~~~~~~~~~~~~~~~~~~~~~~~~~
~~~~~~~~~~~
C:\fltk\fltk\build\test\terminal.cxx:1129:5: warning: missing terminating " character
     "\033[48;2;0;48;0m.\033[48;2;0;49;0m.\033[48;2;0;50;0m.\033[48;2;0;51;0m.\033[48;2;0;52;0m.\033[48;2;0;53;0m.\033[48
;2;0;54;0m.
     ^
C:\fltk\fltk\build\test\terminal.cxx:1129:5: error: missing terminating " character
     "\033[48;2;0;48;0m.\033[48;2;0;49;0m.\033[48;2;0;50;0m.\033[48;2;0;51;0m.\033[48;2;0;52;0m.\033[48;2;0;53;0m.\033[48
;2;0;54;0m.
     ^~~~~~~~~~~~~~~~~~~~~~~~~~~~~~~~~~~~~~~~~~~~~~~~~~~~~~~~~~~~~~~~~~~~~~~~~~~~~~~~~~~~~~~~~~~~~~~~~~~~~~~~~~~~~~~~~~~~
~~~~~~~~~~~
C:\fltk\fltk\build\test\terminal.cxx:1130:5: warning: missing terminating " character
     "\033[48;2;0;56;0m.\033[48;2;0;57;0m.\033[48;2;0;58;0m.\033[48;2;0;59;0m.\033[48;2;0;60;0m.\033[48;2;0;61;0m.\033[48
;2;0;62;0m.
     ^
C:\fltk\fltk\build\test\terminal.cxx:1130:5: error: missing terminating " character
     "\033[48;2;0;56;0m.\033[48;2;0;57;0m.\033[48;2;0;58;0m.\033[48;2;0;59;0m.\033[48;2;0;60;0m.\033[48;2;0;61;0m.\033[48
;2;0;62;0m.
     ^~~~~~~~~~~~~~~~~~~~~~~~~~~~~~~~~~~~~~~~~~~~~~~~~~~~~~~~~~~~~~~~~~~~~~~~~~~~~~~~~~~~~~~~~~~~~~~~~~~~~~~~~~~~~~~~~~~~
~~~~~~~~~~~
C:\fltk\fltk\build\test\terminal.cxx:1131:5: warning: missing terminating " character
     "\033[48;2;0;64;0m.\033[48;2;0;65;0m.\033[48;2;0;66;0m.\033[48;2;0;67;0m.\033[48;2;0;68;0m.\033[48;2;0;69;0m.\033[48
;2;0;70;0m.
     ^
C:\fltk\fltk\build\test\terminal.cxx:1131:5: error: missing terminating " character
     "\033[48;2;0;64;0m.\033[48;2;0;65;0m.\033[48;2;0;66;0m.\033[48;2;0;67;0m.\033[48;2;0;68;0m.\033[48;2;0;69;0m.\033[48
;2;0;70;0m.
     ^~~~~~~~~~~~~~~~~~~~~~~~~~~~~~~~~~~~~~~~~~~~~~~~~~~~~~~~~~~~~~~~~~~~~~~~~~~~~~~~~~~~~~~~~~~~~~~~~~~~~~~~~~~~~~~~~~~~
~~~~~~~~~~~
C:\fltk\fltk\build\test\terminal.cxx:1132:5: warning: missing terminating " character
     "\033[48;2;0;72;0m.\033[48;2;0;73;0m.\033[48;2;0;74;0m.\033[48;2;0;75;0m.\033[48;2;0;76;0m.\033[48;2;0;77;0m.\033[48
;2;0;78;0m.
     ^
C:\fltk\fltk\build\test\terminal.cxx:1132:5: error: missing terminating " character
     "\033[48;2;0;72;0m.\033[48;2;0;73;0m.\033[48;2;0;74;0m.\033[48;2;0;75;0m.\033[48;2;0;76;0m.\033[48;2;0;77;0m.\033[48
;2;0;78;0m.
     ^~~~~~~~~~~~~~~~~~~~~~~~~~~~~~~~~~~~~~~~~~~~~~~~~~~~~~~~~~~~~~~~~~~~~~~~~~~~~~~~~~~~~~~~~~~~~~~~~~~~~~~~~~~~~~~~~~~~
~~~~~~~~~~~
C:\fltk\fltk\build\test\terminal.cxx:1133:5: warning: missing terminating " character
     "C:\mingw32-8\bin\ar.exe qc CMakeFiles\tabs.dir/objects.a @CMakeFiles\tabs.dir\objects1.rsp
\033[48;2;0;80;0m.\033[48;2;0;81;0m.\033[48;2;0;82;0m.\033[48;2;0;83;0m.\033[48;2;0;84;0m.\033[48;2;0;85;0m.\033[48;2;0;8
6;0m.
     ^
C:\fltk\fltk\build\test\terminal.cxx:1133:5: error: missing terminating " character
     "\033[48;2;0;80;0m.\033[48;2;0;81;0m.\033[48;2;0;82;0m.\033[48;2;0;83;0m.\033[48;2;0;84;0m.\033[48;2;0;85;0m.\033[48
;2;0;86;0m.
     ^~~~~~~~~~~~~~~~~~~~~~~~~~~~~~~~~~~~~~~~~~~~~~~~~~~~~~~~~~~~~~~~~~~~~~~~~~~~~~~~~~~~~~~~~~~~~~~~~~~~~~~~~~~~~~~~~~~~
~~~~~~~~~~~
C:\fltk\fltk\build\test\terminal.cxx:1134:5: warning: missing terminating " character
     "\033[48;2;0;88;0m.\033[48;2;0;89;0m.\033[48;2;0;90;0m.\033[48;2;0;91;0m.\033[48;2;0;92;0m.\033[48;2;0;93;0m.\033[48
;2;0;94;0m.
     ^
C:\fltk\fltk\build\test\terminal.cxx:1134:5: error: missing terminating " character
     "\033[48;2;0;88;0m.\033[48;2;0;89;0m.\033[48;2;0;90;0m.\033[48;2;0;91;0m.\033[48;2;0;92;0m.\033[48;2;0;93;0m.\033[48
;2;0;94;0m.
     ^~~~~~~~~~~~~~~~~~~~~~~~~~~~~~~~~~~~~~~~~~~~~~~~~~~~~~~~~~~~~~~~~~~~~~~~~~~~~~~~~~~~~~~~~~~~~~~~~~~~~~~~~~~~~~~~~~~~
~~~~~~~~~~~
C:\fltk\fltk\build\test\terminal.cxx:1136:5: warning: missing terminating " character
     "\033[48;2;0;96;0m.\033[48;2;0;97;0m.\033[48;2;0;98;0m.\033[48;2;0;99;0m.\033[48;2;0;100;0m.\033[48;2;0;101;0m.\033[
48;2;0;102;
     ^
C:\fltk\fltk\build\test\terminal.cxx:1136:5: error: missing terminating " character
     "\033[48;2;0;96;0m.\033[48;2;0;97;0m.\033[48;2;0;98;0m.\033[48;2;0;99;0m.\033[48;2;0;100;0m.\033[48;2;0;101;0m.\033[
48;2;0;102;
     ^~~~~~~~~~~~~~~~~~~~~~~~~~~~~~~~~~~~~~~~~~~~~~~~~~~~~~~~~~~~~~~~~~~~~~~~~~~~~~~~~~~~~~~~~~~~~~~~~~~~~~~~~~~~~~~~~~~~
~~~~~~~~~~~
C:\fltk\fltk\build\test\terminal.cxx:1137:5: warning: missing terminating " character
     "\033[48;2;0;104;0m.\033[48;2;0;105;0m.\033[48;2;0;106;0m.\033[48;2;0;107;0m.\033[48;2;0;108;0m.\033[48;2;0;109;0m.\
033[48;2;0;
     ^
C:\fltk\fltk\build\test\terminal.cxx:1137:5: error: missing terminating " character
     "\033[48;2;0;104;0m.\033[48;2;0;105;0m.\033[48;2;0;106;0m.\033[48;2;0;107;0m.\033[48;2;0;108;0m.\033[48;2;0;109;0m.\
033[48;2;0;
     ^~~~~~~~~~~~~~~~~~~~~~~~~~~~~~~~~~~~~~~~~~~~~~~~~~~~~~~~~~~~~~~~~~~~~~~~~~~~~~~~~~~~~~~~~~~~~~~~~~~~~~~~~~~~~~~~~~~~
~~~~~~~~~~~
C:\fltk\fltk\build\test\terminal.cxx:1138:5: warning: missing terminating " character
     "\033[48;2;0;112;0m.\033[48;2;0;113;0m.\033[48;2;0;114;0m.\033[48;2;0;115;0m.\033[48;2;0;116;0m.\033[48;2;0;117;0m.\
033[48;2;0;
     ^
C:\fltk\fltk\build\test\terminal.cxx:1138:5: error: missing terminating " character
     "\033[48;2;0;112;0m.\033[48;2;0;113;0m.\033[48;2;0;114;0m.\033[48;2;0;115;0m.\033[48;2;0;116;0m.\033[48;2;0;117;0m.\
033[48;2;0;
     ^~~~~~~~~~~~~~~~~~~~~~~~~~~~~~~~~~~~~~~~~~~~~~~~~~~~~~~~~~~~~~~~~~~~~~~~~~~~~~~~~~~~~~~~~~~~~~~~~~~~~~~~~~~~~~~~~~~~
~~~~~~~~~~~C:\mingw32-8\bin\c++.exe -g -mwindows -Wl,--whole-archive CMakeFiles\tabs.dir/objects.a -Wl,--no-whole-archive
 -o ..\bin\test\tabs.exe -Wl,--out-implib,..\bin\test\libtabs.dll.a -Wl,--major-image-version,0,--minor-image-version,0 @
CMakeFiles\tabs.dir\linkLibs.rsp

C:\fltk\fltk\build\test\terminal.cxx:1139:5: warning: missing terminating " character
     "\033[48;2;0;120;0m.\033[48;2;0;121;0m.\033[48;2;0;122;0m.\033[48;2;0;123;0m.\033[48;2;0;124;0m.\033[48;2;0;125;0m.\
033[48;2;0;
     ^
C:\fltk\fltk\build\test\terminal.cxx:1139:5: error: missing terminating " character
     "\033[48;2;0;120;0m.\033[48;2;0;121;0m.\033[48;2;0;122;0m.\033[48;2;0;123;0m.\033[48;2;0;124;0m.\033[48;2;0;125;0m.\
033[48;2;0;
     ^~~~~~~~~~~~~~~~~~~~~~~~~~~~~~~~~~~~~~~~~~~~~~~~~~~~~~~~~~~~~~~~~~~~~~~~~~~~~~~~~~~~~~~~~~~~~~~~~~~~~~~~~~~~~~~~~~~~
~~~~~~~~~~~
C:\fltk\fltk\build\test\terminal.cxx:1140:5: warning: missing terminating " character
     "\033[48;2;0;128;0m.\033[48;2;0;129;0m.\033[48;2;0;130;0m.\033[48;2;0;131;0m.\033[48;2;0;132;0m.\033[48;2;0;133;0m.\
033[48;2;0;
     ^
C:\fltk\fltk\build\test\terminal.cxx:1140:5: error: missing terminating " character
     "\033[48;2;0;128;0m.\033[48;2;0;129;0m.\033[48;2;0;130;0m.\033[48;2;0;131;0m.\033[48;2;0;132;0m.\033[48;2;0;133;0m.\
033[48;2;0;
     ^~~~~~~~~~~~~~~~~~~~~~~~~~~~~~~~~~~~~~~~~~~~~~~~~~~~~~~~~~~~~~~~~~~~~~~~~~~~~~~~~~~~~~~~~~~~~~~~~~~~~~~~~~~~~~~~~~~~
~~~~~~~~~~~
C:\fltk\fltk\build\test\terminal.cxx:1141:5: warning: missing terminating " character
     "\033[48;2;0;136;0m.\033[48;2;0;137;0m.\033[48;2;0;138;0m.\033[48;2;0;139;0m.\033[48;2;0;140;0m.\033[48;2;0;141;0m.\
033[48;2;0;
     ^
C:\fltk\fltk\build\test\terminal.cxx:1141:5: error: missing terminating " character
     "\033[48;2;0;136;0m.\033[48;2;0;137;0m.\033[48;2;0;138;0m.\033[48;2;0;139;0m.\033[48;2;0;140;0m.\033[48;2;0;141;0m.\
033[48;2;0;
     ^~~~~~~~~~~~~~~~~~~~~~~~~~~~~~~~~~~~~~~~~~~~~~~~~~~~~~~~~~~~~~~~~~~~~~~~~~~~~~~~~~~~~~~~~~~~~~~~~~~~~~~~~~~~~~~~~~~~
~~~~~~~~~~~
C:\fltk\fltk\build\test\terminal.cxx:1142:5: warning: missing terminating " character
     "\033[48;2;0;144;0m.\033[48;2;0;145;0m.\033[48;2;0;146;0m.\033[48;2;0;147;0m.\033[48;2;0;148;0m.\033[48;2;0;149;0m.\
033[48;2;0;
     ^
C:\fltk\fltk\build\test\terminal.cxx:1142:5: error: missing terminating " character
     "\033[48;2;0;144;0m.\033[48;2;0;145;0m.\033[48;2;0;146;0m.\033[48;2;0;147;0m.\033[48;2;0;148;0m.\033[48;2;0;149;0m.\
033[48;2;0;
     ^~~~~~~~~~~~~~~~~~~~~~~~~~~~~~~~~~~~~~~~~~~~~~~~~~~~~~~~~~~~~~~~~~~~~~~~~~~~~~~~~~~~~~~~~~~~~~~~~~~~~~~~~~~~~~~~~~~~
~~~~~~~~~~~
C:\fltk\fltk\build\test\terminal.cxx:1143:5: warning: missing terminating " character
     "\033[48;2;0;152;0m.\033[48;2;0;153;0m.\033[48;2;0;154;0m.\033[48;2;0;155;0m.\033[48;2;0;156;0m.\033[48;2;0;157;0m.\
033[48;2;0;
     ^
C:\fltk\fltk\build\test\terminal.cxx:1143:5: error: missing terminating " character
     "\033[48;2;0;152;0m.\033[48;2;0;153;0m.\033[48;2;0;154;0m.\033[48;2;0;155;0m.\033[48;2;0;156;0m.\033[48;2;0;157;0m.\
033[48;2;0;
     ^~~~~~~~~~~~~~~~~~~~~~~~~~~~~~~~~~~~~~~~~~~~~~~~~~~~~~~~~~~~~~~~~~~~~~~~~~~~~~~~~~~~~~~~~~~~~~~~~~~~~~~~~~~~~~~~~~~~
~~~~~~~~~~~
C:\fltk\fltk\build\test\terminal.cxx:1144:5: warning: missing terminating " character
     "\033[48;2;0;160;0m.\033[48;2;0;161;0m.\033[48;2;0;162;0m.\033[48;2;0;163;0m.\033[48;2;0;164;0m.\033[48;2;0;165;0m.\
033[48;2;0;
     ^
C:\fltk\fltk\build\test\terminal.cxx:1144:5: error: missing terminating " character
     "\033[48;2;0;160;0m.\033[48;2;0;161;0m.\033[48;2;0;162;0m.\033[48;2;0;163;0m.\033[48;2;0;164;0m.\033[48;2;0;165;0m.\
033[48;2;0;
     ^~~~~~~~~~~~~~~~~~~~~~~~~~~~~~~~~~~~~~~~~~~~~~~~~~~~~~~~~~~~~~~~~~~~~~~~~~~~~~~~~~~~~~~~~~~~~~~~~~~~~~~~~~~~~~~~~~~~
~~~~~~~~~~~
C:\fltk\fltk\build\test\terminal.cxx:1145:5: warning: missing terminating " character
     "\033[48;2;0;168;0m.\033[48;2;0;169;0m.\033[48;2;0;170;0m.\033[48;2;0;171;0m.\033[48;2;0;172;0m.\033[48;2;0;173;0m.\
033[48;2;0;
     ^
C:\fltk\fltk\build\test\terminal.cxx:1145:5: error: missing terminating " character
     "\033[48;2;0;168;0m.\033[48;2;0;169;0m.\033[48;2;0;170;0m.\033[48;2;0;171;0m.\033[48;2;0;172;0m.\033[48;2;0;173;0m.\
033[48;2;0;
     ^~~~~~~~~~~~~~~~~~~~~~~~~~~~~~~~~~~~~~~~~~~~~~~~~~~~~~~~~~~~~~~~~~~~~~~~~~~~~~~~~~~~~~~~~~~~~~~~~~~~~~~~~~~~~~~~~~~~
~~~~~~~~~~~
C:\fltk\fltk\build\test\terminal.cxx:1146:5: warning: missing terminating " character
     "\033[48;2;0;176;0m.\033[48;2;0;177;0m.\033[48;2;0;178;0m.\033[48;2;0;179;0m.\033[48;2;0;180;0m.\033[48;2;0;181;0m.\
033[48;2;0;
     ^
C:\fltk\fltk\build\test\terminal.cxx:1146:5: error: missing terminating " character
     "\033[48;2;0;176;0m.\033[48;2;0;177;0m.\033[48;2;0;178;0m.\033[48;2;0;179;0m.\033[48;2;0;180;0m.\033[48;2;0;181;0m.\
033[48;2;0;
     ^~~~~~~~~~~~~~~~~~~~~~~~~~~~~~~~~~~~~~~~~~~~~~~~~~~~~~~~~~~~~~~~~~~~~~~~~~~~~~~~~~~~~~~~~~~~~~~~~~~~~~~~~~~~~~~~~~~~
~~~~~~~~~~~
C:\fltk\fltk\build\test\terminal.cxx:1147:5: warning: missing terminating " character
     "\033[48;2;0;184;0m.\033[48;2;0;185;0m.\033[48;2;0;186;0m.\033[48;2;0;187;0m.\033[48;2;0;188;0m.\033[48;2;0;189;0m.\
033[48;2;0;
     ^
C:\fltk\fltk\build\test\terminal.cxx:1147:5: error: missing terminating " character
     "\033[48;2;0;184;0m.\033[48;2;0;185;0m.\033[48;2;0;186;0m.\033[48;2;0;187;0m.\033[48;2;0;188;0m.\033[48;2;0;189;0m.\
033[48;2;0;
     ^~~~~~~~~~~~~~~~~~~~~~~~~~~~~~~~~~~~~~~~~~~~~~~~~~~~~~~~~~~~~~~~~~~~~~~~~~~~~~~~~~~~~~~~~~~~~~~~~~~~~~~~~~~~~~~~~~~~
~~~~~~~~~~~
C:\fltk\fltk\build\test\terminal.cxx:1149:5: warning: missing terminating " character
     "\033[48;2;0;192;0m.\033[48;2;0;193;0m.\033[48;2;0;194;0m.\033[48;2;0;195;0m.\033[48;2;0;196;0m.\033[48;2;0;197;0m.\
033[48;2;0;
     ^
C:\fltk\fltk\build\test\terminal.cxx:1149:5: error: missing terminating " character
     "\033[48;2;0;192;0m.\033[48;2;0;193;0m.\033[48;2;0;194;0m.\033[48;2;0;195;0m.\033[48;2;0;196;0m.\033[48;2;0;197;0m.\
033[48;2;0;
     ^~~~~~~~~~~~~~~~~~~~~~~~~~~~~~~~~~~~~~~~~~~~~~~~~~~~~~~~~~~~~~~~~~~~~~~~~~~~~~~~~~~~~~~~~~~~~~~~~~~~~~~~~~~~~~~~~~~~
~~~~~~~~~~~
C:\fltk\fltk\build\test\terminal.cxx:1150:5: warning: missing terminating " character
     "\033[48;2;0;200;0m.\033[48;2;0;201;0m.\033[48;2;0;202;0m.\033[48;2;0;203;0m.\033[48;2;0;204;0m.\033[48;2;0;205;0m.\
033[48;2;0;
     ^
C:\fltk\fltk\build\test\terminal.cxx:1150:5: error: missing terminating " character
     "\033[48;2;0;200;0m.\033[48;2;0;201;0m.\033[48;2;0;202;0m.\033[48;2;0;203;0m.\033[48;2;0;204;0m.\033[48;2;0;205;0m.\
033[48;2;0;
     ^~~~~~~~~~~~~~~~~~~~~~~~~~~~~~~~~~~~~~~~~~~~~~~~~~~~~~~~~~~~~~~~~~~~~~~~~~~~~~~~~~~~~~~~~~~~~~~~~~~~~~~~~~~~~~~~~~~~
~~~~~~~~~~~
C:\fltk\fltk\build\test\terminal.cxx:1151:5: warning: missing terminating " character
     "\033[48;2;0;208;0m.\033[48;2;0;209;0m.\033[48;2;0;210;0m.\033[48;2;0;211;0m.\033[48;2;0;212;0m.\033[48;2;0;213;0m.\
033[48;2;0;
     ^
C:\fltk\fltk\build\test\terminal.cxx:1151:5: error: missing terminating " character
     "\033[48;2;0;208;0m.\033[48;2;0;209;0m.\033[48;2;0;210;0m.\033[48;2;0;211;0m.\033[48;2;0;212;0m.\033[48;2;0;213;0m.\
033[48;2;0;
     ^~~~~~~~~~~~~~~~~~~~~~~~~~~~~~~~~~~~~~~~~~~~~~~~~~~~~~~~~~~~~~~~~~~~~~~~~~~~~~~~~~~~~~~~~~~~~~~~~~~~~~~~~~~~~~~~~~~~
~~~~~~~~~~~
C:\fltk\fltk\build\test\terminal.cxx:1152:5: warning: missing terminating " character
     "\033[48;2;0;216;0m.\033[48;2;0;217;0m.\033[48;2;0;218;0m.\033[48;2;0;219;0m.\033[48;2;0;220;0m.\033[48;2;0;221;0m.\
033[48;2;0;
     ^
C:\fltk\fltk\build\test\terminal.cxx:1152:5: error: missing terminating " character
     "\033[48;2;0;216;0m.\033[48;2;0;217;0m.\033[48;2;0;218;0m.\033[48;2;0;219;0m.\033[48;2;0;220;0m.\033[48;2;0;221;0m.\
033[48;2;0;
     ^~~~~~~~~~~~~~~~~~~~~~~~~~~~~~~~~~~~~~~~~~~~~~~~~~~~~~~~~~~~~~~~~~~~~~~~~~~~~~~~~~~~~~~~~~~~~~~~~~~~~~~~~~~~~~~~~~~~
~~~~~~~~~~~
C:\fltk\fltk\build\test\terminal.cxx:1153:5: warning: missing terminating " character
     "\033[48;2;0;224;0m.\033[48;2;0;225;0m.\033[48;2;0;226;0m.\033[48;2;0;227;0m.\033[48;2;0;228;0m.\033[48;2;0;229;0m.\
033[48;2;0;
     ^
C:\fltk\fltk\build\test\terminal.cxx:1153:5: error: missing terminating " character
     "\033[48;2;0;224;0m.\033[48;2;0;225;0m.\033[48;2;0;226;0m.\033[48;2;0;227;0m.\033[48;2;0;228;0m.\033[48;2;0;229;0m.\
033[48;2;0;
     ^~~~~~~~~~~~~~~~~~~~~~~~~~~~~~~~~~~~~~~~~~~~~~~~~~~~~~~~~~~~~~~~~~~~~~~~~~~~~~~~~~~~~~~~~~~~~~~~~~~~~~~~~~~~~~~~~~~~
~~~~~~~~~~~
C:\fltk\fltk\build\test\terminal.cxx:1154:5: warning: missing terminating " character
     "\033[48;2;0;232;0m.\033[48;2;0;233;0m.\033[48;2;0;234;0m.\033[48;2;0;235;0m.\033[48;2;0;236;0m.\033[48;2;0;237;0m.\
033[48;2;0;
     ^
C:\fltk\fltk\build\test\terminal.cxx:1154:5: error: missing terminating " character
     "\033[48;2;0;232;0m.\033[48;2;0;233;0m.\033[48;2;0;234;0m.\033[48;2;0;235;0m.\033[48;2;0;236;0m.\033[48;2;0;237;0m.\
033[48;2;0;
     ^~~~~~~~~~~~~~~~~~~~~~~~~~~~~~~~~~~~~~~~~~~~~~~~~~~~~~~~~~~~~~~~~~~~~~~~~~~~~~~~~~~~~~~~~~~~~~~~~~~~~~~~~~~~~~~~~~~~
~~~~~~~~~~~
C:\fltk\fltk\build\test\terminal.cxx:1155:5: warning: missing terminating " character
     "\033[48;2;0;240;0m.\033[48;2;0;241;0m.\033[48;2;0;242;0m.\033[48;2;0;243;0m.\033[48;2;0;244;0m.\033[48;2;0;245;0m.\
033[48;2;0;
     ^
C:\fltk\fltk\build\test\terminal.cxx:1155:5: error: missing terminating " character
     "\033[48;2;0;240;0m.\033[48;2;0;241;0m.\033[48;2;0;242;0m.\033[48;2;0;243;0m.\033[48;2;0;244;0m.\033[48;2;0;245;0m.\
033[48;2;0;
     ^~~~~~~~~~~~~~~~~~~~~~~~~~~~~~~~~~~~~~~~~~~~~~~~~~~~~~~~~~~~~~~~~~~~~~~~~~~~~~~~~~~~~~~~~~~~~~~~~~~~~~~~~~~~~~~~~~~~
~~~~~~~~~~~
C:\fltk\fltk\build\test\terminal.cxx:1156:5: warning: missing terminating " character
     "\033[48;2;0;248;0m.\033[48;2;0;249;0m.\033[48;2;0;250;0m.\033[48;2;0;251;0m.\033[48;2;0;252;0m.\033[48;2;0;253;0m.\
033[48;2;0;
     ^
C:\fltk\fltk\build\test\terminal.cxx:1156:5: error: missing terminating " character
     "\033[48;2;0;248;0m.\033[48;2;0;249;0m.\033[48;2;0;250;0m.\033[48;2;0;251;0m.\033[48;2;0;252;0m.\033[48;2;0;253;0m.\
033[48;2;0;
     ^~~~~~~~~~~~~~~~~~~~~~~~~~~~~~~~~~~~~~~~~~~~~~~~~~~~~~~~~~~~~~~~~~~~~~~~~~~~~~~~~~~~~~~~~~~~~~~~~~~~~~~~~~~~~~~~~~~~
~~~~~~~~~~~
C:\fltk\fltk\build\test\terminal.cxx:1160:5: warning: missing terminating " character
     "\033[48;2;0;0;0m.\033[48;2;0;0;1m.\033[48;2;0;0;2m.\033[48;2;0;0;3m.\033[48;2;0;0;4m.\033[48;2;0;0;5m.\033[48;2;0;0
;6m.\033[48
     ^
C:\fltk\fltk\build\test\terminal.cxx:1160:5: error: missing terminating " character
     "\033[48;2;0;0;0m.\033[48;2;0;0;1m.\033[48;2;0;0;2m.\033[48;2;0;0;3m.\033[48;2;0;0;4m.\033[48;2;0;0;5m.\033[48;2;0;0
;6m.\033[48
     ^~~~~~~~~~~~~~~~~~~~~~~~~~~~~~~~~~~~~~~~~~~~~~~~~~~~~~~~~~~~~~~~~~~~~~~~~~~~~~~~~~~~~~~~~~~~~~~~~~~~~~~~~~~~~~~~~~~~
~~~~~~~~~~~
C:\fltk\fltk\build\test\terminal.cxx:1161:5: warning: missing terminating " character
     "\033[48;2;0;0;8m.\033[48;2;0;0;9m.\033[48;2;0;0;10m.\033[48;2;0;0;11m.\033[48;2;0;0;12m.\033[48;2;0;0;13m.\033[48;2
;0;0;14m.\0
     ^
C:\fltk\fltk\build\test\terminal.cxx:1161:5: error: missing terminating " character
     "\033[48;2;0;0;8m.\033[48;2;0;0;9m.\033[48;2;0;0;10m.\033[48;2;0;0;11m.\033[48;2;0;0;12m.\033[48;2;0;0;13m.\033[48;2
;0;0;14m.\0
     ^~~~~~~~~~~~~~~~~~~~~~~~~~~~~~~~~~~~~~~~~~~~~~~~~~~~~~~~~~~~~~~~~~~~~~~~~~~~~~~~~~~~~~~~~~~~~~~~~~~~~~~~~~~~~~~~~~~~
~~~~~~~~~~~
C:\fltk\fltk\build\test\terminal.cxx:1162:5: warning: missing terminating " character
     "\033[48;2;0;0;16m.\033[48;2;0;0;17m.\033[48;2;0;0;18m.\033[48;2;0;0;19m.\033[48;2;0;0;20m.\033[48;2;0;0;21m.\033[48
;2;0;0;22m.
     ^
C:\fltk\fltk\build\test\terminal.cxx:1162:5: error: missing terminating " character
     "\033[48;2;0;0;16m.\033[48;2;0;0;17m.\033[48;2;0;0;18m.\033[48;2;0;0;19m.\033[48;2;0;0;20m.\033[48;2;0;0;21m.\033[48
;2;0;0;22m.
     ^~~~~~~~~~~~~~~~~~~~~~~~~~~~~~~~~~~~~~~~~~~~~~~~~~~~~~~~~~~~~~~~~~~~~~~~~~~~~~~~~~~~~~~~~~~~~~~~~~~~~~~~~~~~~~~~~~~~
~~~~~~~~~~~
C:\fltk\fltk\build\test\terminal.cxx:1163:5: warning: missing terminating " character
     "\033[48;2;0;0;24m.\033[48;2;0;0;25m.\033[48;2;0;0;26m.\033[48;2;0;0;27m.\033[48;2;0;0;28m.\033[48;2;0;0;29m.\033[48
;2;0;0;30m.
     ^
C:\fltk\fltk\build\test\terminal.cxx:1163:5: error: missing terminating " character
     "\033[48;2;0;0;24m.\033[48;2;0;0;25m.\033[48;2;0;0;26m.\033[48;2;0;0;27m.\033[48;2;0;0;28m.\033[48;2;0;0;29m.\033[48
;2;0;0;30m.
     ^~~~~~~~~~~~~~~~~~~~~~~~~~~~~~~~~~~~~~~~~~~~~~~~~~~~~~~~~~~~~~~~~~~~~~~~~~~~~~~~~~~~~~~~~~~~~~~~~~~~~~~~~~~~~~~~~~~~
~~~~~~~~~~~
C:\fltk\fltk\build\test\terminal.cxx:1164:5: warning: missing terminating " character
     "\033[48;2;0;0;32m.\033[48;2;0;0;33m.\033[48;2;0;0;34m.\033[48;2;0;0;35m.\033[48;2;0;0;36m.\033[48;2;0;0;37m.\033[48
;2;0;0;38m.
     ^
C:\fltk\fltk\build\test\terminal.cxx:1164:5: error: missing terminating " character
     "\033[48;2;0;0;32m.\033[48;2;0;0;33m.\033[48;2;0;0;34m.\033[48;2;0;0;35m.\033[48;2;0;0;36m.\033[48;2;0;0;37m.\033[48
;2;0;0;38m.
     ^~~~~~~~~~~~~~~~~~~~~~~~~~~~~~~~~~~~~~~~~~~~~~~~~~~~~~~~~~~~~~~~~~~~~~~~~~~~~~~~~~~~~~~~~~~~~~~~~~~~~~~~~~~~~~~~~~~~
~~~~~~~~~~~
C:\fltk\fltk\build\test\terminal.cxx:1165:5: warning: missing terminating " character
     "\033[48;2;0;0;40m.\033[48;2;0;0;41m.\033[48;2;0;0;42m.\033[48;2;0;0;43m.\033[48;2;0;0;44m.\033[48;2;0;0;45m.\033[48
;2;0;0;46m.
     ^
C:\fltk\fltk\build\test\terminal.cxx:1165:5: error: missing terminating " character
     "\033[48;2;0;0;40m.\033[48;2;0;0;41m.\033[48;2;0;0;42m.\033[48;2;0;0;43m.\033[48;2;0;0;44m.\033[48;2;0;0;45m.\033[48
;2;0;0;46m.
     ^~~~~~~~~~~~~~~~~~~~~~~~~~~~~~~~~~~~~~~~~~~~~~~~~~~~~~~~~~~~~~~~~~~~~~~~~~~~~~~~~~~~~~~~~~~~~~~~~~~~~~~~~~~~~~~~~~~~
~~~~~~~~~~~
C:\fltk\fltk\build\test\terminal.cxx:1166:5: warning: missing terminating " character
     "\033[48;2;0;0;48m.\033[48;2;0;0;49m.\033[48;2;0;0;50m.\033[48;2;0;0;51m.\033[48;2;0;0;52m.\033[48;2;0;0;53m.\033[48
;2;0;0;54m.
     ^
C:\fltk\fltk\build\test\terminal.cxx:1166:5: error: missing terminating " character
     "\033[48;2;0;0;48m.\033[48;2;0;0;49m.\033[48;2;0;0;50m.\033[48;2;0;0;51m.\033[48;2;0;0;52m.\033[48;2;0;0;53m.\033[48
;2;0;0;54m.
     ^~~~~~~~~~~~~~~~~~~~~~~~~~~~~~~~~~~~~~~~~~~~~~~~~~~~~~~~~~~~~~~~~~~~~~~~~~~~~~~~~~~~~~~~~~~~~~~~~~~~~~~~~~~~~~~~~~~~
~~~~~~~~~~~
C:\fltk\fltk\build\test\terminal.cxx:1167:5: warning: missing terminating " character
     "\033[48;2;0;0;56m.\033[48;2;0;0;57m.\033[48;2;0;0;58m.\033[48;2;0;0;59m.\033[48;2;0;0;60m.\033[48;2;0;0;61m.\033[48
;2;0;0;62m.
     ^
C:\fltk\fltk\build\test\terminal.cxx:1167:5: error: missing terminating " character
     "\033[48;2;0;0;56m.\033[48;2;0;0;57m.\033[48;2;0;0;58m.\033[48;2;0;0;59m.\033[48;2;0;0;60m.\033[48;2;0;0;61m.\033[48
;2;0;0;62m.
     ^~~~~~~~~~~~~~~~~~~~~~~~~~~~~~~~~~~~~~~~~~~~~~~~~~~~~~~~~~~~~~~~~~~~~~~~~~~~~~~~~~~~~~~~~~~~~~~~~~~~~~~~~~~~~~~~~~~~
~~~~~~~~~~~
C:\fltk\fltk\build\test\terminal.cxx:1168:5: warning: missing terminating " character
     "\033[48;2;0;0;64m.\033[48;2;0;0;65m.\033[48;2;0;0;66m.\033[48;2;0;0;67m.\033[48;2;0;0;68m.\033[48;2;0;0;69m.\033[48
;2;0;0;70m.
     ^
C:\fltk\fltk\build\test\terminal.cxx:1168:5: error: missing terminating " character
     "\033[48;2;0;0;64m.\033[48;2;0;0;65m.\033[48;2;0;0;66m.\033[48;2;0;0;67m.\033[48;2;0;0;68m.\033[48;2;0;0;69m.\033[48
;2;0;0;70m.
     ^~~~~~~~~~~~~~~~~~~~~~~~~~~~~~~~~~~~~~~~~~~~~~~~~~~~~~~~~~~~~~~~~~~~~~~~~~~~~~~~~~~~~~~~~~~~~~~~~~~~~~~~~~~~~~~~~~~~
~~~~~~~~~~~
C:\fltk\fltk\build\test\terminal.cxx:1169:5: warning: missing terminating " character
     "\033[48;2;0;0;72m.\033[48;2;0;0;73m.\033[48;2;0;0;74m.\033[48;2;0;0;75m.\033[48;2;0;0;76m.\033[48;2;0;0;77m.\033[48
;2;0;0;78m.
     ^
C:\fltk\fltk\build\test\terminal.cxx:1169:5: error: missing terminating " character
     "\033[48;2;0;0;72m.\033[48;2;0;0;73m.\033[48;2;0;0;74m.\033[48;2;0;0;75m.\033[48;2;0;0;76m.\033[48;2;0;0;77m.\033[48
;2;0;0;78m.
     ^~~~~~~~~~~~~~~~~~~~~~~~~~~~~~~~~~~~~~~~~~~~~~~~~~~~~~~~~~~~~~~~~~~~~~~~~~~~~~~~~~~~~~~~~~~~~~~~~~~~~~~~~~~~~~~~~~~~
~~~~~~~~~~~
C:\fltk\fltk\build\test\terminal.cxx:1170:5: warning: missing terminating " character
     "\033[48;2;0;0;80m.\033[48;2;0;0;81m.\033[48;2;0;0;82m.\033[48;2;0;0;83m.\033[48;2;0;0;84m.\033[48;2;0;0;85m.\033[48
;2;0;0;86m.
     ^
C:\fltk\fltk\build\test\terminal.cxx:1170:5: error: missing terminating " character
     "\033[48;2;0;0;80m.\033[48;2;0;0;81m.\033[48;2;0;0;82m.\033[48;2;0;0;83m.\033[48;2;0;0;84m.\033[48;2;0;0;85m.\033[48
;2;0;0;86m.
     ^~~~~~~~~~~~~~~~~~~~~~~~~~~~~~~~~~~~~~~~~~~~~~~~~~~~~~~~~~~~~~~~~~~~~~~~~~~~~~~~~~~~~~~~~~~~~~~~~~~~~~~~~~~~~~~~~~~~
~~~~~~~~~~~
C:\fltk\fltk\build\test\terminal.cxx:1171:5: warning: missing terminating " character
     "\033[48;2;0;0;88m.\033[48;2;0;0;89m.\033[48;2;0;0;90m.\033[48;2;0;0;91m.\033[48;2;0;0;92m.\033[48;2;0;0;93m.\033[48
;2;0;0;94m.
     ^
C:\fltk\fltk\build\test\terminal.cxx:1171:5: error: missing terminating " character
     "\033[48;2;0;0;88m.\033[48;2;0;0;89m.\033[48;2;0;0;90m.\033[48;2;0;0;91m.\033[48;2;0;0;92m.\033[48;2;0;0;93m.\033[48
;2;0;0;94m.
     ^~~~~~~~~~~~~~~~~~~~~~~~~~~~~~~~~~~~~~~~~~~~~~~~~~~~~~~~~~~~~~~~~~~~~~~~~~~~~~~~~~~~~~~~~~~~~~~~~~~~~~~~~~~~~~~~~~~~
~~~~~~~~~~~
C:\fltk\fltk\build\test\terminal.cxx:1173:5: warning: missing terminating " character
     "\033[48;2;0;0;96m.\033[48;2;0;0;97m.\033[48;2;0;0;98m.\033[48;2;0;0;99m.\033[48;2;0;0;100m.\033[48;2;0;0;101m.\033[
48;2;0;0;10
     ^
C:\fltk\fltk\build\test\terminal.cxx:1173:5: error: missing terminating " character
     "\033[48;2;0;0;96m.\033[48;2;0;0;97m.\033[48;2;0;0;98m.\033[48;2;0;0;99m.\033[48;2;0;0;100m.\033[48;2;0;0;101m.\033[
48;2;0;0;10
     ^~~~~~~~~~~~~~~~~~~~~~~~~~~~~~~~~~~~~~~~~~~~~~~~~~~~~~~~~~~~~~~~~~~~~~~~~~~~~~~~~~~~~~~~~~~~~~~~~~~~~~~~~~~~~~~~~~~~
~~~~~~~~~~~
C:\fltk\fltk\build\test\terminal.cxx:1174:5: warning: missing terminating " character
     "\033[48;2;0;0;104m.\033[48;2;0;0;105m.\033[48;2;0;0;106m.\033[48;2;0;0;107m.\033[48;2;0;0;108m.\033[48;2;0;0;109m.\
033[48;2;0;
     ^
C:\fltk\fltk\build\test\terminal.cxx:1174:5: error: missing terminating " character
     "\033[48;2;0;0;104m.\033[48;2;0;0;105m.\033[48;2;0;0;106m.\033[48;2;0;0;107m.\033[48;2;0;0;108m.\033[48;2;0;0;109m.\
033[48;2;0;
     ^~~~~~~~~~~~~~~~~~~~~~~~~~~~~~~~~~~~~~~~~~~~~~~~~~~~~~~~~~~~~~~~~~~~~~~~~~~~~~~~~~~~~~~~~~~~~~~~~~~~~~~~~~~~~~~~~~~~
~~~~~~~~~~~
C:\fltk\fltk\build\test\terminal.cxx:1175:5: warning: missing terminating " character
     "\033[48;2;0;0;112m.\033[48;2;0;0;113m.\033[48;2;0;0;114m.\033[48;2;0;0;115m.\033[48;2;0;0;116m.\033[48;2;0;0;117m.\
033[48;2;0;
     ^
C:\fltk\fltk\build\test\terminal.cxx:1175:5: error: missing terminating " character
     "\033[48;2;0;0;112m.\033[48;2;0;0;113m.\033[48;2;0;0;114m.\033[48;2;0;0;115m.\033[48;2;0;0;116m.\033[48;2;0;0;117m.\
033[48;2;0;
     ^~~~~~~~~~~~~~~~~~~~~~~~~~~~~~~~~~~~~~~~~~~~~~~~~~~~~~~~~~~~~~~~~~~~~~~~~~~~~~~~~~~~~~~~~~~~~~~~~~~~~~~~~~~~~~~~~~~~
~~~~~~~~~~~
C:\fltk\fltk\build\test\terminal.cxx:1176:5: warning: missing terminating " character
     "\033[48;2;0;0;120m.\033[48;2;0;0;121m.\033[48;2;0;0;122m.\033[48;2;0;0;123m.\033[48;2;0;0;124m.\033[48;2;0;0;125m.\
033[48;2;0;
     ^
C:\fltk\fltk\build\test\terminal.cxx:1176:5: error: missing terminating " character
     "\033[48;2;0;0;120m.\033[48;2;0;0;121m.\033[48;2;0;0;122m.\033[48;2;0;0;123m.\033[48;2;0;0;124m.\033[48;2;0;0;125m.\
033[48;2;0;
     ^~~~~~~~~~~~~~~~~~~~~~~~~~~~~~~~~~~~~~~~~~~~~~~~~~~~~~~~~~~~~~~~~~~~~~~~~~~~~~~~~~~~~~~~~~~~~~~~~~~~~~~~~~~~~~~~~~~~
~~~~~~~~~~~
C:\fltk\fltk\build\test\terminal.cxx:1177:5: warning: missing terminating " character
     "\033[48;2;0;0;128m.\033[48;2;0;0;129m.\033[48;2;0;0;130m.\033[48;2;0;0;131m.\033[48;2;0;0;132m.\033[48;2;0;0;133m.\
033[48;2;0;
     ^
C:\fltk\fltk\build\test\terminal.cxx:1177:5: error: missing terminating " character
     "\033[48;2;0;0;128m.\033[48;2;0;0;129m.\033[48;2;0;0;130m.\033[48;2;0;0;131m.\033[48;2;0;0;132m.\033[48;2;0;0;133m.\
033[48;2;0;
     ^~~~~~~~~~~~~~~~~~~~~~~~~~~~~~~~~~~~~~~~~~~~~~~~~~~~~~~~~~~~~~~~~~~~~~~~~~~~~~~~~~~~~~~~~~~~~~~~~~~~~~~~~~~~~~~~~~~~
~~~~~~~~~~~
C:\fltk\fltk\build\test\terminal.cxx:1178:5: warning: missing terminating " character
     "\033[48;2;0;0;136m.\033[48;2;0;0;137m.\033[48;2;0;0;138m.\033[48;2;0;0;139m.\033[48;2;0;0;140m.\033[48;2;0;0;141m.\
033[48;2;0;
     ^
C:\fltk\fltk\build\test\terminal.cxx:1178:5: error: missing terminating " character
     "\033[48;2;0;0;136m.\033[48;2;0;0;137m.\033[48;2;0;0;138m.\033[48;2;0;0;139m.\033[48;2;0;0;140m.\033[48;2;0;0;141m.\
033[48;2;0;
     ^~~~~~~~~~~~~~~~~~~~~~~~~~~~~~~~~~~~~~~~~~~~~~~~~~~~~~~~~~~~~~~~~~~~~~~~~~~~~~~~~~~~~~~~~~~~~~~~~~~~~~~~~~~~~~~~~~~~
~~~~~~~~~~~
C:\fltk\fltk\build\test\terminal.cxx:1179:5: warning: missing terminating " character
     "\033[48;2;0;0;144m.\033[48;2;0;0;145m.\033[48;2;0;0;146m.\033[48;2;0;0;147m.\033[48;2;0;0;148m.\033[48;2;0;0;149m.\
033[48;2;0;
     ^
C:\fltk\fltk\build\test\terminal.cxx:1179:5: error: missing terminating " character
     "\033[48;2;0;0;144m.\033[48;2;0;0;145m.\033[48;2;0;0;146m.\033[48;2;0;0;147m.\033[48;2;0;0;148m.\033[48;2;0;0;149m.\
033[48;2;0;
     ^~~~~~~~~~~~~~~~~~~~~~~~~~~~~~~~~~~~~~~~~~~~~~~~~~~~~~~~~~~~~~~~~~~~~~~~~~~~~~~~~~~~~~~~~~~~~~~~~~~~~~~~~~~~~~~~~~~~
~~~~~~~~~~~
C:\fltk\fltk\build\test\terminal.cxx:1180:5: warning: missing terminating " character
     "\033[48;2;0;0;152m.\033[48;2;0;0;153m.\033[48;2;0;0;154m.\033[48;2;0;0;155m.\033[48;2;0;0;156m.\033[48;2;0;0;157m.\
033[48;2;0;
     ^
C:\fltk\fltk\build\test\terminal.cxx:1180:5: error: missing terminating " character
     "\033[48;2;0;0;152m.\033[48;2;0;0;153m.\033[48;2;0;0;154m.\033[48;2;0;0;155m.\033[48;2;0;0;156m.\033[48;2;0;0;157m.\
033[48;2;0;
     ^~~~~~~~~~~~~~~~~~~~~~~~~~~~~~~~~~~~~~~~~~~~~~~~~~~~~~~~~~~~~~~~~~~~~~~~~~~~~~~~~~~~~~~~~~~~~~~~~~~~~~~~~~~~~~~~~~~~
~~~~~~~~~~~
C:\fltk\fltk\build\test\terminal.cxx:1181:5: warning: missing terminating " character
     "\033[48;2;0;0;160m.\033[48;2;0;0;161m.\033[48;2;0;0;162m.\033[48;2;0;0;163m.\033[48;2;0;0;164m.\033[48;2;0;0;165m.\
033[48;2;0;
     ^
C:\fltk\fltk\build\test\terminal.cxx:1181:5: error: missing terminating " character
     "\033[48;2;0;0;160m.\033[48;2;0;0;161m.\033[48;2;0;0;162m.\033[48;2;0;0;163m.\033[48;2;0;0;164m.\033[48;2;0;0;165m.\
033[48;2;0;
     ^~~~~~~~~~~~~~~~~~~~~~~~~~~~~~~~~~~~~~~~~~~~~~~~~~~~~~~~~~~~~~~~~~~~~~~~~~~~~~~~~~~~~~~~~~~~~~~~~~~~~~~~~~~~~~~~~~~~
~~~~~~~~~~~
C:\fltk\fltk\build\test\terminal.cxx:1182:5: warning: missing terminating " character
     "\033[48;2;0;0;168m.\033[48;2;0;0;169m.\033[48;2;0;0;170m.\033[48;2;0;0;171m.\033[48;2;0;0;172m.\033[48;2;0;0;173m.\
033[48;2;0;
     ^
C:\fltk\fltk\build\test\terminal.cxx:1182:5: error: missing terminating " character
     "\033[48;2;0;0;168m.\033[48;2;0;0;169m.\033[48;2;0;0;170m.\033[48;2;0;0;171m.\033[48;2;0;0;172m.\033[48;2;0;0;173m.\
033[48;2;0;
     ^~~~~~~~~~~~~~~~~~~~~~~~~~~~~~~~~~~~~~~~~~~~~~~~~~~~~~~~~~~~~~~~~~~~~~~~~~~~~~~~~~~~~~~~~~~~~~~~~~~~~~~~~~~~~~~~~~~~
~~~~~~~~~~~
C:\fltk\fltk\build\test\terminal.cxx:1183:5: warning: missing terminating " character
     "\033[48;2;0;0;176m.\033[48;2;0;0;177m.\033[48;2;0;0;178m.\033[48;2;0;0;179m.\033[48;2;0;0;180m.\033[48;2;0;0;181m.\
033[48;2;0;
     ^
C:\fltk\fltk\build\test\terminal.cxx:1183:5: error: missing terminating " character
     "\033[48;2;0;0;176m.\033[48;2;0;0;177m.\033[48;2;0;0;178m.\033[48;2;0;0;179m.\033[48;2;0;0;180m.\033[48;2;0;0;181m.\
033[48;2;0;
     ^~~~~~~~~~~~~~~~~~~~~~~~~~~~~~~~~~~~~~~~~~~~~~~~~~~~~~~~~~~~~~~~~~~~~~~~~~~~~~~~~~~~~~~~~~~~~~~~~~~~~~~~~~~~~~~~~~~~
~~~~~~~~~~~
C:\fltk\fltk\build\test\terminal.cxx:1184:5: warning: missing terminating " character
     "\033[48;2;0;0;184m.\033[48;2;0;0;185m.\033[48;2;0;0;186m.\033[48;2;0;0;187m.\033[48;2;0;0;188m.\033[48;2;0;0;189m.\
033[48;2;0;
     ^
C:\fltk\fltk\build\test\terminal.cxx:1184:5: error: missing terminating " character
     "\033[48;2;0;0;184m.\033[48;2;0;0;185m.\033[48;2;0;0;186m.\033[48;2;0;0;187m.\033[48;2;0;0;188m.\033[48;2;0;0;189m.\
033[48;2;0;
     ^~~~~~~~~~~~~~~~~~~~~~~~~~~~~~~~~~~~~~~~~~~~~~~~~~~~~~~~~~~~~~~~~~~~~~~~~~~~~~~~~~~~~~~~~~~~~~~~~~~~~~~~~~~~~~~~~~~~
~~~~~~~~~~~
C:\fltk\fltk\build\test\terminal.cxx:1186:5: warning: missing terminating " character
     "\033[48;2;0;0;192m.\033[48;2;0;0;193m.\033[48;2;0;0;194m.\033[48;2;0;0;195m.\033[48;2;0;0;196m.\033[48;2;0;0;197m.\
033[48;2;0;
     ^
C:\fltk\fltk\build\test\terminal.cxx:1186:5: error: missing terminating " character
     "\033[48;2;0;0;192m.\033[48;2;0;0;193m.\033[48;2;0;0;194m.\033[48;2;0;0;195m.\033[48;2;0;0;196m.\033[48;2;0;0;197m.\
033[48;2;0;
     ^~~~~~~~~~~~~~~~~~~~~~~~~~~~~~~~~~~~~~~~~~~~~~~~~~~~~~~~~~~~~~~~~~~~~~~~~~~~~~~~~~~~~~~~~~~~~~~~~~~~~~~~~~~~~~~~~~~~
~~~~~~~~~~~
C:\fltk\fltk\build\test\terminal.cxx:1187:5: warning: missing terminating " character
     "\033[48;2;0;0;200m.\033[48;2;0;0;201m.\033[48;2;0;0;202m.\033[48;2;0;0;203m.\033[48;2;0;0;204m.\033[48;2;0;0;205m.\
033[48;2;0;
     ^
C:\fltk\fltk\build\test\terminal.cxx:1187:5: error: missing terminating " character
     "\033[48;2;0;0;200m.\033[48;2;0;0;201m.\033[48;2;0;0;202m.\033[48;2;0;0;203m.\033[48;2;0;0;204m.\033[48;2;0;0;205m.\
033[48;2;0;
     ^~~~~~~~~~~~~~~~~~~~~~~~~~~~~~~~~~~~~~~~~~~~~~~~~~~~~~~~~~~~~~~~~~~~~~~~~~~~~~~~~~~~~~~~~~~~~~~~~~~~~~~~~~~~~~~~~~~~
~~~~~~~~~~~
C:\fltk\fltk\build\test\terminal.cxx:1188:5: warning: missing terminating " character
     "\033[48;2;0;0;208m.\033[48;2;0;0;209m.\033[48;2;0;0;210m.\033[48;2;0;0;211m.\033[48;2;0;0;212m.\033[48;2;0;0;213m.\
033[48;2;0;
     ^
C:\fltk\fltk\build\test\terminal.cxx:1188:5: error: missing terminating " character
     "\033[48;2;0;0;208m.\033[48;2;0;0;209m.\033[48;2;0;0;210m.\033[48;2;0;0;211m.\033[48;2;0;0;212m.\033[48;2;0;0;213m.\
033[48;2;0;
     ^~~~~~~~~~~~~~~~~~~~~~~~~~~~~~~~~~~~~~~~~~~~~~~~~~~~~~~~~~~~~~~~~~~~~~~~~~~~~~~~~~~~~~~~~~~~~~~~~~~~~~~~~~~~~~~~~~~~
~~~~~~~~~~~
C:\fltk\fltk\build\test\terminal.cxx:1189:5: warning: missing terminating " character
     "\033[48;2;0;0;216m.\033[48;2;0;0;217m.\033[48;2;0;0;218m.\033[48;2;0;0;219m.\033[48;2;0;0;220m.\033[48;2;0;0;221m.\
033[48;2;0;
     ^
C:\fltk\fltk\build\test\terminal.cxx:1189:5: error: missing terminating " character
     "\033[48;2;0;0;216m.\033[48;2;0;0;217m.\033[48;2;0;0;218m.\033[48;2;0;0;219m.\033[48;2;0;0;220m.\033[48;2;0;0;221m.\
033[48;2;0;
     ^~~~~~~~~~~~~~~~~~~~~~~~~~~~~~~~~~~~~~~~~~~~~~~~~~~~~~~~~~~~~~~~~~~~~~~~~~~~~~~~~~~~~~~~~~~~~~~~~~~~~~~~~~~~~~~~~~~~
~~~~~~~~~~~
C:\fltk\fltk\build\test\terminal.cxx:1190:5: warning: missing terminating " character
     "\033[48;2;0;0;224m.\033[48;2;0;0;225m.\033[48;2;0;0;226m.\033[48;2;0;0;227m.\033[48;2;0;0;228m.\033[48;2;0;0;229m.\
033[48;2;0;
     ^
C:\fltk\fltk\build\test\terminal.cxx:1190:5: error: missing terminating " character
     "\033[48;2;0;0;224m.\033[48;2;0;0;225m.\033[48;2;0;0;226m.\033[48;2;0;0;227m.\033[48;2;0;0;228m.\033[48;2;0;0;229m.\
033[48;2;0;
     ^~~~~~~~~~~~~~~~~~~~~~~~~~~~~~~~~~~~~~~~~~~~~~~~~~~~~~~~~~~~~~~~~~~~~~~~~~~~~~~~~~~~~~~~~~~~~~~~~~~~~~~~~~~~~~~~~~~~
~~~~~~~~~~~
C:\fltk\fltk\build\test\terminal.cxx:1191:5: warning: missing terminating " character
     "\033[48;2;0;0;232m.\033[48;2;0;0;233m.\033[48;2;0;0;234m.\033[48;2;0;0;235m.\033[48;2;0;0;236m.\033[48;2;0;0;237m.\
033[48;2;0;
     ^
C:\fltk\fltk\build\test\terminal.cxx:1191:5: error: missing terminating " character
     "\033[48;2;0;0;232m.\033[48;2;0;0;233m.\033[48;2;0;0;234m.\033[48;2;0;0;235m.\033[48;2;0;0;236m.\033[48;2;0;0;237m.\
033[48;2;0;
     ^~~~~~~~~~~~~~~~~~~~~~~~~~~~~~~~~~~~~~~~~~~~~~~~~~~~~~~~~~~~~~~~~~~~~~~~~~~~~~~~~~~~~~~~~~~~~~~~~~~~~~~~~~~~~~~~~~~~
~~~~~~~~~~~
C:\fltk\fltk\build\test\terminal.cxx:1192:5: warning: missing terminating " character
     "\033[48;2;0;0;240m.\033[48;2;0;0;241m.\033[48;2;0;0;242m.\033[48;2;0;0;243m.\033[48;2;0;0;244m.\033[48;2;0;0;245m.\
033[48;2;0;
     ^
C:\fltk\fltk\build\test\terminal.cxx:1192:5: error: missing terminating " character
     "\033[48;2;0;0;240m.\033[48;2;0;0;241m.\033[48;2;0;0;242m.\033[48;2;0;0;243m.\033[48;2;0;0;244m.\033[48;2;0;0;245m.\
033[48;2;0;
     ^~~~~~~~~~~~~~~~~~~~~~~~~~~~~~~~~~~~~~~~~~~~~~~~~~~~~~~~~~~~~~~~~~~~~~~~~~~~~~~~~~~~~~~~~~~~~~~~~~~~~~~~~~~~~~~~~~~~
~~~~~~~~~~~
C:\fltk\fltk\build\test\terminal.cxx:1193:5: warning: missing terminating " character
     "\033[48;2;0;0;248m.\033[48;2;0;0;249m.\033[48;2;0;0;250m.\033[48;2;0;0;251m.\033[48;2;0;0;252m.\033[48;2;0;0;253m.\
033[48;2;0;
     ^
C:\fltk\fltk\build\test\terminal.cxx:1193:5: error: missing terminating " character
     "\033[48;2;0;0;248m.\033[48;2;0;0;249m.\033[48;2;0;0;250m.\033[48;2;0;0;251m.\033[48;2;0;0;252m.\033[48;2;0;0;253m.\
033[48;2;0;
     ^~~~~~~~~~~~~~~~~~~~~~~~~~~~~~~~~~~~~~~~~~~~~~~~~~~~~~~~~~~~~~~~~~~~~~~~~~~~~~~~~~~~~~~~~~~~~~~~~~~~~~~~~~~~~~~~~~~~
~~~~~~~~~~~
C:\fltk\fltk\build\test\terminal.cxx:1246:5: warning: missing terminating " character
     "\033[48;2;255;000;000m.\033[48;2;255;001;000m.\033[48;2;255;002;000m.\033[48;2;255;003;000m.\033[48;2;255;004;000m.
\033[48;2;2
     ^
C:\fltk\fltk\build\test\terminal.cxx:1246:5: error: missing terminating " character
     "\033[48;2;255;000;000m.\033[48;2;255;001;000m.\033[48;2;255;002;000m.\033[48;2;255;003;000m.\033[48;2;255;004;000m.
\033[48;2;2
     ^~~~~~~~~~~~~~~~~~~~~~~~~~~~~~~~~~~~~~~~~~~~~~~~~~~~~~~~~~~~~~~~~~~~~~~~~~~~~~~~~~~~~~~~~~~~~~~~~~~~~~~~~~~~~~~~~~~~
~~~~~~~~~~~
C:\fltk\fltk\build\test\terminal.cxx:1247:5: warning: missing terminating " character
     "\033[48;2;255;008;000m.\033[48;2;255;009;000m.\033[48;2;255;010;000m.\033[48;2;255;011;000m.\033[48;2;255;012;000m.
\033[48;2;2
     ^
C:\fltk\fltk\build\test\terminal.cxx:1247:5: error: missing terminating " character
     "\033[48;2;255;008;000m.\033[48;2;255;009;000m.\033[48;2;255;010;000m.\033[48;2;255;011;000m.\033[48;2;255;012;000m.
\033[48;2;2
     ^~~~~~~~~~~~~~~~~~~~~~~~~~~~~~~~~~~~~~~~~~~~~~~~~~~~~~~~~~~~~~~~~~~~~~~~~~~~~~~~~~~~~~~~~~~~~~~~~~~~~~~~~~~~~~~~~~~~
~~~~~~~~~~~
C:\fltk\fltk\build\test\terminal.cxx:1248:5: warning: missing terminating " character
     "\033[48;2;255;016;000m.\033[48;2;255;017;000m.\033[48;2;255;018;000m.\033[48;2;255;019;000m.\033[48;2;255;020;000m.
\033[48;2;2
     ^
C:\fltk\fltk\build\test\terminal.cxx:1248:5: error: missing terminating " character
     "\033[48;2;255;016;000m.\033[48;2;255;017;000m.\033[48;2;255;018;000m.\033[48;2;255;019;000m.\033[48;2;255;020;000m.
\033[48;2;2
     ^~~~~~~~~~~~~~~~~~~~~~~~~~~~~~~~~~~~~~~~~~~~~~~~~~~~~~~~~~~~~~~~~~~~~~~~~~~~~~~~~~~~~~~~~~~~~~~~~~~~~~~~~~~~~~~~~~~~
~~~~~~~~~~~
C:\fltk\fltk\build\test\terminal.cxx:1249:5: warning: missing terminating " character
     "\033[48;2;255;024;000m.\033[48;2;255;025;000m.\033[48;2;255;026;000m.\033[48;2;255;027;000m.\033[48;2;255;028;000m.
\033[48;2;2
     ^
C:\fltk\fltk\build\test\terminal.cxx:1249:5: error: missing terminating " character
     "\033[48;2;255;024;000m.\033[48;2;255;025;000m.\033[48;2;255;026;000m.\033[48;2;255;027;000m.\033[48;2;255;028;000m.
\033[48;2;2
     ^~~~~~~~~~~~~~~~~~~~~~~~~~~~~~~~~~~~~~~~~~~~~~~~~~~~~~~~~~~~~~~~~~~~~~~~~~~~~~~~~~~~~~~~~~~~~~~~~~~~~~~~~~~~~~~~~~~~
~~~~~~~~~~~
C:\fltk\fltk\build\test\terminal.cxx:1250:5: warning: missing terminating " character
     "\033[48;2;255;032;000m.\033[48;2;255;033;000m.\033[48;2;255;034;000m.\033[48;2;255;035;000m.\033[48;2;255;036;000m.
\033[48;2;2
     ^
C:\fltk\fltk\build\test\terminal.cxx:1250:5: error: missing terminating " character
     "\033[48;2;255;032;000m.\033[48;2;255;033;000m.\033[48;2;255;034;000m.\033[48;2;255;035;000m.\033[48;2;255;036;000m.
\033[48;2;2
     ^~~~~~~~~~~~~~~~~~~~~~~~~~~~~~~~~~~~~~~~~~~~~~~~~~~~~~~~~~~~~~~~~~~~~~~~~~~~~~~~~~~~~~~~~~~~~~~~~~~~~~~~~~~~~~~~~~~~
~~~~~~~~~~~
C:\fltk\fltk\build\test\terminal.cxx:1251:5: warning: missing terminating " character
     "\033[48;2;255;040;000m.\033[48;2;255;041;000m.\033[48;2;255;042;000m.\033[48;2;255;043;000m.\033[48;2;255;044;000m.
\033[48;2;2
     ^
C:\fltk\fltk\build\test\terminal.cxx:1251:5: error: missing terminating " character
     "\033[48;2;255;040;000m.\033[48;2;255;041;000m.\033[48;2;255;042;000m.\033[48;2;255;043;000m.\033[48;2;255;044;000m.
\033[48;2;2
     ^~~~~~~~~~~~~~~~~~~~~~~~~~~~~~~~~~~~~~~~~~~~~~~~~~~~~~~~~~~~~~~~~~~~~~~~~~~~~~~~~~~~~~~~~~~~~~~~~~~~~~~~~~~~~~~~~~~~
~~~~~~~~~~~
C:\fltk\fltk\build\test\terminal.cxx:1252:5: warning: missing terminating " character
     "\033[48;2;255;048;000m.\033[48;2;255;049;000m.\033[48;2;255;050;000m.\033[48;2;255;051;000m.\033[48;2;255;052;000m.
\033[48;2;2
     ^
C:\fltk\fltk\build\test\terminal.cxx:1252:5: error: missing terminating " character
     "\033[48;2;255;048;000m.\033[48;2;255;049;000m.\033[48;2;255;050;000m.\033[48;2;255;051;000m.\033[48;2;255;052;000m.
\033[48;2;2
     ^~~~~~~~~~~~~~~~~~~~~~~~~~~~~~~~~~~~~~~~~~~~~~~~~~~~~~~~~~~~~~~~~~~~~~~~~~~~~~~~~~~~~~~~~~~~~~~~~~~~~~~~~~~~~~~~~~~~
~~~~~~~~~~~
C:\fltk\fltk\build\test\terminal.cxx:1253:5: warning: missing terminating " character
     "\033[48;2;255;056;000m.\033[48;2;255;057;000m.\033[48;2;255;058;000m.\033[48;2;255;059;000m.\033[48;2;255;060;000m.
\033[48;2;2
     ^
C:\fltk\fltk\build\test\terminal.cxx:1253:5: error: missing terminating " character
     "\033[48;2;255;056;000m.\033[48;2;255;057;000m.\033[48;2;255;058;000m.\033[48;2;255;059;000m.\033[48;2;255;060;000m.
\033[48;2;2
     ^~~~~~~~~~~~~~~~~~~~~~~~~~~~~~~~~~~~~~~~~~~~~~~~~~~~~~~~~~~~~~~~~~~~~~~~~~~~~~~~~~~~~~~~~~~~~~~~~~~~~~~~~~~~~~~~~~~~
~~~~~~~~~~~
C:\fltk\fltk\build\test\terminal.cxx:1254:5: warning: missing terminating " character
     "\033[48;2;255;064;000m.\033[48;2;255;065;000m.\033[48;2;255;066;000m.\033[48;2;255;067;000m.\033[48;2;255;068;000m.
\033[48;2;2
     ^
C:\fltk\fltk\build\test\terminal.cxx:1254:5: error: missing terminating " character
     "\033[48;2;255;064;000m.\033[48;2;255;065;000m.\033[48;2;255;066;000m.\033[48;2;255;067;000m.\033[48;2;255;068;000m.
\033[48;2;2
     ^~~~~~~~~~~~~~~~~~~~~~~~~~~~~~~~~~~~~~~~~~~~~~~~~~~~~~~~~~~~~~~~~~~~~~~~~~~~~~~~~~~~~~~~~~~~~~~~~~~~~~~~~~~~~~~~~~~~
~~~~~~~~~~~
C:\fltk\fltk\build\test\terminal.cxx:1255:5: warning: missing terminating " character
     "\033[48;2;255;072;000m.\033[48;2;255;073;000m.\033[48;2;255;074;000m.\033[48;2;255;075;000m.\033[48;2;255;076;000m.
\033[48;2;2
     ^
C:\fltk\fltk\build\test\terminal.cxx:1255:5: error: missing terminating " character
     "\033[48;2;255;072;000m.\033[48;2;255;073;000m.\033[48;2;255;074;000m.\033[48;2;255;075;000m.\033[48;2;255;076;000m.
\033[48;2;2
     ^~~~~~~~~~~~~~~~~~~~~~~~~~~~~~~~~~~~~~~~~~~~~~~~~~~~~~~~~~~~~~~~~~~~~~~~~~~~~~~~~~~~~~~~~~~~~~~~~~~~~~~~~~~~~~~~~~~~
~~~~~~~~~~~
C:\fltk\fltk\build\test\terminal.cxx:1256:5: warning: missing terminating " character
     "\033[48;2;255;080;000m.\033[48;2;255;081;000m.\033[48;2;255;082;000m.\033[48;2;255;083;000m.\033[48;2;255;084;000m.
\033[48;2;2
     ^
C:\fltk\fltk\build\test\terminal.cxx:1256:5: error: missing terminating " character
     "\033[48;2;255;080;000m.\033[48;2;255;081;000m.\033[48;2;255;082;000m.\033[48;2;255;083;000m.\033[48;2;255;084;000m.
\033[48;2;2
     ^~~~~~~~~~~~~~~~~~~~~~~~~~~~~~~~~~~~~~~~~~~~~~~~~~~~~~~~~~~~~~~~~~~~~~~~~~~~~~~~~~~~~~~~~~~~~~~~~~~~~~~~~~~~~~~~~~~~
~~~~~~~~~~~
C:\fltk\fltk\build\test\terminal.cxx:1257:5: warning: missing terminating " character
     "\033[48;2;255;088;000m.\033[48;2;255;089;000m.\033[48;2;255;090;000m.\033[48;2;255;091;000m.\033[48;2;255;092;000m.
\033[48;2;2
     ^
C:\fltk\fltk\build\test\terminal.cxx:1257:5: error: missing terminating " character
     "\033[48;2;255;088;000m.\033[48;2;255;089;000m.\033[48;2;255;090;000m.\033[48;2;255;091;000m.\033[48;2;255;092;000m.
\033[48;2;2
     ^~~~~~~~~~~~~~~~~~~~~~~~~~~~~~~~~~~~~~~~~~~~~~~~~~~~~~~~~~~~~~~~~~~~~~~~~~~~~~~~~~~~~~~~~~~~~~~~~~~~~~~~~~~~~~~~~~~~
~~~~~~~~~~~
C:\fltk\fltk\build\test\terminal.cxx:1259:5: warning: missing terminating " character
     "\033[48;2;255;096;000m.\033[48;2;255;097;000m.\033[48;2;255;098;000m.\033[48;2;255;099;000m.\033[48;2;255;100;000m.
\033[48;2;2
     ^
C:\fltk\fltk\build\test\terminal.cxx:1259:5: error: missing terminating " character
     "\033[48;2;255;096;000m.\033[48;2;255;097;000m.\033[48;2;255;098;000m.\033[48;2;255;099;000m.\033[48;2;255;100;000m.
\033[48;2;2
     ^~~~~~~~~~~~~~~~~~~~~~~~~~~~~~~~~~~~~~~~~~~~~~~~~~~~~~~~~~~~~~~~~~~~~~~~~~~~~~~~~~~~~~~~~~~~~~~~~~~~~~~~~~~~~~~~~~~~
~~~~~~~~~~~
C:\fltk\fltk\build\test\terminal.cxx:1260:5: warning: missing terminating " character
     "\033[48;2;255;104;000m.\033[48;2;255;105;000m.\033[48;2;255;106;000m.\033[48;2;255;107;000m.\033[48;2;255;108;000m.
\033[48;2;2
     ^
C:\fltk\fltk\build\test\terminal.cxx:1260:5: error: missing terminating " character
     "\033[48;2;255;104;000m.\033[48;2;255;105;000m.\033[48;2;255;106;000m.\033[48;2;255;107;000m.\033[48;2;255;108;000m.
\033[48;2;2
     ^~~~~~~~~~~~~~~~~~~~~~~~~~~~~~~~~~~~~~~~~~~~~~~~~~~~~~~~~~~~~~~~~~~~~~~~~~~~~~~~~~~~~~~~~~~~~~~~~~~~~~~~~~~~~~~~~~~~
~~~~~~~~~~~
C:\fltk\fltk\build\test\terminal.cxx:1261:5: warning: missing terminating " character
     "\033[48;2;255;112;000m.\033[48;2;255;113;000m.\033[48;2;255;114;000m.\033[48;2;255;115;000m.\033[48;2;255;116;000m.
\033[48;2;2
     ^
C:\fltk\fltk\build\test\terminal.cxx:1261:5: error: missing terminating " character
     "\033[48;2;255;112;000m.\033[48;2;255;113;000m.\033[48;2;255;114;000m.\033[48;2;255;115;000m.\033[48;2;255;116;000m.
\033[48;2;2
     ^~~~~~~~~~~~~~~~~~~~~~~~~~~~~~~~~~~~~~~~~~~~~~~~~~~~~~~~~~~~~~~~~~~~~~~~~~~~~~~~~~~~~~~~~~~~~~~~~~~~~~~~~~~~~~~~~~~~
~~~~~~~~~~~
C:\fltk\fltk\build\test\terminal.cxx:1262:5: warning: missing terminating " character
     "\033[48;2;255;120;000m.\033[48;2;255;121;000m.\033[48;2;255;122;000m.\033[48;2;255;123;000m.\033[48;2;255;124;000m.
\033[48;2;2
     ^
C:\fltk\fltk\build\test\terminal.cxx:1262:5: error: missing terminating " character
     "\033[48;2;255;120;000m.\033[48;2;255;121;000m.\033[48;2;255;122;000m.\033[48;2;255;123;000m.\033[48;2;255;124;000m.
\033[48;2;2
     ^~~~~~~~~~~~~~~~~~~~~~~~~~~~~~~~~~~~~~~~~~~~~~~~~~~~~~~~~~~~~~~~~~~~~~~~~~~~~~~~~~~~~~~~~~~~~~~~~~~~~~~~~~~~~~~~~~~~
~~~~~~~~~~~
C:\fltk\fltk\build\test\terminal.cxx:1263:5: warning: missing terminating " character
     "\033[48;2;255;128;000m.\033[48;2;255;129;000m.\033[48;2;255;130;000m.\033[48;2;255;131;000m.\033[48;2;255;132;000m.
\033[48;2;2
     ^
C:\fltk\fltk\build\test\terminal.cxx:1263:5: error: missing terminating " character
     "\033[48;2;255;128;000m.\033[48;2;255;129;000m.\033[48;2;255;130;000m.\033[48;2;255;131;000m.\033[48;2;255;132;000m.
\033[48;2;2
     ^~~~~~~~~~~~~~~~~~~~~~~~~~~~~~~~~~~~~~~~~~~~~~~~~~~~~~~~~~~~~~~~~~~~~~~~~~~~~~~~~~~~~~~~~~~~~~~~~~~~~~~~~~~~~~~~~~~~
~~~~~~~~~~~
C:\fltk\fltk\build\test\terminal.cxx:1264:5: warning: missing terminating " character
     "\033[48;2;255;136;000m.\033[48;2;255;137;000m.\033[48;2;255;138;000m.\033[48;2;255;139;000m.\033[48;2;255;140;000m.
\033[48;2;2
     ^
C:\fltk\fltk\build\test\terminal.cxx:1264:5: error: missing terminating " character
     "\033[48;2;255;136;000m.\033[48;2;255;137;000m.\033[48;2;255;138;000m.\033[48;2;255;139;000m.\033[48;2;255;140;000m.
\033[48;2;2
     ^~~~~~~~~~~~~~~~~~~~~~~~~~~~~~~~~~~~~~~~~~~~~~~~~~~~~~~~~~~~~~~~~~~~~~~~~~~~~~~~~~~~~~~~~~~~~~~~~~~~~~~~~~~~~~~~~~~~
~~~~~~~~~~~
C:\fltk\fltk\build\test\terminal.cxx:1265:5: warning: missing terminating " character
     "\033[48;2;255;144;000m.\033[48;2;255;145;000m.\033[48;2;255;146;000m.\033[48;2;255;147;000m.\033[48;2;255;148;000m.
\033[48;2;2
     ^
C:\fltk\fltk\build\test\terminal.cxx:1265:5: error: missing terminating " character
     "\033[48;2;255;144;000m.\033[48;2;255;145;000m.\033[48;2;255;146;000m.\033[48;2;255;147;000m.\033[48;2;255;148;000m.
\033[48;2;2
     ^~~~~~~~~~~~~~~~~~~~~~~~~~~~~~~~~~~~~~~~~~~~~~~~~~~~~~~~~~~~~~~~~~~~~~~~~~~~~~~~~~~~~~~~~~~~~~~~~~~~~~~~~~~~~~~~~~~~
~~~~~~~~~~~
C:\fltk\fltk\build\test\terminal.cxx:1266:5: warning: missing terminating " character
     "\033[48;2;255;152;000m.\033[48;2;255;153;000m.\033[48;2;255;154;000m.\033[48;2;255;155;000m.\033[48;2;255;156;000m.
\033[48;2;2
     ^
C:\fltk\fltk\build\test\terminal.cxx:1266:5: error: missing terminating " character
     "\033[48;2;255;152;000m.\033[48;2;255;153;000m.\033[48;2;255;154;000m.\033[48;2;255;155;000m.\033[48;2;255;156;000m.
\033[48;2;2
     ^~~~~~~~~~~~~~~~~~~~~~~~~~~~~~~~~~~~~~~~~~~~~~~~~~~~~~~~~~~~~~~~~~~~~~~~~~~~~~~~~~~~~~~~~~~~~~~~~~~~~~~~~~~~~~~~~~~~
~~~~~~~~~~~
C:\fltk\fltk\build\test\terminal.cxx:1267:5: warning: missing terminating " character
     "\033[48;2;255;160;000m.\033[48;2;255;161;000m.\033[48;2;255;162;000m.\033[48;2;255;163;000m.\033[48;2;255;164;000m.
\033[48;2;2
     ^
C:\fltk\fltk\build\test\terminal.cxx:1267:5: error: missing terminating " character
     "\033[48;2;255;160;000m.\033[48;2;255;161;000m.\033[48;2;255;162;000m.\033[48;2;255;163;000m.\033[48;2;255;164;000m.
\033[48;2;2
     ^~~~~~~~~~~~~~~~~~~~~~~~~~~~~~~~~~~~~~~~~~~~~~~~~~~~~~~~~~~~~~~~~~~~~~~~~~~~~~~~~~~~~~~~~~~~~~~~~~~~~~~~~~~~~~~~~~~~
~~~~~~~~~~~
C:\fltk\fltk\build\test\terminal.cxx:1268:5: warning: missing terminating " character
     "\033[48;2;255;168;000m.\033[48;2;255;169;000m.\033[48;2;255;170;000m.\033[48;2;255;171;000m.\033[48;2;255;172;000m.
\033[48;2;2
     ^
C:\fltk\fltk\build\test\terminal.cxx:1268:5: error: missing terminating " character
     "\033[48;2;255;168;000m.\033[48;2;255;169;000m.\033[48;2;255;170;000m.\033[48;2;255;171;000m.\033[48;2;255;172;000m.
\033[48;2;2
     ^~~~~~~~~~~~~~~~~~~~~~~~~~~~~~~~~~~~~~~~~~~~~~~~~~~~~~~~~~~~~~~~~~~~~~~~~~~~~~~~~~~~~~~~~~~~~~~~~~~~~~~~~~~~~~~~~~~~
~~~~~~~~~~~
C:\fltk\fltk\build\test\terminal.cxx:1269:5: warning: missing terminating " character
     "\033[48;2;255;176;000m.\033[48;2;255;177;000m.\033[48;2;255;178;000m.\033[48;2;255;179;000m.\033[48;2;255;180;000m.
\033[48;2;2
     ^
C:\fltk\fltk\build\test\terminal.cxx:1269:5: error: missing terminating " character
     "\033[48;2;255;176;000m.\033[48;2;255;177;000m.\033[48;2;255;178;000m.\033[48;2;255;179;000m.\033[48;2;255;180;000m.
\033[48;2;2
     ^~~~~~~~~~~~~~~~~~~~~~~~~~~~~~~~~~~~~~~~~~~~~~~~~~~~~~~~~~~~~~~~~~~~~~~~~~~~~~~~~~~~~~~~~~~~~~~~~~~~~~~~~~~~~~~~~~~~
~~~~~~~~~~~
C:\fltk\fltk\build\test\terminal.cxx:1270:5: warning: missing terminating " character
     "\033[48;2;255;184;000m.\033[48;2;255;185;000m.\033[48;2;255;186;000m.\033[48;2;255;187;000m.\033[48;2;255;188;000m.
\033[48;2;2
     ^
C:\fltk\fltk\build\test\terminal.cxx:1270:5: error: missing terminating " character
     "\033[48;2;255;184;000m.\033[48;2;255;185;000m.\033[48;2;255;186;000m.\033[48;2;255;187;000m.\033[48;2;255;188;000m.
\033[48;2;2
     ^~~~~~~~~~~~~~~~~~~~~~~~~~~~~~~~~~~~~~~~~~~~~~~~~~~~~~~~~~~~~~~~~~~~~~~~~~~~~~~~~~~~~~~~~~~~~~~~~~~~~~~~~~~~~~~~~~~~
~~~~~~~~~~~
C:\fltk\fltk\build\test\terminal.cxx:1272:5: warning: missing terminating " character
     "\033[48;2;255;192;000m.\033[48;2;255;193;000m.\033[48;2;255;194;000m.\033[48;2;255;195;000m.\033[48;2;255;196;000m.
\033[48;2;2
     ^
C:\fltk\fltk\build\test\terminal.cxx:1272:5: error: missing terminating " character
     "\033[48;2;255;192;000m.\033[48;2;255;193;000m.\033[48;2;255;194;000m.\033[48;2;255;195;000m.\033[48;2;255;196;000m.
\033[48;2;2
     ^~~~~~~~~~~~~~~~~~~~~~~~~~~~~~~~~~~~~~~~~~~~~~~~~~~~~~~~~~~~~~~~~~~~~~~~~~~~~~~~~~~~~~~~~~~~~~~~~~~~~~~~~~~~~~~~~~~~
~~~~~~~~~~~
C:\fltk\fltk\build\test\terminal.cxx:1273:5: warning: missing terminating " character
     "\033[48;2;255;200;000m.\033[48;2;255;201;000m.\033[48;2;255;202;000m.\033[48;2;255;203;000m.\033[48;2;255;204;000m.
\033[48;2;2
     ^
C:\fltk\fltk\build\test\terminal.cxx:1273:5: error: missing terminating " character
     "\033[48;2;255;200;000m.\033[48;2;255;201;000m.\033[48;2;255;202;000m.\033[48;2;255;203;000m.\033[48;2;255;204;000m.
\033[48;2;2
     ^~~~~~~~~~~~~~~~~~~~~~~~~~~~~~~~~~~~~~~~~~~~~~~~~~~~~~~~~~~~~~~~~~~~~~~~~~~~~~~~~~~~~~~~~~~~~~~~~~~~~~~~~~~~~~~~~~~~
~~~~~~~~~~~
C:\fltk\fltk\build\test\terminal.cxx:1274:5: warning: missing terminating " character
     "\033[48;2;255;208;000m.\033[48;2;255;209;000m.\033[48;2;255;210;000m.\033[48;2;255;211;000m.\033[48;2;255;212;000m.
\033[48;2;2
     ^
C:\fltk\fltk\build\test\terminal.cxx:1274:5: error: missing terminating " character
     "\033[48;2;255;208;000m.\033[48;2;255;209;000m.\033[48;2;255;210;000m.\033[48;2;255;211;000m.\033[48;2;255;212;000m.
\033[48;2;2
     ^~~~~~~~~~~~~~~~~~~~~~~~~~~~~~~~~~~~~~~~~~~~~~~~~~~~~~~~~~~~~~~~~~~~~~~~~~~~~~~~~~~~~~~~~~~~~~~~~~~~~~~~~~~~~~~~~~~~
~~~~~~~~~~~
C:\fltk\fltk\build\test\terminal.cxx:1275:5: warning: missing terminating " character
     "\033[48;2;255;216;000m.\033[48;2;255;217;000m.\033[48;2;255;218;000m.\033[48;2;255;219;000m.\033[48;2;255;220;000m.
\033[48;2;2
     ^
C:\fltk\fltk\build\test\terminal.cxx:1275:5: error: missing terminating " character
     "\033[48;2;255;216;000m.\033[48;2;255;217;000m.\033[48;2;255;218;000m.\033[48;2;255;219;000m.\033[48;2;255;220;000m.
\033[48;2;2
     ^~~~~~~~~~~~~~~~~~~~~~~~~~~~~~~~~~~~~~~~~~~~~~~~~~~~~~~~~~~~~~~~~~~~~~~~~~~~~~~~~~~~~~~~~~~~~~~~~~~~~~~~~~~~~~~~~~~~
~~~~~~~~~~~
C:\fltk\fltk\build\test\terminal.cxx:1276:5: warning: missing terminating " character
     "\033[48;2;255;224;000m.\033[48;2;255;225;000m.\033[48;2;255;226;000m.\033[48;2;255;227;000m.\033[48;2;255;228;000m.
\033[48;2;2
     ^
C:\fltk\fltk\build\test\terminal.cxx:1276:5: error: missing terminating " character
     "\033[48;2;255;224;000m.\033[48;2;255;225;000m.\033[48;2;255;226;000m.\033[48;2;255;227;000m.\033[48;2;255;228;000m.
\033[48;2;2
     ^~~~~~~~~~~~~~~~~~~~~~~~~~~~~~~~~~~~~~~~~~~~~~~~~~~~~~~~~~~~~~~~~~~~~~~~~~~~~~~~~~~~~~~~~~~~~~~~~~~~~~~~~~~~~~~~~~~~
~~~~~~~~~~~
C:\fltk\fltk\build\test\terminal.cxx:1277:5: warning: missing terminating " character
     "\033[48;2;255;232;000m.\033[48;2;255;233;000m.\033[48;2;255;234;000m.\033[48;2;255;235;000m.\033[48;2;255;236;000m.
\033[48;2;2
     ^
C:\fltk\fltk\build\test\terminal.cxx:1277:5: error: missing terminating " character
     "\033[48;2;255;232;000m.\033[48;2;255;233;000m.\033[48;2;255;234;000m.\033[48;2;255;235;000m.\033[48;2;255;236;000m.
\033[48;2;2
     ^~~~~~~~~~~~~~~~~~~~~~~~~~~~~~~~~~~~~~~~~~~~~~~~~~~~~~~~~~~~~~~~~~~~~~~~~~~~~~~~~~~~~~~~~~~~~~~~~~~~~~~~~~~~~~~~~~~~
~~~~~~~~~~~
C:\fltk\fltk\build\test\terminal.cxx:1278:5: warning: missing terminating " character
     "\033[48;2;255;240;000m.\033[48;2;255;241;000m.\033[48;2;255;242;000m.\033[48;2;255;243;000m.\033[48;2;255;244;000m.
\033[48;2;2
     ^
C:\fltk\fltk\build\test\terminal.cxx:1278:5: error: missing terminating " character
     "\033[48;2;255;240;000m.\033[48;2;255;241;000m.\033[48;2;255;242;000m.\033[48;2;255;243;000m.\033[48;2;255;244;000m.
\033[48;2;2
     ^~~~~~~~~~~~~~~~~~~~~~~~~~~~~~~~~~~~~~~~~~~~~~~~~~~~~~~~~~~~~~~~~~~~~~~~~~~~~~~~~~~~~~~~~~~~~~~~~~~~~~~~~~~~~~~~~~~~
~~~~~~~~~~~
C:\fltk\fltk\build\test\terminal.cxx:1279:5: warning: missing terminating " character
     "\033[48;2;255;248;000m.\033[48;2;255;249;000m.\033[48;2;255;250;000m.\033[48;2;255;251;000m.\033[48;2;255;252;000m.
\033[48;2;2
     ^
C:\fltk\fltk\build\test\terminal.cxx:1279:5: error: missing terminating " character
     "\033[48;2;255;248;000m.\033[48;2;255;249;000m.\033[48;2;255;250;000m.\033[48;2;255;251;000m.\033[48;2;255;252;000m.
\033[48;2;2
     ^~~~~~~~~~~~~~~~~~~~~~~~~~~~~~~~~~~~~~~~~~~~~~~~~~~~~~~~~~~~~~~~~~~~~~~~~~~~~~~~~~~~~~~~~~~~~~~~~~~~~~~~~~~~~~~~~~~~
~~~~~~~~~~~
C:\fltk\fltk\build\test\terminal.cxx:1280:5: warning: missing terminating " character
     "\033[48;2;255;255;000m.\033[48;2;254;255;000m.\033[48;2;253;255;000m.\033[48;2;252;255;000m.\033[48;2;251;255;000m.
\033[48;2;2
     ^
C:\fltk\fltk\build\test\terminal.cxx:1280:5: error: missing terminating " character
     "\033[48;2;255;255;000m.\033[48;2;254;255;000m.\033[48;2;253;255;000m.\033[48;2;252;255;000m.\033[48;2;251;255;000m.
\033[48;2;2
     ^~~~~~~~~~~~~~~~~~~~~~~~~~~~~~~~~~~~~~~~~~~~~~~~~~~~~~~~~~~~~~~~~~~~~~~~~~~~~~~~~~~~~~~~~~~~~~~~~~~~~~~~~~~~~~~~~~~~
~~~~~~~~~~~
C:\fltk\fltk\build\test\terminal.cxx:1281:5: warning: missing terminating " character
     "\033[48;2;247;255;000m.\033[48;2;246;255;000m.\033[48;2;245;255;000m.\033[48;2;244;255;000m.\033[48;2;243;255;000m.
\033[48;2;2
     ^
C:\fltk\fltk\build\test\terminal.cxx:1281:5: error: missing terminating " character
     "\033[48;2;247;255;000m.\033[48;2;246;255;000m.\033[48;2;245;255;000m.\033[48;2;244;255;000m.\033[48;2;243;255;000m.
\033[48;2;2
     ^~~~~~~~~~~~~~~~~~~~~~~~~~~~~~~~~~~~~~~~~~~~~~~~~~~~~~~~~~~~~~~~~~~~~~~~~~~~~~~~~~~~~~~~~~~~~~~~~~~~~~~~~~~~~~~~~~~~
~~~~~~~~~~~
C:\fltk\fltk\build\test\terminal.cxx:1282:5: warning: missing terminating " character
     "\033[48;2;239;255;000m.\033[48;2;238;255;000m.\033[48;2;237;255;000m.\033[48;2;236;255;000m.\033[48;2;235;255;000m.
\033[48;2;2
     ^
C:\fltk\fltk\build\test\terminal.cxx:1282:5: error: missing terminating " character
     "\033[48;2;239;255;000m.\033[48;2;238;255;000m.\033[48;2;237;255;000m.\033[48;2;236;255;000m.\033[48;2;235;255;000m.
\033[48;2;2
     ^~~~~~~~~~~~~~~~~~~~~~~~~~~~~~~~~~~~~~~~~~~~~~~~~~~~~~~~~~~~~~~~~~~~~~~~~~~~~~~~~~~~~~~~~~~~~~~~~~~~~~~~~~~~~~~~~~~~
~~~~~~~~~~~
C:\fltk\fltk\build\test\terminal.cxx:1283:5: warning: missing terminating " character
     "\033[48;2;231;255;000m.\033[48;2;230;255;000m.\033[48;2;229;255;000m.\033[48;2;228;255;000m.\033[48;2;227;255;000m.
\033[48;2;2
     ^
C:\fltk\fltk\build\test\terminal.cxx:1283:5: error: missing terminating " character
     "\033[48;2;231;255;000m.\033[48;2;230;255;000m.\033[48;2;229;255;000m.\033[48;2;228;255;000m.\033[48;2;227;255;000m.
\033[48;2;2
     ^~~~~~~~~~~~~~~~~~~~~~~~~~~~~~~~~~~~~~~~~~~~~~~~~~~~~~~~~~~~~~~~~~~~~~~~~~~~~~~~~~~~~~~~~~~~~~~~~~~~~~~~~~~~~~~~~~~~
~~~~~~~~~~~
C:\fltk\fltk\build\test\terminal.cxx:1285:5: warning: missing terminating " character
     "\033[48;2;223;255;000m.\033[48;2;222;255;000m.\033[48;2;221;255;000m.\033[48;2;220;255;000m.\033[48;2;219;255;000m.
\033[48;2;2
     ^
C:\fltk\fltk\build\test\terminal.cxx:1285:5: error: missing terminating " character
     "\033[48;2;223;255;000m.\033[48;2;222;255;000m.\033[48;2;221;255;000m.\033[48;2;220;255;000m.\033[48;2;219;255;000m.
\033[48;2;2
     ^~~~~~~~~~~~~~~~~~~~~~~~~~~~~~~~~~~~~~~~~~~~~~~~~~~~~~~~~~~~~~~~~~~~~~~~~~~~~~~~~~~~~~~~~~~~~~~~~~~~~~~~~~~~~~~~~~~~
~~~~~~~~~~~
C:\fltk\fltk\build\test\terminal.cxx:1286:5: warning: missing terminating " character
     "\033[48;2;215;255;000m.\033[48;2;214;255;000m.\033[48;2;213;255;000m.\033[48;2;212;255;000m.\033[48;2;211;255;000m.
\033[48;2;2
     ^
C:\fltk\fltk\build\test\terminal.cxx:1286:5: error: missing terminating " character
     "\033[48;2;215;255;000m.\033[48;2;214;255;000m.\033[48;2;213;255;000m.\033[48;2;212;255;000m.\033[48;2;211;255;000m.
\033[48;2;2
     ^~~~~~~~~~~~~~~~~~~~~~~~~~~~~~~~~~~~~~~~~~~~~~~~~~~~~~~~~~~~~~~~~~~~~~~~~~~~~~~~~~~~~~~~~~~~~~~~~~~~~~~~~~~~~~~~~~~~
~~~~~~~~~~~
C:\fltk\fltk\build\test\terminal.cxx:1287:5: warning: missing terminating " character
     "\033[48;2;207;255;000m.\033[48;2;206;255;000m.\033[48;2;205;255;000m.\033[48;2;204;255;000m.\033[48;2;203;255;000m.
\033[48;2;2
     ^
C:\fltk\fltk\build\test\terminal.cxx:1287:5: error: missing terminating " character
     "\033[48;2;207;255;000m.\033[48;2;206;255;000m.\033[48;2;205;255;000m.\033[48;2;204;255;000m.\033[48;2;203;255;000m.
\033[48;2;2
     ^~~~~~~~~~~~~~~~~~~~~~~~~~~~~~~~~~~~~~~~~~~~~~~~~~~~~~~~~~~~~~~~~~~~~~~~~~~~~~~~~~~~~~~~~~~~~~~~~~~~~~~~~~~~~~~~~~~~
~~~~~~~~~~~
C:\fltk\fltk\build\test\terminal.cxx:1288:5: warning: missing terminating " character
     "\033[48;2;199;255;000m.\033[48;2;198;255;000m.\033[48;2;197;255;000m.\033[48;2;196;255;000m.\033[48;2;195;255;000m.
\033[48;2;1
     ^
C:\fltk\fltk\build\test\terminal.cxx:1288:5: error: missing terminating " character
     "\033[48;2;199;255;000m.\033[48;2;198;255;000m.\033[48;2;197;255;000m.\033[48;2;196;255;000m.\033[48;2;195;255;000m.
\033[48;2;1
     ^~~~~~~~~~~~~~~~~~~~~~~~~~~~~~~~~~~~~~~~~~~~~~~~~~~~~~~~~~~~~~~~~~~~~~~~~~~~~~~~~~~~~~~~~~~~~~~~~~~~~~~~~~~~~~~~~~~~
~~~~~~~~~~~
C:\fltk\fltk\build\test\terminal.cxx:1289:5: warning: missing terminating " character
     "\033[48;2;191;255;000m.\033[48;2;190;255;000m.\033[48;2;189;255;000m.\033[48;2;188;255;000m.\033[48;2;187;255;000m.
\033[48;2;1
     ^
C:\fltk\fltk\build\test\terminal.cxx:1289:5: error: missing terminating " character
     "\033[48;2;191;255;000m.\033[48;2;190;255;000m.\033[48;2;189;255;000m.\033[48;2;188;255;000m.\033[48;2;187;255;000m.
\033[48;2;1
     ^~~~~~~~~~~~~~~~~~~~~~~~~~~~~~~~~~~~~~~~~~~~~~~~~~~~~~~~~~~~~~~~~~~~~~~~~~~~~~~~~~~~~~~~~~~~~~~~~~~~~~~~~~~~~~~~~~~~
~~~~~~~~~~~
C:\fltk\fltk\build\test\terminal.cxx:1290:5: warning: missing terminating " character
     "\033[48;2;183;255;000m.\033[48;2;182;255;000m.\033[48;2;181;255;000m.\033[48;2;180;255;000m.\033[48;2;179;255;000m.
\033[48;2;1
     ^
C:\fltk\fltk\build\test\terminal.cxx:1290:5: error: missing terminating " character
     "\033[48;2;183;255;000m.\033[48;2;182;255;000m.\033[48;2;181;255;000m.\033[48;2;180;255;000m.\033[48;2;179;255;000m.
\033[48;2;1
     ^~~~~~~~~~~~~~~~~~~~~~~~~~~~~~~~~~~~~~~~~~~~~~~~~~~~~~~~~~~~~~~~~~~~~~~~~~~~~~~~~~~~~~~~~~~~~~~~~~~~~~~~~~~~~~~~~~~~
~~~~~~~~~~~
C:\fltk\fltk\build\test\terminal.cxx:1291:5: warning: missing terminating " character
     "\033[48;2;175;255;000m.\033[48;2;174;255;000m.\033[48;2;173;255;000m.\033[48;2;172;255;000m.\033[48;2;171;255;000m.
\033[48;2;1
     ^
C:\fltk\fltk\build\test\terminal.cxx:1291:5: error: missing terminating " character
     "\033[48;2;175;255;000m.\033[48;2;174;255;000m.\033[48;2;173;255;000m.\033[48;2;172;255;000m.\033[48;2;171;255;000m.
\033[48;2;1
     ^~~~~~~~~~~~~~~~~~~~~~~~~~~~~~~~~~~~~~~~~~~~~~~~~~~~~~~~~~~~~~~~~~~~~~~~~~~~~~~~~~~~~~~~~~~~~~~~~~~~~~~~~~~~~~~~~~~~
~~~~~~~~~~~
C:\fltk\fltk\build\test\terminal.cxx:1292:5: warning: missing terminating " character
     "\033[48;2;167;255;000m.\033[48;2;166;255;000m.\033[48;2;165;255;000m.\033[48;2;164;255;000m.\033[48;2;163;255;000m.
\033[48;2;1
     ^
C:\fltk\fltk\build\test\terminal.cxx:1292:5: error: missing terminating " character
     "\033[48;2;167;255;000m.\033[48;2;166;255;000m.\033[48;2;165;255;000m.\033[48;2;164;255;000m.\033[48;2;163;255;000m.
\033[48;2;1
     ^~~~~~~~~~~~~~~~~~~~~~~~~~~~~~~~~~~~~~~~~~~~~~~~~~~~~~~~~~~~~~~~~~~~~~~~~~~~~~~~~~~~~~~~~~~~~~~~~~~~~~~~~~~~~~~~~~~~
~~~~~~~~~~~
C:\fltk\fltk\build\test\terminal.cxx:1293:5: warning: missing terminating " character
     "\033[48;2;159;255;000m.\033[48;2;158;255;000m.\033[48;2;157;255;000m.\033[48;2;156;255;000m.\033[48;2;155;255;000m.
\033[48;2;1
     ^
C:\fltk\fltk\build\test\terminal.cxx:1293:5: error: missing terminating " character
     "\033[48;2;159;255;000m.\033[48;2;158;255;000m.\033[48;2;157;255;000m.\033[48;2;156;255;000m.\033[48;2;155;255;000m.
\033[48;2;1
     ^~~~~~~~~~~~~~~~~~~~~~~~~~~~~~~~~~~~~~~~~~~~~~~~~~~~~~~~~~~~~~~~~~~~~~~~~~~~~~~~~~~~~~~~~~~~~~~~~~~~~~~~~~~~~~~~~~~~
~~~~~~~~~~~
C:\fltk\fltk\build\test\terminal.cxx:1294:5: warning: missing terminating " character
     "\033[48;2;151;255;000m.\033[48;2;150;255;000m.\033[48;2;149;255;000m.\033[48;2;148;255;000m.\033[48;2;147;255;000m.
\033[48;2;1
     ^
C:\fltk\fltk\build\test\terminal.cxx:1294:5: error: missing terminating " character
     "\033[48;2;151;255;000m.\033[48;2;150;255;000m.\033[48;2;149;255;000m.\033[48;2;148;255;000m.\033[48;2;147;255;000m.
\033[48;2;1
     ^~~~~~~~~~~~~~~~~~~~~~~~~~~~~~~~~~~~~~~~~~~~~~~~~~~~~~~~~~~~~~~~~~~~~~~~~~~~~~~~~~~~~~~~~~~~~~~~~~~~~~~~~~~~~~~~~~~~
~~~~~~~~~~~
C:\fltk\fltk\build\test\terminal.cxx:1295:5: warning: missing terminating " character
     "\033[48;2;143;255;000m.\033[48;2;142;255;000m.\033[48;2;141;255;000m.\033[48;2;140;255;000m.\033[48;2;139;255;000m.
\033[48;2;1
     ^
C:\fltk\fltk\build\test\terminal.cxx:1295:5: error: missing terminating " character
     "\033[48;2;143;255;000m.\033[48;2;142;255;000m.\033[48;2;141;255;000m.\033[48;2;140;255;000m.\033[48;2;139;255;000m.
\033[48;2;1
     ^~~~~~~~~~~~~~~~~~~~~~~~~~~~~~~~~~~~~~~~~~~~~~~~~~~~~~~~~~~~~~~~~~~~~~~~~~~~~~~~~~~~~~~~~~~~~~~~~~~~~~~~~~~~~~~~~~~~
~~~~~~~~~~~
C:\fltk\fltk\build\test\terminal.cxx:1296:5: warning: missing terminating " character
     "\033[48;2;135;255;000m.\033[48;2;134;255;000m.\033[48;2;133;255;000m.\033[48;2;132;255;000m.\033[48;2;131;255;000m.
\033[48;2;1
     ^
C:\fltk\fltk\build\test\terminal.cxx:1296:5: error: missing terminating " character
     "\033[48;2;135;255;000m.\033[48;2;134;255;000m.\033[48;2;133;255;000m.\033[48;2;132;255;000m.\033[48;2;131;255;000m.
\033[48;2;1
     ^~~~~~~~~~~~~~~~~~~~~~~~~~~~~~~~~~~~~~~~~~~~~~~~~~~~~~~~~~~~~~~~~~~~~~~~~~~~~~~~~~~~~~~~~~~~~~~~~~~~~~~~~~~~~~~~~~~~
~~~~~~~~~~~
C:\fltk\fltk\build\test\terminal.cxx:1298:5: warning: missing terminating " character
     "\033[48;2;127;255;000m.\033[48;2;126;255;000m.\033[48;2;125;255;000m.\033[48;2;124;255;000m.\033[48;2;123;255;000m.
\033[48;2;1
     ^
C:\fltk\fltk\build\test\terminal.cxx:1298:5: error: missing terminating " character
     "\033[48;2;127;255;000m.\033[48;2;126;255;000m.\033[48;2;125;255;000m.\033[48;2;124;255;000m.\033[48;2;123;255;000m.
\033[48;2;1
     ^~~~~~~~~~~~~~~~~~~~~~~~~~~~~~~~~~~~~~~~~~~~~~~~~~~~~~~~~~~~~~~~~~~~~~~~~~~~~~~~~~~~~~~~~~~~~~~~~~~~~~~~~~~~~~~~~~~~
~~~~~~~~~~~
C:\fltk\fltk\build\test\terminal.cxx:1299:5: warning: missing terminating " character
     "\033[48;2;119;255;000m.\033[48;2;118;255;000m.\033[48;2;117;255;000m.\033[48;2;116;255;000m.\033[48;2;115;255;000m.
\033[48;2;1
     ^
C:\fltk\fltk\build\test\terminal.cxx:1299:5: error: missing terminating " character
     "\033[48;2;119;255;000m.\033[48;2;118;255;000m.\033[48;2;117;255;000m.\033[48;2;116;255;000m.\033[48;2;115;255;000m.
\033[48;2;1
     ^~~~~~~~~~~~~~~~~~~~~~~~~~~~~~~~~~~~~~~~~~~~~~~~~~~~~~~~~~~~~~~~~~~~~~~~~~~~~~~~~~~~~~~~~~~~~~~~~~~~~~~~~~~~~~~~~~~~
~~~~~~~~~~~
C:\fltk\fltk\build\test\terminal.cxx:1300:5: warning: missing terminating " character
     "\033[48;2;111;255;000m.\033[48;2;110;255;000m.\033[48;2;109;255;000m.\033[48;2;108;255;000m.\033[48;2;107;255;000m.
\033[48;2;1
     ^
C:\fltk\fltk\build\test\terminal.cxx:1300:5: error: missing terminating " character
     "\033[48;2;111;255;000m.\033[48;2;110;255;000m.\033[48;2;109;255;000m.\033[48;2;108;255;000m.\033[48;2;107;255;000m.
\033[48;2;1
     ^~~~~~~~~~~~~~~~~~~~~~~~~~~~~~~~~~~~~~~~~~~~~~~~~~~~~~~~~~~~~~~~~~~~~~~~~~~~~~~~~~~~~~~~~~~~~~~~~~~~~~~~~~~~~~~~~~~~
~~~~~~~~~~~
C:\fltk\fltk\build\test\terminal.cxx:1301:5: warning: missing terminating " character
     "\033[48;2;103;255;000m.\033[48;2;102;255;000m.\033[48;2;101;255;000m.\033[48;2;100;255;000m.\033[48;2;099;255;000m.
\033[48;2;0
     ^
C:\fltk\fltk\build\test\terminal.cxx:1301:5: error: missing terminating " character
     "\033[48;2;103;255;000m.\033[48;2;102;255;000m.\033[48;2;101;255;000m.\033[48;2;100;255;000m.\033[48;2;099;255;000m.
\033[48;2;0
     ^~~~~~~~~~~~~~~~~~~~~~~~~~~~~~~~~~~~~~~~~~~~~~~~~~~~~~~~~~~~~~~~~~~~~~~~~~~~~~~~~~~~~~~~~~~~~~~~~~~~~~~~~~~~~~~~~~~~
~~~~~~~~~~~
C:\fltk\fltk\build\test\terminal.cxx:1302:5: warning: missing terminating " character
     "\033[48;2;095;255;000m.\033[48;2;094;255;000m.\033[48;2;093;255;000m.\033[48;2;092;255;000m.\033[48;2;091;255;000m.
\033[48;2;0
     ^
C:\fltk\fltk\build\test\terminal.cxx:1302:5: error: missing terminating " character
     "\033[48;2;095;255;000m.\033[48;2;094;255;000m.\033[48;2;093;255;000m.\033[48;2;092;255;000m.\033[48;2;091;255;000m.
\033[48;2;0
     ^~~~~~~~~~~~~~~~~~~~~~~~~~~~~~~~~~~~~~~~~~~~~~~~~~~~~~~~~~~~~~~~~~~~~~~~~~~~~~~~~~~~~~~~~~~~~~~~~~~~~~~~~~~~~~~~~~~~
~~~~~~~~~~~
C:\fltk\fltk\build\test\terminal.cxx:1303:5: warning: missing terminating " character
     "\033[48;2;087;255;000m.\033[48;2;086;255;000m.\033[48;2;085;255;000m.\033[48;2;084;255;000m.\033[48;2;083;255;000m.
\033[48;2;0
     ^
C:\fltk\fltk\build\test\terminal.cxx:1303:5: error: missing terminating " character
     "\033[48;2;087;255;000m.\033[48;2;086;255;000m.\033[48;2;085;255;000m.\033[48;2;084;255;000m.\033[48;2;083;255;000m.
\033[48;2;0
     ^~~~~~~~~~~~~~~~~~~~~~~~~~~~~~~~~~~~~~~~~~~~~~~~~~~~~~~~~~~~~~~~~~~~~~~~~~~~~~~~~~~~~~~~~~~~~~~~~~~~~~~~~~~~~~~~~~~~
~~~~~~~~~~~
C:\fltk\fltk\build\test\terminal.cxx:1304:5: warning: missing terminating " character
     "\033[48;2;079;255;000m.\033[48;2;078;255;000m.\033[48;2;077;255;000m.\033[48;2;076;255;000m.\033[48;2;075;255;000m.
\033[48;2;0
     ^
C:\fltk\fltk\build\test\terminal.cxx:1304:5: error: missing terminating " character
     "\033[48;2;079;255;000m.\033[48;2;078;255;000m.\033[48;2;077;255;000m.\033[48;2;076;255;000m.\033[48;2;075;255;000m.
\033[48;2;0
     ^~~~~~~~~~~~~~~~~~~~~~~~~~~~~~~~~~~~~~~~~~~~~~~~~~~~~~~~~~~~~~~~~~~~~~~~~~~~~~~~~~~~~~~~~~~~~~~~~~~~~~~~~~~~~~~~~~~~
~~~~~~~~~~~
C:\fltk\fltk\build\test\terminal.cxx:1305:5: warning: missing terminating " character
     "\033[48;2;071;255;000m.\033[48;2;070;255;000m.\033[48;2;069;255;000m.\033[48;2;068;255;000m.\033[48;2;067;255;000m.
\033[48;2;0
     ^
C:\fltk\fltk\build\test\terminal.cxx:1305:5: error: missing terminating " character
     "\033[48;2;071;255;000m.\033[48;2;070;255;000m.\033[48;2;069;255;000m.\033[48;2;068;255;000m.\033[48;2;067;255;000m.
\033[48;2;0
     ^~~~~~~~~~~~~~~~~~~~~~~~~~~~~~~~~~~~~~~~~~~~~~~~~~~~~~~~~~~~~~~~~~~~~~~~~~~~~~~~~~~~~~~~~~~~~~~~~~~~~~~~~~~~~~~~~~~~
~~~~~~~~~~~
C:\fltk\fltk\build\test\terminal.cxx:1306:5: warning: missing terminating " character
     "\033[48;2;063;255;000m.\033[48;2;062;255;000m.\033[48;2;061;255;000m.\033[48;2;060;255;000m.\033[48;2;059;255;000m.
\033[48;2;0
     ^
C:\fltk\fltk\build\test\terminal.cxx:1306:5: error: missing terminating " character
     "\033[48;2;063;255;000m.\033[48;2;062;255;000m.\033[48;2;061;255;000m.\033[48;2;060;255;000m.\033[48;2;059;255;000m.
\033[48;2;0
     ^~~~~~~~~~~~~~~~~~~~~~~~~~~~~~~~~~~~~~~~~~~~~~~~~~~~~~~~~~~~~~~~~~~~~~~~~~~~~~~~~~~~~~~~~~~~~~~~~~~~~~~~~~~~~~~~~~~~
~~~~~~~~~~~
C:\fltk\fltk\build\test\terminal.cxx:1307:5: warning: missing terminating " character
     "\033[48;2;055;255;000m.\033[48;2;054;255;000m.\033[48;2;053;255;000m.\033[48;2;052;255;000m.\033[48;2;051;255;000m.
\033[48;2;0
     ^
C:\fltk\fltk\build\test\terminal.cxx:1307:5: error: missing terminating " character
     "\033[48;2;055;255;000m.\033[48;2;054;255;000m.\033[48;2;053;255;000m.\033[48;2;052;255;000m.\033[48;2;051;255;000m.
\033[48;2;0
     ^~~~~~~~~~~~~~~~~~~~~~~~~~~~~~~~~~~~~~~~~~~~~~~~~~~~~~~~~~~~~~~~~~~~~~~~~~~~~~~~~~~~~~~~~~~~~~~~~~~~~~~~~~~~~~~~~~~~
~~~~~~~~~~~
C:\fltk\fltk\build\test\terminal.cxx:1308:5: warning: missing terminating " character
     "\033[48;2;047;255;000m.\033[48;2;046;255;000m.\033[48;2;045;255;000m.\033[48;2;044;255;000m.\033[48;2;043;255;000m.
\033[48;2;0
     ^
C:\fltk\fltk\build\test\terminal.cxx:1308:5: error: missing terminating " character
     "\033[48;2;047;255;000m.\033[48;2;046;255;000m.\033[48;2;045;255;000m.\033[48;2;044;255;000m.\033[48;2;043;255;000m.
\033[48;2;0
     ^~~~~~~~~~~~~~~~~~~~~~~~~~~~~~~~~~~~~~~~~~~~~~~~~~~~~~~~~~~~~~~~~~~~~~~~~~~~~~~~~~~~~~~~~~~~~~~~~~~~~~~~~~~~~~~~~~~~
~~~~~~~~~~~
C:\fltk\fltk\build\test\terminal.cxx:1309:5: warning: missing terminating " character
     "\033[48;2;039;255;000m.\033[48;2;038;255;000m.\033[48;2;037;255;000m.\033[48;2;036;255;000m.\033[48;2;035;255;000m.
\033[48;2;0
     ^
C:\fltk\fltk\build\test\terminal.cxx:1309:5: error: missing terminating " character
     "\033[48;2;039;255;000m.\033[48;2;038;255;000m.\033[48;2;037;255;000m.\033[48;2;036;255;000m.\033[48;2;035;255;000m.
\033[48;2;0
     ^~~~~~~~~~~~~~~~~~~~~~~~~~~~~~~~~~~~~~~~~~~~~~~~~~~~~~~~~~~~~~~~~~~~~~~~~~~~~~~~~~~~~~~~~~~~~~~~~~~~~~~~~~~~~~~~~~~~
~~~~~~~~~~~
C:\fltk\fltk\build\test\terminal.cxx:1311:5: warning: missing terminating " character
     "\033[48;2;031;255;000m.\033[48;2;030;255;000m.\033[48;2;029;255;000m.\033[48;2;028;255;000m.\033[48;2;027;255;000m.
\033[48;2;0
     ^
C:\fltk\fltk\build\test\terminal.cxx:1311:5: error: missing terminating " character
     "\033[48;2;031;255;000m.\033[48;2;030;255;000m.\033[48;2;029;255;000m.\033[48;2;028;255;000m.\033[48;2;027;255;000m.
\033[48;2;0
     ^~~~~~~~~~~~~~~~~~~~~~~~~~~~~~~~~~~~~~~~~~~~~~~~~~~~~~~~~~~~~~~~~~~~~~~~~~~~~~~~~~~~~~~~~~~~~~~~~~~~~~~~~~~~~~~~~~~~
~~~~~~~~~~~
C:\fltk\fltk\build\test\terminal.cxx:1312:5: warning: missing terminating " character
     "\033[48;2;023;255;000m.\033[48;2;022;255;000m.\033[48;2;021;255;000m.\033[48;2;020;255;000m.\033[48;2;019;255;000m.
\033[48;2;0
     ^
C:\fltk\fltk\build\test\terminal.cxx:1312:5: error: missing terminating " character
     "\033[48;2;023;255;000m.\033[48;2;022;255;000m.\033[48;2;021;255;000m.\033[48;2;020;255;000m.\033[48;2;019;255;000m.
\033[48;2;0
     ^~~~~~~~~~~~~~~~~~~~~~~~~~~~~~~~~~~~~~~~~~~~~~~~~~~~~~~~~~~~~~~~~~~~~~~~~~~~~~~~~~~~~~~~~~~~~~~~~~~~~~~~~~~~~~~~~~~~
~~~~~~~~~~~
C:\fltk\fltk\build\test\terminal.cxx:1313:5: warning: missing terminating " character
     "\033[48;2;015;255;000m.\033[48;2;014;255;000m.\033[48;2;013;255;000m.\033[48;2;012;255;000m.\033[48;2;011;255;000m.
\033[48;2;0
     ^
C:\fltk\fltk\build\test\terminal.cxx:1313:5: error: missing terminating " character
     "\033[48;2;015;255;000m.\033[48;2;014;255;000m.\033[48;2;013;255;000m.\033[48;2;012;255;000m.\033[48;2;011;255;000m.
\033[48;2;0
     ^~~~~~~~~~~~~~~~~~~~~~~~~~~~~~~~~~~~~~~~~~~~~~~~~~~~~~~~~~~~~~~~~~~~~~~~~~~~~~~~~~~~~~~~~~~~~~~~~~~~~~~~~~~~~~~~~~~~
~~~~~~~~~~~
C:\fltk\fltk\build\test\terminal.cxx:1314:5: warning: missing terminating " character
     "\033[48;2;007;255;000m.\033[48;2;006;255;000m.\033[48;2;005;255;000m.\033[48;2;004;255;000m.\033[48;2;003;255;000m.
\033[48;2;0
     ^
C:\fltk\fltk\build\test\terminal.cxx:1314:5: error: missing terminating " character
     "\033[48;2;007;255;000m.\033[48;2;006;255;000m.\033[48;2;005;255;000m.\033[48;2;004;255;000m.\033[48;2;003;255;000m.
\033[48;2;0
     ^~~~~~~~~~~~~~~~~~~~~~~~~~~~~~~~~~~~~~~~~~~~~~~~~~~~~~~~~~~~~~~~~~~~~~~~~~~~~~~~~~~~~~~~~~~~~~~~~~~~~~~~~~~~~~~~~~~~
~~~~~~~~~~~
C:\fltk\fltk\build\test\terminal.cxx:1315:5: warning: missing terminating " character
     "\033[48;2;000;255;000m.\033[48;2;000;255;001m.\033[48;2;000;255;002m.\033[48;2;000;255;003m.\033[48;2;000;255;004m.
\033[48;2;0
     ^
C:\fltk\fltk\build\test\terminal.cxx:1315:5: error: missing terminating " character
     "\033[48;2;000;255;000m.\033[48;2;000;255;001m.\033[48;2;000;255;002m.\033[48;2;000;255;003m.\033[48;2;000;255;004m.
\033[48;2;0
     ^~~~~~~~~~~~~~~~~~~~~~~~~~~~~~~~~~~~~~~~~~~~~~~~~~~~~~~~~~~~~~~~~~~~~~~~~~~~~~~~~~~~~~~~~~~~~~~~~~~~~~~~~~~~~~~~~~~~
~~~~~~~~~~~
C:\fltk\fltk\build\test\terminal.cxx:1316:5: warning: missing terminating " character
     "\033[48;2;000;255;008m.\033[48;2;000;255;009m.\033[48;2;000;255;010m.\033[48;2;000;255;011m.\033[48;2;000;255;012m.
\033[48;2;0
     ^
C:\fltk\fltk\build\test\terminal.cxx:1316:5: error: missing terminating " character
     "\033[48;2;000;255;008m.\033[48;2;000;255;009m.\033[48;2;000;255;010m.\033[48;2;000;255;011m.\033[48;2;000;255;012m.
\033[48;2;0
     ^~~~~~~~~~~~~~~~~~~~~~~~~~~~~~~~~~~~~~~~~~~~~~~~~~~~~~~~~~~~~~~~~~~~~~~~~~~~~~~~~~~~~~~~~~~~~~~~~~~~~~~~~~~~~~~~~~~~
~~~~~~~~~~~
C:\fltk\fltk\build\test\terminal.cxx:1317:5: warning: missing terminating " character
     "\033[48;2;000;255;016m.\033[48;2;000;255;017m.\033[48;2;000;255;018m.\033[48;2;000;255;019m.\033[48;2;000;255;020m.
\033[48;2;0
     ^
C:\fltk\fltk\build\test\terminal.cxx:1317:5: error: missing terminating " character
     "\033[48;2;000;255;016m.\033[48;2;000;255;017m.\033[48;2;000;255;018m.\033[48;2;000;255;019m.\033[48;2;000;255;020m.
\033[48;2;0
     ^~~~~~~~~~~~~~~~~~~~~~~~~~~~~~~~~~~~~~~~~~~~~~~~~~~~~~~~~~~~~~~~~~~~~~~~~~~~~~~~~~~~~~~~~~~~~~~~~~~~~~~~~~~~~~~~~~~~
~~~~~~~~~~~
C:\fltk\fltk\build\test\terminal.cxx:1318:5: warning: missing terminating " character
     "\033[48;2;000;255;024m.\033[48;2;000;255;025m.\033[48;2;000;255;026m.\033[48;2;000;255;027m.\033[48;2;000;255;028m.
\033[48;2;0
     ^
C:\fltk\fltk\build\test\terminal.cxx:1318:5: error: missing terminating " character
     "\033[48;2;000;255;024m.\033[48;2;000;255;025m.\033[48;2;000;255;026m.\033[48;2;000;255;027m.\033[48;2;000;255;028m.
\033[48;2;0
     ^~~~~~~~~~~~~~~~~~~~~~~~~~~~~~~~~~~~~~~~~~~~~~~~~~~~~~~~~~~~~~~~~~~~~~~~~~~~~~~~~~~~~~~~~~~~~~~~~~~~~~~~~~~~~~~~~~~~
~~~~~~~~~~~
C:\fltk\fltk\build\test\terminal.cxx:1319:5: warning: missing terminating " character
     "\033[48;2;000;255;032m.\033[48;2;000;255;033m.\033[48;2;000;255;034m.\033[48;2;000;255;035m.\033[48;2;000;255;036m.
\033[48;2;0
     ^
C:\fltk\fltk\build\test\terminal.cxx:1319:5: error: missing terminating " character
     "\033[48;2;000;255;032m.\033[48;2;000;255;033m.\033[48;2;000;255;034m.\033[48;2;000;255;035m.\033[48;2;000;255;036m.
\033[48;2;0
     ^~~~~~~~~~~~~~~~~~~~~~~~~~~~~~~~~~~~~~~~~~~~~~~~~~~~~~~~~~~~~~~~~~~~~~~~~~~~~~~~~~~~~~~~~~~~~~~~~~~~~~~~~~~~~~~~~~~~
~~~~~~~~~~~
C:\fltk\fltk\build\test\terminal.cxx:1320:5: warning: missing terminating " character
     "\033[48;2;000;255;040m.\033[48;2;000;255;041m.\033[48;2;000;255;042m.\033[48;2;000;255;043m.\033[48;2;000;255;044m.
\033[48;2;0
     ^
C:\fltk\fltk\build\test\terminal.cxx:1320:5: error: missing terminating " character
     "\033[48;2;000;255;040m.\033[48;2;000;255;041m.\033[48;2;000;255;042m.\033[48;2;000;255;043m.\033[48;2;000;255;044m.
\033[48;2;0
     ^~~~~~~~~~~~~~~~~~~~~~~~~~~~~~~~~~~~~~~~~~~~~~~~~~~~~~~~~~~~~~~~~~~~~~~~~~~~~~~~~~~~~~~~~~~~~~~~~~~~~~~~~~~~~~~~~~~~
~~~~~~~~~~~
C:\fltk\fltk\build\test\terminal.cxx:1321:5: warning: missing terminating " character
     "\033[48;2;000;255;048m.\033[48;2;000;255;049m.\033[48;2;000;255;050m.\033[48;2;000;255;051m.\033[48;2;000;255;052m.
\033[48;2;0
     ^
C:\fltk\fltk\build\test\terminal.cxx:1321:5: error: missing terminating " character
     "\033[48;2;000;255;048m.\033[48;2;000;255;049m.\033[48;2;000;255;050m.\033[48;2;000;255;051m.\033[48;2;000;255;052m.
\033[48;2;0
     ^~~~~~~~~~~~~~~~~~~~~~~~~~~~~~~~~~~~~~~~~~~~~~~~~~~~~~~~~~~~~~~~~~~~~~~~~~~~~~~~~~~~~~~~~~~~~~~~~~~~~~~~~~~~~~~~~~~~
~~~~~~~~~~~
C:\fltk\fltk\build\test\terminal.cxx:1322:5: warning: missing terminating " character
     "\033[48;2;000;255;056m.\033[48;2;000;255;057m.\033[48;2;000;255;058m.\033[48;2;000;255;059m.\033[48;2;000;255;060m.
\033[48;2;0
     ^
C:\fltk\fltk\build\test\terminal.cxx:1322:5: error: missing terminating " character
     "\033[48;2;000;255;056m.\033[48;2;000;255;057m.\033[48;2;000;255;058m.\033[48;2;000;255;059m.\033[48;2;000;255;060m.
\033[48;2;0
     ^~~~~~~~~~~~~~~~~~~~~~~~~~~~~~~~~~~~~~~~~~~~~~~~~~~~~~~~~~~~~~~~~~~~~~~~~~~~~~~~~~~~~~~~~~~~~~~~~~~~~~~~~~~~~~~~~~~~
~~~~~~~~~~~
C:\fltk\fltk\build\test\terminal.cxx:1324:5: warning: missing terminating " character
     "\033[48;2;000;255;064m.\033[48;2;000;255;065m.\033[48;2;000;255;066m.\033[48;2;000;255;067m.\033[48;2;000;255;068m.
\033[48;2;0
     ^
C:\fltk\fltk\build\test\terminal.cxx:1324:5: error: missing terminating " character
     "\033[48;2;000;255;064m.\033[48;2;000;255;065m.\033[48;2;000;255;066m.\033[48;2;000;255;067m.\033[48;2;000;255;068m.
\033[48;2;0
     ^~~~~~~~~~~~~~~~~~~~~~~~~~~~~~~~~~~~~~~~~~~~~~~~~~~~~~~~~~~~~~~~~~~~~~~~~~~~~~~~~~~~~~~~~~~~~~~~~~~~~~~~~~~~~~~~~~~~
~~~~~~~~~~~
C:\fltk\fltk\build\test\terminal.cxx:1325:5: warning: missing terminating " character
     "\033[48;2;000;255;072m.\033[48;2;000;255;073m.\033[48;2;000;255;074m.\033[48;2;000;255;075m.\033[48;2;000;255;076m.
\033[48;2;0
     ^
C:\fltk\fltk\build\test\terminal.cxx:1325:5: error: missing terminating " character
     "\033[48;2;000;255;072m.\033[48;2;000;255;073m.\033[48;2;000;255;074m.\033[48;2;000;255;075m.\033[48;2;000;255;076m.
\033[48;2;0
     ^~~~~~~~~~~~~~~~~~~~~~~~~~~~~~~~~~~~~~~~~~~~~~~~~~~~~~~~~~~~~~~~~~~~~~~~~~~~~~~~~~~~~~~~~~~~~~~~~~~~~~~~~~~~~~~~~~~~
~~~~~~~~~~~
C:\fltk\fltk\build\test\terminal.cxx:1326:5: warning: missing terminating " character
     "\033[48;2;000;255;080m.\033[48;2;000;255;081m.\033[48;2;000;255;082m.\033[48;2;000;255;083m.\033[48;2;000;255;084m.
\033[48;2;0
     ^
C:\fltk\fltk\build\test\terminal.cxx:1326:5: error: missing terminating " character
     "\033[48;2;000;255;080m.\033[48;2;000;255;081m.\033[48;2;000;255;082m.\033[48;2;000;255;083m.\033[48;2;000;255;084m.
\033[48;2;0
     ^~~~~~~~~~~~~~~~~~~~~~~~~~~~~~~~~~~~~~~~~~~~~~~~~~~~~~~~~~~~~~~~~~~~~~~~~~~~~~~~~~~~~~~~~~~~~~~~~~~~~~~~~~~~~~~~~~~~
~~~~~~~~~~~
C:\fltk\fltk\build\test\terminal.cxx:1327:5: warning: missing terminating " character
     "\033[48;2;000;255;088m.\033[48;2;000;255;089m.\033[48;2;000;255;090m.\033[48;2;000;255;091m.\033[48;2;000;255;092m.
\033[48;2;0
     ^
C:\fltk\fltk\build\test\terminal.cxx:1327:5: error: missing terminating " character
     "\033[48;2;000;255;088m.\033[48;2;000;255;089m.\033[48;2;000;255;090m.\033[48;2;000;255;091m.\033[48;2;000;255;092m.
\033[48;2;0
     ^~~~~~~~~~~~~~~~~~~~~~~~~~~~~~~~~~~~~~~~~~~~~~~~~~~~~~~~~~~~~~~~~~~~~~~~~~~~~~~~~~~~~~~~~~~~~~~~~~~~~~~~~~~~~~~~~~~~
~~~~~~~~~~~
C:\fltk\fltk\build\test\terminal.cxx:1328:5: warning: missing terminating " character
     "\033[48;2;000;255;096m.\033[48;2;000;255;097m.\033[48;2;000;255;098m.\033[48;2;000;255;099m.\033[48;2;000;255;100m.
\033[48;2;0
     ^
C:\fltk\fltk\build\test\terminal.cxx:1328:5: error: missing terminating " character
     "\033[48;2;000;255;096m.\033[48;2;000;255;097m.\033[48;2;000;255;098m.\033[48;2;000;255;099m.\033[48;2;000;255;100m.
\033[48;2;0
     ^~~~~~~~~~~~~~~~~~~~~~~~~~~~~~~~~~~~~~~~~~~~~~~~~~~~~~~~~~~~~~~~~~~~~~~~~~~~~~~~~~~~~~~~~~~~~~~~~~~~~~~~~~~~~~~~~~~~
~~~~~~~~~~~
C:\fltk\fltk\build\test\terminal.cxx:1329:5: warning: missing terminating " character
     "\033[48;2;000;255;104m.\033[48;2;000;255;105m.\033[48;2;000;255;106m.\033[48;2;000;255;107m.\033[48;2;000;255;108m.
\033[48;2;0
     ^
C:\fltk\fltk\build\test\terminal.cxx:1329:5: error: missing terminating " character
     "\033[48;2;000;255;104m.\033[48;2;000;255;105m.\033[48;2;000;255;106m.\033[48;2;000;255;107m.\033[48;2;000;255;108m.
\033[48;2;0
     ^~~~~~~~~~~~~~~~~~~~~~~~~~~~~~~~~~~~~~~~~~~~~~~~~~~~~~~~~~~~~~~~~~~~~~~~~~~~~~~~~~~~~~~~~~~~~~~~~~~~~~~~~~~~~~~~~~~~
~~~~~~~~~~~
C:\fltk\fltk\build\test\terminal.cxx:1330:5: warning: missing terminating " character
     "\033[48;2;000;255;112m.\033[48;2;000;255;113m.\033[48;2;000;255;114m.\033[48;2;000;255;115m.\033[48;2;000;255;116m.
\033[48;2;0
     ^
C:\fltk\fltk\build\test\terminal.cxx:1330:5: error: missing terminating " character
     "\033[48;2;000;255;112m.\033[48;2;000;255;113m.\033[48;2;000;255;114m.\033[48;2;000;255;115m.\033[48;2;000;255;116m.
\033[48;2;0
     ^~~~~~~~~~~~~~~~~~~~~~~~~~~~~~~~~~~~~~~~~~~~~~~~~~~~~~~~~~~~~~~~~~~~~~~~~~~~~~~~~~~~~~~~~~~~~~~~~~~~~~~~~~~~~~~~~~~~
~~~~~~~~~~~
C:\fltk\fltk\build\test\terminal.cxx:1331:5: warning: missing terminating " character
     "\033[48;2;000;255;120m.\033[48;2;000;255;121m.\033[48;2;000;255;122m.\033[48;2;000;255;123m.\033[48;2;000;255;124m.
\033[48;2;0
     ^
C:\fltk\fltk\build\test\terminal.cxx:1331:5: error: missing terminating " character
     "\033[48;2;000;255;120m.\033[48;2;000;255;121m.\033[48;2;000;255;122m.\033[48;2;000;255;123m.\033[48;2;000;255;124m.
\033[48;2;0
     ^~~~~~~~~~~~~~~~~~~~~~~~~~~~~~~~~~~~~~~~~~~~~~~~~~~~~~~~~~~~~~~~~~~~~~~~~~~~~~~~~~~~~~~~~~~~~~~~~~~~~~~~~~~~~~~~~~~~
~~~~~~~~~~~
C:\fltk\fltk\build\test\terminal.cxx:1332:5: warning: missing terminating " character
     "\033[48;2;000;255;128m.\033[48;2;000;255;129m.\033[48;2;000;255;130m.\033[48;2;000;255;131m.\033[48;2;000;255;132m.
\033[48;2;0
     ^
C:\fltk\fltk\build\test\terminal.cxx:1332:5: error: missing terminating " character
     "\033[48;2;000;255;128m.\033[48;2;000;255;129m.\033[48;2;000;255;130m.\033[48;2;000;255;131m.\033[48;2;000;255;132m.
\033[48;2;0
     ^~~~~~~~~~~~~~~~~~~~~~~~~~~~~~~~~~~~~~~~~~~~~~~~~~~~~~~~~~~~~~~~~~~~~~~~~~~~~~~~~~~~~~~~~~~~~~~~~~~~~~~~~~~~~~~~~~~~
~~~~~~~~~~~
C:\fltk\fltk\build\test\terminal.cxx:1333:5: warning: missing terminating " character
     "\033[48;2;000;255;136m.\033[48;2;000;255;137m.\033[48;2;000;255;138m.\033[48;2;000;255;139m.\033[48;2;000;255;140m.
\033[48;2;0
     ^
C:\fltk\fltk\build\test\terminal.cxx:1333:5: error: missing terminating " character
     "\033[48;2;000;255;136m.\033[48;2;000;255;137m.\033[48;2;000;255;138m.\033[48;2;000;255;139m.\033[48;2;000;255;140m.
\033[48;2;0
     ^~~~~~~~~~~~~~~~~~~~~~~~~~~~~~~~~~~~~~~~~~~~~~~~~~~~~~~~~~~~~~~~~~~~~~~~~~~~~~~~~~~~~~~~~~~~~~~~~~~~~~~~~~~~~~~~~~~~
~~~~~~~~~~~
C:\fltk\fltk\build\test\terminal.cxx:1334:5: warning: missing terminating " character
     "\033[48;2;000;255;144m.\033[48;2;000;255;145m.\033[48;2;000;255;146m.\033[48;2;000;255;147m.\033[48;2;000;255;148m.
\033[48;2;0
     ^
C:\fltk\fltk\build\test\terminal.cxx:1334:5: error: missing terminating " character
     "\033[48;2;000;255;144m.\033[48;2;000;255;145m.\033[48;2;000;255;146m.\033[48;2;000;255;147m.\033[48;2;000;255;148m.
\033[48;2;0
     ^~~~~~~~~~~~~~~~~~~~~~~~~~~~~~~~~~~~~~~~~~~~~~~~~~~~~~~~~~~~~~~~~~~~~~~~~~~~~~~~~~~~~~~~~~~~~~~~~~~~~~~~~~~~~~~~~~~~
~~~~~~~~~~~
C:\fltk\fltk\build\test\terminal.cxx:1335:5: warning: missing terminating " character
     "\033[48;2;000;255;152m.\033[48;2;000;255;153m.\033[48;2;000;255;154m.\033[48;2;000;255;155m.\033[48;2;000;255;156m.
\033[48;2;0
     ^
C:\fltk\fltk\build\test\terminal.cxx:1335:5: error: missing terminating " character
     "\033[48;2;000;255;152m.\033[48;2;000;255;153m.\033[48;2;000;255;154m.\033[48;2;000;255;155m.\033[48;2;000;255;156m.
\033[48;2;0
     ^~~~~~~~~~~~~~~~~~~~~~~~~~~~~~~~~~~~~~~~~~~~~~~~~~~~~~~~~~~~~~~~~~~~~~~~~~~~~~~~~~~~~~~~~~~~~~~~~~~~~~~~~~~~~~~~~~~~
~~~~~~~~~~~
C:\fltk\fltk\build\test\terminal.cxx:1337:5: warning: missing terminating " character
     "\033[48;2;000;255;160m.\033[48;2;000;255;161m.\033[48;2;000;255;162m.\033[48;2;000;255;163m.\033[48;2;000;255;164m.
\033[48;2;0
     ^
C:\fltk\fltk\build\test\terminal.cxx:1337:5: error: missing terminating " character
     "\033[48;2;000;255;160m.\033[48;2;000;255;161m.\033[48;2;000;255;162m.\033[48;2;000;255;163m.\033[48;2;000;255;164m.
\033[48;2;0
     ^~~~~~~~~~~~~~~~~~~~~~~~~~~~~~~~~~~~~~~~~~~~~~~~~~~~~~~~~~~~~~~~~~~~~~~~~~~~~~~~~~~~~~~~~~~~~~~~~~~~~~~~~~~~~~~~~~~~
~~~~~~~~~~~
C:\fltk\fltk\build\test\terminal.cxx:1338:5: warning: missing terminating " character
     "\033[48;2;000;255;168m.\033[48;2;000;255;169m.\033[48;2;000;255;170m.\033[48;2;000;255;171m.\033[48;2;000;255;172m.
\033[48;2;0
     ^
C:\fltk\fltk\build\test\terminal.cxx:1338:5: error: missing terminating " character
     "\033[48;2;000;255;168m.\033[48;2;000;255;169m.\033[48;2;000;255;170m.\033[48;2;000;255;171m.\033[48;2;000;255;172m.
\033[48;2;0
     ^~~~~~~~~~~~~~~~~~~~~~~~~~~~~~~~~~~~~~~~~~~~~~~~~~~~~~~~~~~~~~~~~~~~~~~~~~~~~~~~~~~~~~~~~~~~~~~~~~~~~~~~~~~~~~~~~~~~
~~~~~~~~~~~
C:\fltk\fltk\build\test\terminal.cxx:1339:5: warning: missing terminating " character
     "\033[48;2;000;255;176m.\033[48;2;000;255;177m.\033[48;2;000;255;178m.\033[48;2;000;255;179m.\033[48;2;000;255;180m.
\033[48;2;0
     ^
C:\fltk\fltk\build\test\terminal.cxx:1339:5: error: missing terminating " character
     "\033[48;2;000;255;176m.\033[48;2;000;255;177m.\033[48;2;000;255;178m.\033[48;2;000;255;179m.\033[48;2;000;255;180m.
\033[48;2;0
     ^~~~~~~~~~~~~~~~~~~~~~~~~~~~~~~~~~~~~~~~~~~~~~~~~~~~~~~~~~~~~~~~~~~~~~~~~~~~~~~~~~~~~~~~~~~~~~~~~~~~~~~~~~~~~~~~~~~~
~~~~~~~~~~~
C:\fltk\fltk\build\test\terminal.cxx:1340:5: warning: missing terminating " character
     "\033[48;2;000;255;184m.\033[48;2;000;255;185m.\033[48;2;000;255;186m.\033[48;2;000;255;187m.\033[48;2;000;255;188m.
\033[48;2;0
     ^
C:\fltk\fltk\build\test\terminal.cxx:1340:5: error: missing terminating " character
     "\033[48;2;000;255;184m.\033[48;2;000;255;185m.\033[48;2;000;255;186m.\033[48;2;000;255;187m.\033[48;2;000;255;188m.
\033[48;2;0
     ^~~~~~~~~~~~~~~~~~~~~~~~~~~~~~~~~~~~~~~~~~~~~~~~~~~~~~~~~~~~~~~~~~~~~~~~~~~~~~~~~~~~~~~~~~~~~~~~~~~~~~~~~~~~~~~~~~~~
~~~~~~~~~~~
C:\fltk\fltk\build\test\terminal.cxx:1341:5: warning: missing terminating " character
     "\033[48;2;000;255;192m.\033[48;2;000;255;193m.\033[48;2;000;255;194m.\033[48;2;000;255;195m.\033[48;2;000;255;196m.
\033[48;2;0
     ^
C:\fltk\fltk\build\test\terminal.cxx:1341:5: error: missing terminating " character
     "\033[48;2;000;255;192m.\033[48;2;000;255;193m.\033[48;2;000;255;194m.\033[48;2;000;255;195m.\033[48;2;000;255;196m.
\033[48;2;0
     ^~~~~~~~~~~~~~~~~~~~~~~~~~~~~~~~~~~~~~~~~~~~~~~~~~~~~~~~~~~~~~~~~~~~~~~~~~~~~~~~~~~~~~~~~~~~~~~~~~~~~~~~~~~~~~~~~~~~
~~~~~~~~~~~
C:\fltk\fltk\build\test\terminal.cxx:1342:5: warning: missing terminating " character
     "\033[48;2;000;255;200m.\033[48;2;000;255;201m.\033[48;2;000;255;202m.\033[48;2;000;255;203m.\033[48;2;000;255;204m.
\033[48;2;0
     ^
C:\fltk\fltk\build\test\terminal.cxx:1342:5: error: missing terminating " character
     "\033[48;2;000;255;200m.\033[48;2;000;255;201m.\033[48;2;000;255;202m.\033[48;2;000;255;203m.\033[48;2;000;255;204m.
\033[48;2;0
     ^~~~~~~~~~~~~~~~~~~~~~~~~~~~~~~~~~~~~~~~~~~~~~~~~~~~~~~~~~~~~~~~~~~~~~~~~~~~~~~~~~~~~~~~~~~~~~~~~~~~~~~~~~~~~~~~~~~~
~~~~~~~~~~~
C:\fltk\fltk\build\test\terminal.cxx:1343:5: warning: missing terminating " character
     "\033[48;2;000;255;208m.\033[48;2;000;255;209m.\033[48;2;000;255;210m.\033[48;2;000;255;211m.\033[48;2;000;255;212m.
\033[48;2;0
     ^
C:\fltk\fltk\build\test\terminal.cxx:1343:5: error: missing terminating " character
     "\033[48;2;000;255;208m.\033[48;2;000;255;209m.\033[48;2;000;255;210m.\033[48;2;000;255;211m.\033[48;2;000;255;212m.
\033[48;2;0
     ^~~~~~~~~~~~~~~~~~~~~~~~~~~~~~~~~~~~~~~~~~~~~~~~~~~~~~~~~~~~~~~~~~~~~~~~~~~~~~~~~~~~~~~~~~~~~~~~~~~~~~~~~~~~~~~~~~~~
~~~~~~~~~~~
C:\fltk\fltk\build\test\terminal.cxx:1344:5: warning: missing terminating " character
     "\033[48;2;000;255;216m.\033[48;2;000;255;217m.\033[48;2;000;255;218m.\033[48;2;000;255;219m.\033[48;2;000;255;220m.
\033[48;2;0
     ^
C:\fltk\fltk\build\test\terminal.cxx:1344:5: error: missing terminating " character
     "\033[48;2;000;255;216m.\033[48;2;000;255;217m.\033[48;2;000;255;218m.\033[48;2;000;255;219m.\033[48;2;000;255;220m.
\033[48;2;0
     ^~~~~~~~~~~~~~~~~~~~~~~~~~~~~~~~~~~~~~~~~~~~~~~~~~~~~~~~~~~~~~~~~~~~~~~~~~~~~~~~~~~~~~~~~~~~~~~~~~~~~~~~~~~~~~~~~~~~
~~~~~~~~~~~
C:\fltk\fltk\build\test\terminal.cxx:1345:5: warning: missing terminating " character
     "\033[48;2;000;255;224m.\033[48;2;000;255;225m.\033[48;2;000;255;226m.\033[48;2;000;255;227m.\033[48;2;000;255;228m.
\033[48;2;0
     ^
C:\fltk\fltk\build\test\terminal.cxx:1345:5: error: missing terminating " character
     "\033[48;2;000;255;224m.\033[48;2;000;255;225m.\033[48;2;000;255;226m.\033[48;2;000;255;227m.\033[48;2;000;255;228m.
\033[48;2;0
     ^~~~~~~~~~~~~~~~~~~~~~~~~~~~~~~~~~~~~~~~~~~~~~~~~~~~~~~~~~~~~~~~~~~~~~~~~~~~~~~~~~~~~~~~~~~~~~~~~~~~~~~~~~~~~~~~~~~~
~~~~~~~~~~~
C:\fltk\fltk\build\test\terminal.cxx:1346:5: warning: missing terminating " character
     "\033[48;2;000;255;232m.\033[48;2;000;255;233m.\033[48;2;000;255;234m.\033[48;2;000;255;235m.\033[48;2;000;255;236m.
\033[48;2;0
     ^
C:\fltk\fltk\build\test\terminal.cxx:1346:5: error: missing terminating " character
     "\033[48;2;000;255;232m.\033[48;2;000;255;233m.\033[48;2;000;255;234m.\033[48;2;000;255;235m.\033[48;2;000;255;236m.
\033[48;2;0
     ^~~~~~~~~~~~~~~~~~~~~~~~~~~~~~~~~~~~~~~~~~~~~~~~~~~~~~~~~~~~~~~~~~~~~~~~~~~~~~~~~~~~~~~~~~~~~~~~~~~~~~~~~~~~~~~~~~~~
~~~~~~~~~~~
C:\fltk\fltk\build\test\terminal.cxx:1347:5: warning: missing terminating " character
     "\033[48;2;000;255;240m.\033[48;2;000;255;241m.\033[48;2;000;255;242m.\033[48;2;000;255;243m.\033[48;2;000;255;244m.
\033[48;2;0
     ^
C:\fltk\fltk\build\test\terminal.cxx:1347:5: error: missing terminating " character
     "\033[48;2;000;255;240m.\033[48;2;000;255;241m.\033[48;2;000;255;242m.\033[48;2;000;255;243m.\033[48;2;000;255;244m.
\033[48;2;0
     ^~~~~~~~~~~~~~~~~~~~~~~~~~~~~~~~~~~~~~~~~~~~~~~~~~~~~~~~~~~~~~~~~~~~~~~~~~~~~~~~~~~~~~~~~~~~~~~~~~~~~~~~~~~~~~~~~~~~
~~~~~~~~~~~
C:\fltk\fltk\build\test\terminal.cxx:1348:5: warning: missing terminating " character
     "\033[48;2;000;255;248m.\033[48;2;000;255;249m.\033[48;2;000;255;250m.\033[48;2;000;255;251m.\033[48;2;000;255;252m.
\033[48;2;0
     ^
C:\fltk\fltk\build\test\terminal.cxx:1348:5: error: missing terminating " character
     "\033[48;2;000;255;248m.\033[48;2;000;255;249m.\033[48;2;000;255;250m.\033[48;2;000;255;251m.\033[48;2;000;255;252m.
\033[48;2;0
     ^~~~~~~~~~~~~~~~~~~~~~~~~~~~~~~~~~~~~~~~~~~~~~~~~~~~~~~~~~~~~~~~~~~~~~~~~~~~~~~~~~~~~~~~~~~~~~~~~~~~~~~~~~~~~~~~~~~~
~~~~~~~~~~~
C:\fltk\fltk\build\test\terminal.cxx:1350:5: warning: missing terminating " character
     "\033[48;2;000;255;255m.\033[48;2;000;254;255m.\033[48;2;000;253;255m.\033[48;2;000;252;255m.\033[48;2;000;251;255m.
\033[48;2;0
     ^
C:\fltk\fltk\build\test\terminal.cxx:1350:5: error: missing terminating " character
     "\033[48;2;000;255;255m.\033[48;2;000;254;255m.\033[48;2;000;253;255m.\033[48;2;000;252;255m.\033[48;2;000;251;255m.
\033[48;2;0
     ^~~~~~~~~~~~~~~~~~~~~~~~~~~~~~~~~~~~~~~~~~~~~~~~~~~~~~~~~~~~~~~~~~~~~~~~~~~~~~~~~~~~~~~~~~~~~~~~~~~~~~~~~~~~~~~~~~~~
~~~~~~~~~~~
C:\fltk\fltk\build\test\terminal.cxx:1351:5: warning: missing terminating " character
     "\033[48;2;000;247;255m.\033[48;2;000;246;255m.\033[48;2;000;245;255m.\033[48;2;000;244;255m.\033[48;2;000;243;255m.
\033[48;2;0
     ^
C:\fltk\fltk\build\test\terminal.cxx:1351:5: error: missing terminating " character
     "\033[48;2;000;247;255m.\033[48;2;000;246;255m.\033[48;2;000;245;255m.\033[48;2;000;244;255m.\033[48;2;000;243;255m.
\033[48;2;0
     ^~~~~~~~~~~~~~~~~~~~~~~~~~~~~~~~~~~~~~~~~~~~~~~~~~~~~~~~~~~~~~~~~~~~~~~~~~~~~~~~~~~~~~~~~~~~~~~~~~~~~~~~~~~~~~~~~~~~
~~~~~~~~~~~
C:\fltk\fltk\build\test\terminal.cxx:1352:5: warning: missing terminating " character
     "\033[48;2;000;239;255m.\033[48;2;000;238;255m.\033[48;2;000;237;255m.\033[48;2;000;236;255m.\033[48;2;000;235;255m.
\033[48;2;0
     ^
C:\fltk\fltk\build\test\terminal.cxx:1352:5: error: missing terminating " character
     "\033[48;2;000;239;255m.\033[48;2;000;238;255m.\033[48;2;000;237;255m.\033[48;2;000;236;255m.\033[48;2;000;235;255m.
\033[48;2;0
     ^~~~~~~~~~~~~~~~~~~~~~~~~~~~~~~~~~~~~~~~~~~~~~~~~~~~~~~~~~~~~~~~~~~~~~~~~~~~~~~~~~~~~~~~~~~~~~~~~~~~~~~~~~~~~~~~~~~~
~~~~~~~~~~~
C:\fltk\fltk\build\test\terminal.cxx:1353:5: warning: missing terminating " character
     "\033[48;2;000;231;255m.\033[48;2;000;230;255m.\033[48;2;000;229;255m.\033[48;2;000;228;255m.\033[48;2;000;227;255m.
\033[48;2;0
     ^
C:\fltk\fltk\build\test\terminal.cxx:1353:5: error: missing terminating " character
     "\033[48;2;000;231;255m.\033[48;2;000;230;255m.\033[48;2;000;229;255m.\033[48;2;000;228;255m.\033[48;2;000;227;255m.
\033[48;2;0
     ^~~~~~~~~~~~~~~~~~~~~~~~~~~~~~~~~~~~~~~~~~~~~~~~~~~~~~~~~~~~~~~~~~~~~~~~~~~~~~~~~~~~~~~~~~~~~~~~~~~~~~~~~~~~~~~~~~~~
~~~~~~~~~~~
C:\fltk\fltk\build\test\terminal.cxx:1354:5: warning: missing terminating " character
     "\033[48;2;000;223;255m.\033[48;2;000;222;255m.\033[48;2;000;221;255m.\033[48;2;000;220;255m.\033[48;2;000;219;255m.
\033[48;2;0
     ^
C:\fltk\fltk\build\test\terminal.cxx:1354:5: error: missing terminating " character
     "\033[48;2;000;223;255m.\033[48;2;000;222;255m.\033[48;2;000;221;255m.\033[48;2;000;220;255m.\033[48;2;000;219;255m.
\033[48;2;0
     ^~~~~~~~~~~~~~~~~~~~~~~~~~~~~~~~~~~~~~~~~~~~~~~~~~~~~~~~~~~~~~~~~~~~~~~~~~~~~~~~~~~~~~~~~~~~~~~~~~~~~~~~~~~~~~~~~~~~
~~~~~~~~~~~
C:\fltk\fltk\build\test\terminal.cxx:1355:5: warning: missing terminating " character
     "\033[48;2;000;215;255m.\033[48;2;000;214;255m.\033[48;2;000;213;255m.\033[48;2;000;212;255m.\033[48;2;000;211;255m.
\033[48;2;0
     ^
C:\fltk\fltk\build\test\terminal.cxx:1355:5: error: missing terminating " character
     "\033[48;2;000;215;255m.\033[48;2;000;214;255m.\033[48;2;000;213;255m.\033[48;2;000;212;255m.\033[48;2;000;211;255m.
\033[48;2;0
     ^~~~~~~~~~~~~~~~~~~~~~~~~~~~~~~~~~~~~~~~~~~~~~~~~~~~~~~~~~~~~~~~~~~~~~~~~~~~~~~~~~~~~~~~~~~~~~~~~~~~~~~~~~~~~~~~~~~~
~~~~~~~~~~~
C:\fltk\fltk\build\test\terminal.cxx:1356:5: warning: missing terminating " character
     "\033[48;2;000;207;255m.\033[48;2;000;206;255m.\033[48;2;000;205;255m.\033[48;2;000;204;255m.\033[48;2;000;203;255m.
\033[48;2;0
     ^
C:\fltk\fltk\build\test\terminal.cxx:1356:5: error: missing terminating " character
     "\033[48;2;000;207;255m.\033[48;2;000;206;255m.\033[48;2;000;205;255m.\033[48;2;000;204;255m.\033[48;2;000;203;255m.
\033[48;2;0
     ^~~~~~~~~~~~~~~~~~~~~~~~~~~~~~~~~~~~~~~~~~~~~~~~~~~~~~~~~~~~~~~~~~~~~~~~~~~~~~~~~~~~~~~~~~~~~~~~~~~~~~~~~~~~~~~~~~~~
~~~~~~~~~~~
C:\fltk\fltk\build\test\terminal.cxx:1357:5: warning: missing terminating " character
     "\033[48;2;000;199;255m.\033[48;2;000;198;255m.\033[48;2;000;197;255m.\033[48;2;000;196;255m.\033[48;2;000;195;255m.
\033[48;2;0
     ^
C:\fltk\fltk\build\test\terminal.cxx:1357:5: error: missing terminating " character
     "\033[48;2;000;199;255m.\033[48;2;000;198;255m.\033[48;2;000;197;255m.\033[48;2;000;196;255m.\033[48;2;000;195;255m.
\033[48;2;0
     ^~~~~~~~~~~~~~~~~~~~~~~~~~~~~~~~~~~~~~~~~~~~~~~~~~~~~~~~~~~~~~~~~~~~~~~~~~~~~~~~~~~~~~~~~~~~~~~~~~~~~~~~~~~~~~~~~~~~
~~~~~~~~~~~
C:\fltk\fltk\build\test\terminal.cxx:1358:5: warning: missing terminating " character
     "\033[48;2;000;191;255m.\033[48;2;000;190;255m.\033[48;2;000;189;255m.\033[48;2;000;188;255m.\033[48;2;000;187;255m.
\033[48;2;0
     ^
C:\fltk\fltk\build\test\terminal.cxx:1358:5: error: missing terminating " character
     "\033[48;2;000;191;255m.\033[48;2;000;190;255m.\033[48;2;000;189;255m.\033[48;2;000;188;255m.\033[48;2;000;187;255m.
\033[48;2;0
     ^~~~~~~~~~~~~~~~~~~~~~~~~~~~~~~~~~~~~~~~~~~~~~~~~~~~~~~~~~~~~~~~~~~~~~~~~~~~~~~~~~~~~~~~~~~~~~~~~~~~~~~~~~~~~~~~~~~~
~~~~~~~~~~~
C:\fltk\fltk\build\test\terminal.cxx:1359:5: warning: missing terminating " character
     "\033[48;2;000;183;255m.\033[48;2;000;182;255m.\033[48;2;000;181;255m.\033[48;2;000;180;255m.\033[48;2;000;179;255m.
\033[48;2;0
     ^
C:\fltk\fltk\build\test\terminal.cxx:1359:5: error: missing terminating " character
     "\033[48;2;000;183;255m.\033[48;2;000;182;255m.\033[48;2;000;181;255m.\033[48;2;000;180;255m.\033[48;2;000;179;255m.
\033[48;2;0
     ^~~~~~~~~~~~~~~~~~~~~~~~~~~~~~~~~~~~~~~~~~~~~~~~~~~~~~~~~~~~~~~~~~~~~~~~~~~~~~~~~~~~~~~~~~~~~~~~~~~~~~~~~~~~~~~~~~~~
~~~~~~~~~~~
C:\fltk\fltk\build\test\terminal.cxx:1360:5: warning: missing terminating " character
     "\033[48;2;000;175;255m.\033[48;2;000;174;255m.\033[48;2;000;173;255m.\033[48;2;000;172;255m.\033[48;2;000;171;255m.
\033[48;2;0
     ^
C:\fltk\fltk\build\test\terminal.cxx:1360:5: error: missing terminating " character
     "\033[48;2;000;175;255m.\033[48;2;000;174;255m.\033[48;2;000;173;255m.\033[48;2;000;172;255m.\033[48;2;000;171;255m.
\033[48;2;0
     ^~~~~~~~~~~~~~~~~~~~~~~~~~~~~~~~~~~~~~~~~~~~~~~~~~~~~~~~~~~~~~~~~~~~~~~~~~~~~~~~~~~~~~~~~~~~~~~~~~~~~~~~~~~~~~~~~~~~
~~~~~~~~~~~
C:\fltk\fltk\build\test\terminal.cxx:1361:5: warning: missing terminating " character
     "\033[48;2;000;167;255m.\033[48;2;000;166;255m.\033[48;2;000;165;255m.\033[48;2;000;164;255m.\033[48;2;000;163;255m.
\033[48;2;0
     ^
C:\fltk\fltk\build\test\terminal.cxx:1361:5: error: missing terminating " character
     "\033[48;2;000;167;255m.\033[48;2;000;166;255m.\033[48;2;000;165;255m.\033[48;2;000;164;255m.\033[48;2;000;163;255m.
\033[48;2;0
     ^~~~~~~~~~~~~~~~~~~~~~~~~~~~~~~~~~~~~~~~~~~~~~~~~~~~~~~~~~~~~~~~~~~~~~~~~~~~~~~~~~~~~~~~~~~~~~~~~~~~~~~~~~~~~~~~~~~~
~~~~~~~~~~~
C:\fltk\fltk\build\test\terminal.cxx:1363:5: warning: missing terminating " character
     "\033[48;2;000;159;255m.\033[48;2;000;158;255m.\033[48;2;000;157;255m.\033[48;2;000;156;255m.\033[48;2;000;155;255m.
\033[48;2;0
     ^
C:\fltk\fltk\build\test\terminal.cxx:1363:5: error: missing terminating " character
     "\033[48;2;000;159;255m.\033[48;2;000;158;255m.\033[48;2;000;157;255m.\033[48;2;000;156;255m.\033[48;2;000;155;255m.
\033[48;2;0
     ^~~~~~~~~~~~~~~~~~~~~~~~~~~~~~~~~~~~~~~~~~~~~~~~~~~~~~~~~~~~~~~~~~~~~~~~~~~~~~~~~~~~~~~~~~~~~~~~~~~~~~~~~~~~~~~~~~~~
~~~~~~~~~~~
C:\fltk\fltk\build\test\terminal.cxx:1364:5: warning: missing terminating " character
     "\033[48;2;000;151;255m.\033[48;2;000;150;255m.\033[48;2;000;149;255m.\033[48;2;000;148;255m.\033[48;2;000;147;255m.
\033[48;2;0
     ^
C:\fltk\fltk\build\test\terminal.cxx:1364:5: error: missing terminating " character
     "\033[48;2;000;151;255m.\033[48;2;000;150;255m.\033[48;2;000;149;255m.\033[48;2;000;148;255m.\033[48;2;000;147;255m.
\033[48;2;0
     ^~~~~~~~~~~~~~~~~~~~~~~~~~~~~~~~~~~~~~~~~~~~~~~~~~~~~~~~~~~~~~~~~~~~~~~~~~~~~~~~~~~~~~~~~~~~~~~~~~~~~~~~~~~~~~~~~~~~
~~~~~~~~~~~
C:\fltk\fltk\build\test\terminal.cxx:1365:5: warning: missing terminating " character
     "\033[48;2;000;143;255m.\033[48;2;000;142;255m.\033[48;2;000;141;255m.\033[48;2;000;140;255m.\033[48;2;000;139;255m.
\033[48;2;0
     ^
C:\fltk\fltk\build\test\terminal.cxx:1365:5: error: missing terminating " character
     "\033[48;2;000;143;255m.\033[48;2;000;142;255m.\033[48;2;000;141;255m.\033[48;2;000;140;255m.\033[48;2;000;139;255m.
\033[48;2;0
     ^~~~~~~~~~~~~~~~~~~~~~~~~~~~~~~~~~~~~~~~~~~~~~~~~~~~~~~~~~~~~~~~~~~~~~~~~~~~~~~~~~~~~~~~~~~~~~~~~~~~~~~~~~~~~~~~~~~~
~~~~~~~~~~~
C:\fltk\fltk\build\test\terminal.cxx:1366:5: warning: missing terminating " character
     "\033[48;2;000;135;255m.\033[48;2;000;134;255m.\033[48;2;000;133;255m.\033[48;2;000;132;255m.\033[48;2;000;131;255m.
\033[48;2;0
     ^
C:\fltk\fltk\build\test\terminal.cxx:1366:5: error: missing terminating " character
     "\033[48;2;000;135;255m.\033[48;2;000;134;255m.\033[48;2;000;133;255m.\033[48;2;000;132;255m.\033[48;2;000;131;255m.
\033[48;2;0
     ^~~~~~~~~~~~~~~~~~~~~~~~~~~~~~~~~~~~~~~~~~~~~~~~~~~~~~~~~~~~~~~~~~~~~~~~~~~~~~~~~~~~~~~~~~~~~~~~~~~~~~~~~~~~~~~~~~~~
~~~~~~~~~~~
C:\fltk\fltk\build\test\terminal.cxx:1367:5: warning: missing terminating " character
     "\033[48;2;000;127;255m.\033[48;2;000;126;255m.\033[48;2;000;125;255m.\033[48;2;000;124;255m.\033[48;2;000;123;255m.
\033[48;2;0
     ^
C:\fltk\fltk\build\test\terminal.cxx:1367:5: error: missing terminating " character
     "\033[48;2;000;127;255m.\033[48;2;000;126;255m.\033[48;2;000;125;255m.\033[48;2;000;124;255m.\033[48;2;000;123;255m.
\033[48;2;0
     ^~~~~~~~~~~~~~~~~~~~~~~~~~~~~~~~~~~~~~~~~~~~~~~~~~~~~~~~~~~~~~~~~~~~~~~~~~~~~~~~~~~~~~~~~~~~~~~~~~~~~~~~~~~~~~~~~~~~
~~~~~~~~~~~
C:\fltk\fltk\build\test\terminal.cxx:1368:5: warning: missing terminating " character
     "\033[48;2;000;119;255m.\033[48;2;000;118;255m.\033[48;2;000;117;255m.\033[48;2;000;116;255m.\033[48;2;000;115;255m.
\033[48;2;0
     ^
C:\fltk\fltk\build\test\terminal.cxx:1368:5: error: missing terminating " character
     "\033[48;2;000;119;255m.\033[48;2;000;118;255m.\033[48;2;000;117;255m.\033[48;2;000;116;255m.\033[48;2;000;115;255m.
\033[48;2;0
     ^~~~~~~~~~~~~~~~~~~~~~~~~~~~~~~~~~~~~~~~~~~~~~~~~~~~~~~~~~~~~~~~~~~~~~~~~~~~~~~~~~~~~~~~~~~~~~~~~~~~~~~~~~~~~~~~~~~~
~~~~~~~~~~~
C:\fltk\fltk\build\test\terminal.cxx:1369:5: warning: missing terminating " character
     "\033[48;2;000;111;255m.\033[48;2;000;110;255m.\033[48;2;000;109;255m.\033[48;2;000;108;255m.\033[48;2;000;107;255m.
\033[48;2;0
     ^
C:\fltk\fltk\build\test\terminal.cxx:1369:5: error: missing terminating " character
     "\033[48;2;000;111;255m.\033[48;2;000;110;255m.\033[48;2;000;109;255m.\033[48;2;000;108;255m.\033[48;2;000;107;255m.
\033[48;2;0
     ^~~~~~~~~~~~~~~~~~~~~~~~~~~~~~~~~~~~~~~~~~~~~~~~~~~~~~~~~~~~~~~~~~~~~~~~~~~~~~~~~~~~~~~~~~~~~~~~~~~~~~~~~~~~~~~~~~~~
~~~~~~~~~~~
C:\fltk\fltk\build\test\terminal.cxx:1370:5: warning: missing terminating " character
     "\033[48;2;000;103;255m.\033[48;2;000;102;255m.\033[48;2;000;101;255m.\033[48;2;000;100;255m.\033[48;2;000;099;255m.
\033[48;2;0
     ^
C:\fltk\fltk\build\test\terminal.cxx:1370:5: error: missing terminating " character
     "\033[48;2;000;103;255m.\033[48;2;000;102;255m.\033[48;2;000;101;255m.\033[48;2;000;100;255m.\033[48;2;000;099;255m.
\033[48;2;0
     ^~~~~~~~~~~~~~~~~~~~~~~~~~~~~~~~~~~~~~~~~~~~~~~~~~~~~~~~~~~~~~~~~~~~~~~~~~~~~~~~~~~~~~~~~~~~~~~~~~~~~~~~~~~~~~~~~~~~
~~~~~~~~~~~
C:\fltk\fltk\build\test\terminal.cxx:1371:5: warning: missing terminating " character
     "\033[48;2;000;095;255m.\033[48;2;000;094;255m.\033[48;2;000;093;255m.\033[48;2;000;092;255m.\033[48;2;000;091;255m.
\033[48;2;0
     ^
C:\fltk\fltk\build\test\terminal.cxx:1371:5: error: missing terminating " character
     "\033[48;2;000;095;255m.\033[48;2;000;094;255m.\033[48;2;000;093;255m.\033[48;2;000;092;255m.\033[48;2;000;091;255m.
\033[48;2;0
     ^~~~~~~~~~~~~~~~~~~~~~~~~~~~~~~~~~~~~~~~~~~~~~~~~~~~~~~~~~~~~~~~~~~~~~~~~~~~~~~~~~~~~~~~~~~~~~~~~~~~~~~~~~~~~~~~~~~~
~~~~~~~~~~~
C:\fltk\fltk\build\test\terminal.cxx:1372:5: warning: missing terminating " character
     "\033[48;2;000;087;255m.\033[48;2;000;086;255m.\033[48;2;000;085;255m.\033[48;2;000;084;255m.\033[48;2;000;083;255m.
\033[48;2;0
     ^
C:\fltk\fltk\build\test\terminal.cxx:1372:5: error: missing terminating " character
     "\033[48;2;000;087;255m.\033[48;2;000;086;255m.\033[48;2;000;085;255m.\033[48;2;000;084;255m.\033[48;2;000;083;255m.
\033[48;2;0
     ^~~~~~~~~~~~~~~~~~~~~~~~~~~~~~~~~~~~~~~~~~~~~~~~~~~~~~~~~~~~~~~~~~~~~~~~~~~~~~~~~~~~~~~~~~~~~~~~~~~~~~~~~~~~~~~~~~~~
~~~~~~~~~~~
C:\fltk\fltk\build\test\terminal.cxx:1373:5: warning: missing terminating " character
     "\033[48;2;000;079;255m.\033[48;2;000;078;255m.\033[48;2;000;077;255m.\033[48;2;000;076;255m.\033[48;2;000;075;255m.
\033[48;2;0
     ^
C:\fltk\fltk\build\test\terminal.cxx:1373:5: error: missing terminating " character
     "\033[48;2;000;079;255m.\033[48;2;000;078;255m.\033[48;2;000;077;255m.\033[48;2;000;076;255m.\033[48;2;000;075;255m.
\033[48;2;0
     ^~~~~~~~~~~~~~~~~~~~~~~~~~~~~~~~~~~~~~~~~~~~~~~~~~~~~~~~~~~~~~~~~~~~~~~~~~~~~~~~~~~~~~~~~~~~~~~~~~~~~~~~~~~~~~~~~~~~
~~~~~~~~~~~
C:\fltk\fltk\build\test\terminal.cxx:1374:5: warning: missing terminating " character
     "\033[48;2;000;071;255m.\033[48;2;000;070;255m.\033[48;2;000;069;255m.\033[48;2;000;068;255m.\033[48;2;000;067;255m.
\033[48;2;0
     ^
C:\fltk\fltk\build\test\terminal.cxx:1374:5: error: missing terminating " character
     "\033[48;2;000;071;255m.\033[48;2;000;070;255m.\033[48;2;000;069;255m.\033[48;2;000;068;255m.\033[48;2;000;067;255m.
\033[48;2;0
     ^~~~~~~~~~~~~~~~~~~~~~~~~~~~~~~~~~~~~~~~~~~~~~~~~~~~~~~~~~~~~~~~~~~~~~~~~~~~~~~~~~~~~~~~~~~~~~~~~~~~~~~~~~~~~~~~~~~~
~~~~~~~~~~~
C:\fltk\fltk\build\test\terminal.cxx:1376:5: warning: missing terminating " character
     "\033[48;2;000;063;255m.\033[48;2;000;062;255m.\033[48;2;000;061;255m.\033[48;2;000;060;255m.\033[48;2;000;059;255m.
\033[48;2;0
     ^
C:\fltk\fltk\build\test\terminal.cxx:1376:5: error: missing terminating " character
     "\033[48;2;000;063;255m.\033[48;2;000;062;255m.\033[48;2;000;061;255m.\033[48;2;000;060;255m.\033[48;2;000;059;255m.
\033[48;2;0
     ^~~~~~~~~~~~~~~~~~~~~~~~~~~~~~~~~~~~~~~~~~~~~~~~~~~~~~~~~~~~~~~~~~~~~~~~~~~~~~~~~~~~~~~~~~~~~~~~~~~~~~~~~~~~~~~~~~~~
~~~~~~~~~~~
C:\fltk\fltk\build\test\terminal.cxx:1377:5: warning: missing terminating " character
     "\033[48;2;000;055;255m.\033[48;2;000;054;255m.\033[48;2;000;053;255m.\033[48;2;000;052;255m.\033[48;2;000;051;255m.
\033[48;2;0
     ^
C:\fltk\fltk\build\test\terminal.cxx:1377:5: error: missing terminating " character
     "\033[48;2;000;055;255m.\033[48;2;000;054;255m.\033[48;2;000;053;255m.\033[48;2;000;052;255m.\033[48;2;000;051;255m.
\033[48;2;0
     ^~~~~~~~~~~~~~~~~~~~~~~~~~~~~~~~~~~~~~~~~~~~~~~~~~~~~~~~~~~~~~~~~~~~~~~~~~~~~~~~~~~~~~~~~~~~~~~~~~~~~~~~~~~~~~~~~~~~
~~~~~~~~~~~
C:\fltk\fltk\build\test\terminal.cxx:1378:5: warning: missing terminating " character
     "\033[48;2;000;047;255m.\033[48;2;000;046;255m.\033[48;2;000;045;255m.\033[48;2;000;044;255m.\033[48;2;000;043;255m.
\033[48;2;0
     ^
C:\fltk\fltk\build\test\terminal.cxx:1378:5: error: missing terminating " character
     "\033[48;2;000;047;255m.\033[48;2;000;046;255m.\033[48;2;000;045;255m.\033[48;2;000;044;255m.\033[48;2;000;043;255m.
\033[48;2;0
     ^~~~~~~~~~~~~~~~~~~~~~~~~~~~~~~~~~~~~~~~~~~~~~~~~~~~~~~~~~~~~~~~~~~~~~~~~~~~~~~~~~~~~~~~~~~~~~~~~~~~~~~~~~~~~~~~~~~~
~~~~~~~~~~~
C:\fltk\fltk\build\test\terminal.cxx:1379:5: warning: missing terminating " character
     "\033[48;2;000;039;255m.\033[48;2;000;038;255m.\033[48;2;000;037;255m.\033[48;2;000;036;255m.\033[48;2;000;035;255m.
\033[48;2;0
     ^
C:\fltk\fltk\build\test\terminal.cxx:1379:5: error: missing terminating " character
     "\033[48;2;000;039;255m.\033[48;2;000;038;255m.\033[48;2;000;037;255m.\033[48;2;000;036;255m.\033[48;2;000;035;255m.
\033[48;2;0
     ^~~~~~~~~~~~~~~~~~~~~~~~~~~~~~~~~~~~~~~~~~~~~~~~~~~~~~~~~~~~~~~~~~~~~~~~~~~~~~~~~~~~~~~~~~~~~~~~~~~~~~~~~~~~~~~~~~~~
~~~~~~~~~~~
C:\fltk\fltk\build\test\terminal.cxx:1380:5: warning: missing terminating " character
     "\033[48;2;000;031;255m.\033[48;2;000;030;255m.\033[48;2;000;029;255m.\033[48;2;000;028;255m.\033[48;2;000;027;255m.
\033[48;2;0
     ^
C:\fltk\fltk\build\test\terminal.cxx:1380:5: error: missing terminating " character
     "\033[48;2;000;031;255m.\033[48;2;000;030;255m.\033[48;2;000;029;255m.\033[48;2;000;028;255m.\033[48;2;000;027;255m.
\033[48;2;0
     ^~~~~~~~~~~~~~~~~~~~~~~~~~~~~~~~~~~~~~~~~~~~~~~~~~~~~~~~~~~~~~~~~~~~~~~~~~~~~~~~~~~~~~~~~~~~~~~~~~~~~~~~~~~~~~~~~~~~
~~~~~~~~~~~
C:\fltk\fltk\build\test\terminal.cxx:1381:5: warning: missing terminating " character
     "\033[48;2;000;023;255m.\033[48;2;000;022;255m.\033[48;2;000;021;255m.\033[48;2;000;020;255m.\033[48;2;000;019;255m.
\033[48;2;0
     ^
C:\fltk\fltk\build\test\terminal.cxx:1381:5: error: missing terminating " character
     "\033[48;2;000;023;255m.\033[48;2;000;022;255m.\033[48;2;000;021;255m.\033[48;2;000;020;255m.\033[48;2;000;019;255m.
\033[48;2;0
     ^~~~~~~~~~~~~~~~~~~~~~~~~~~~~~~~~~~~~~~~~~~~~~~~~~~~~~~~~~~~~~~~~~~~~~~~~~~~~~~~~~~~~~~~~~~~~~~~~~~~~~~~~~~~~~~~~~~~
~~~~~~~~~~~
C:\fltk\fltk\build\test\terminal.cxx:1382:5: warning: missing terminating " character
     "\033[48;2;000;015;255m.\033[48;2;000;014;255m.\033[48;2;000;013;255m.\033[48;2;000;012;255m.\033[48;2;000;011;255m.
\033[48;2;0
     ^
C:\fltk\fltk\build\test\terminal.cxx:1382:5: error: missing terminating " character
     "\033[48;2;000;015;255m.\033[48;2;000;014;255m.\033[48;2;000;013;255m.\033[48;2;000;012;255m.\033[48;2;000;011;255m.
\033[48;2;0
     ^~~~~~~~~~~~~~~~~~~~~~~~~~~~~~~~~~~~~~~~~~~~~~~~~~~~~~~~~~~~~~~~~~~~~~~~~~~~~~~~~~~~~~~~~~~~~~~~~~~~~~~~~~~~~~~~~~~~
~~~~~~~~~~~
C:\fltk\fltk\build\test\terminal.cxx:1383:5: warning: missing terminating " character
     "\033[48;2;000;007;255m.\033[48;2;000;006;255m.\033[48;2;000;005;255m.\033[48;2;000;004;255m.\033[48;2;000;003;255m.
\033[48;2;0
     ^
C:\fltk\fltk\build\test\terminal.cxx:1383:5: error: missing terminating " character
     "\033[48;2;000;007;255m.\033[48;2;000;006;255m.\033[48;2;000;005;255m.\033[48;2;000;004;255m.\033[48;2;000;003;255m.
\033[48;2;0
     ^~~~~~~~~~~~~~~~~~~~~~~~~~~~~~~~~~~~~~~~~~~~~~~~~~~~~~~~~~~~~~~~~~~~~~~~~~~~~~~~~~~~~~~~~~~~~~~~~~~~~~~~~~~~~~~~~~~~
~~~~~~~~~~~
C:\fltk\fltk\build\test\terminal.cxx:1384:5: warning: missing terminating " character
     "\033[48;2;000;000;255m.\033[48;2;001;000;255m.\033[48;2;002;000;255m.\033[48;2;003;000;255m.\033[48;2;004;000;255m.
\033[48;2;0
     ^
C:\fltk\fltk\build\test\terminal.cxx:1384:5: error: missing terminating " character
     "\033[48;2;000;000;255m.\033[48;2;001;000;255m.\033[48;2;002;000;255m.\033[48;2;003;000;255m.\033[48;2;004;000;255m.
\033[48;2;0
     ^~~~~~~~~~~~~~~~~~~~~~~~~~~~~~~~~~~~~~~~~~~~~~~~~~~~~~~~~~~~~~~~~~~~~~~~~~~~~~~~~~~~~~~~~~~~~~~~~~~~~~~~~~~~~~~~~~~~
~~~~~~~~~~~
C:\fltk\fltk\build\test\terminal.cxx:1385:5: warning: missing terminating " character
     "\033[48;2;008;000;255m.\033[48;2;009;000;255m.\033[48;2;010;000;255m.\033[48;2;011;000;255m.\033[48;2;012;000;255m.
\033[48;2;0
     ^
C:\fltk\fltk\build\test\terminal.cxx:1385:5: error: missing terminating " character
     "\033[48;2;008;000;255m.\033[48;2;009;000;255m.\033[48;2;010;000;255m.\033[48;2;011;000;255m.\033[48;2;012;000;255m.
\033[48;2;0
     ^~~~~~~~~~~~~~~~~~~~~~~~~~~~~~~~~~~~~~~~~~~~~~~~~~~~~~~~~~~~~~~~~~~~~~~~~~~~~~~~~~~~~~~~~~~~~~~~~~~~~~~~~~~~~~~~~~~~
~~~~~~~~~~~
C:\fltk\fltk\build\test\terminal.cxx:1386:5: warning: missing terminating " character
     "\033[48;2;016;000;255m.\033[48;2;017;000;255m.\033[48;2;018;000;255m.\033[48;2;019;000;255m.\033[48;2;020;000;255m.
\033[48;2;0
     ^
C:\fltk\fltk\build\test\terminal.cxx:1386:5: error: missing terminating " character
     "\033[48;2;016;000;255m.\033[48;2;017;000;255m.\033[48;2;018;000;255m.\033[48;2;019;000;255m.\033[48;2;020;000;255m.
\033[48;2;0
     ^~~~~~~~~~~~~~~~~~~~~~~~~~~~~~~~~~~~~~~~~~~~~~~~~~~~~~~~~~~~~~~~~~~~~~~~~~~~~~~~~~~~~~~~~~~~~~~~~~~~~~~~~~~~~~~~~~~~
~~~~~~~~~~~
C:\fltk\fltk\build\test\terminal.cxx:1387:5: warning: missing terminating " character
     "\033[48;2;024;000;255m.\033[48;2;025;000;255m.\033[48;2;026;000;255m.\033[48;2;027;000;255m.\033[48;2;028;000;255m.
\033[48;2;0
     ^
C:\fltk\fltk\build\test\terminal.cxx:1387:5: error: missing terminating " character
     "\033[48;2;024;000;255m.\033[48;2;025;000;255m.\033[48;2;026;000;255m.\033[48;2;027;000;255m.\033[48;2;028;000;255m.
\033[48;2;0
     ^~~~~~~~~~~~~~~~~~~~~~~~~~~~~~~~~~~~~~~~~~~~~~~~~~~~~~~~~~~~~~~~~~~~~~~~~~~~~~~~~~~~~~~~~~~~~~~~~~~~~~~~~~~~~~~~~~~~
~~~~~~~~~~~
C:\fltk\fltk\build\test\terminal.cxx:1389:5: warning: missing terminating " character
     "\033[48;2;032;000;255m.\033[48;2;033;000;255m.\033[48;2;034;000;255m.\033[48;2;035;000;255m.\033[48;2;036;000;255m.
\033[48;2;0
     ^
C:\fltk\fltk\build\test\terminal.cxx:1389:5: error: missing terminating " character
     "\033[48;2;032;000;255m.\033[48;2;033;000;255m.\033[48;2;034;000;255m.\033[48;2;035;000;255m.\033[48;2;036;000;255m.
\033[48;2;0
     ^~~~~~~~~~~~~~~~~~~~~~~~~~~~~~~~~~~~~~~~~~~~~~~~~~~~~~~~~~~~~~~~~~~~~~~~~~~~~~~~~~~~~~~~~~~~~~~~~~~~~~~~~~~~~~~~~~~~
~~~~~~~~~~~
C:\fltk\fltk\build\test\terminal.cxx:1390:5: warning: missing terminating " character
     "\033[48;2;040;000;255m.\033[48;2;041;000;255m.\033[48;2;042;000;255m.\033[48;2;043;000;255m.\033[48;2;044;000;255m.
\033[48;2;0
     ^
C:\fltk\fltk\build\test\terminal.cxx:1390:5: error: missing terminating " character
     "\033[48;2;040;000;255m.\033[48;2;041;000;255m.\033[48;2;042;000;255m.\033[48;2;043;000;255m.\033[48;2;044;000;255m.
\033[48;2;0
     ^~~~~~~~~~~~~~~~~~~~~~~~~~~~~~~~~~~~~~~~~~~~~~~~~~~~~~~~~~~~~~~~~~~~~~~~~~~~~~~~~~~~~~~~~~~~~~~~~~~~~~~~~~~~~~~~~~~~
~~~~~~~~~~~
C:\fltk\fltk\build\test\terminal.cxx:1391:5: warning: missing terminating " character
     "\033[48;2;048;000;255m.\033[48;2;049;000;255m.\033[48;2;050;000;255m.\033[48;2;051;000;255m.\033[48;2;052;000;255m.
\033[48;2;0
     ^
C:\fltk\fltk\build\test\terminal.cxx:1391:5: error: missing terminating " character
     "\033[48;2;048;000;255m.\033[48;2;049;000;255m.\033[48;2;050;000;255m.\033[48;2;051;000;255m.\033[48;2;052;000;255m.
\033[48;2;0
     ^~~~~~~~~~~~~~~~~~~~~~~~~~~~~~~~~~~~~~~~~~~~~~~~~~~~~~~~~~~~~~~~~~~~~~~~~~~~~~~~~~~~~~~~~~~~~~~~~~~~~~~~~~~~~~~~~~~~
~~~~~~~~~~~
C:\fltk\fltk\build\test\terminal.cxx:1392:5: warning: missing terminating " character
     "\033[48;2;056;000;255m.\033[48;2;057;000;255m.\033[48;2;058;000;255m.\033[48;2;059;000;255m.\033[48;2;060;000;255m.
\033[48;2;0
     ^
C:\fltk\fltk\build\test\terminal.cxx:1392:5: error: missing terminating " character
     "\033[48;2;056;000;255m.\033[48;2;057;000;255m.\033[48;2;058;000;255m.\033[48;2;059;000;255m.\033[48;2;060;000;255m.
\033[48;2;0
     ^~~~~~~~~~~~~~~~~~~~~~~~~~~~~~~~~~~~~~~~~~~~~~~~~~~~~~~~~~~~~~~~~~~~~~~~~~~~~~~~~~~~~~~~~~~~~~~~~~~~~~~~~~~~~~~~~~~~
~~~~~~~~~~~
C:\fltk\fltk\build\test\terminal.cxx:1393:5: warning: missing terminating " character
     "\033[48;2;064;000;255m.\033[48;2;065;000;255m.\033[48;2;066;000;255m.\033[48;2;067;000;255m.\033[48;2;068;000;255m.
\033[48;2;0
     ^
C:\fltk\fltk\build\test\terminal.cxx:1393:5: error: missing terminating " character
     "\033[48;2;064;000;255m.\033[48;2;065;000;255m.\033[48;2;066;000;255m.\033[48;2;067;000;255m.\033[48;2;068;000;255m.
\033[48;2;0
     ^~~~~~~~~~~~~~~~~~~~~~~~~~~~~~~~~~~~~~~~~~~~~~~~~~~~~~~~~~~~~~~~~~~~~~~~~~~~~~~~~~~~~~~~~~~~~~~~~~~~~~~~~~~~~~~~~~~~
~~~~~~~~~~~
C:\fltk\fltk\build\test\terminal.cxx:1394:5: warning: missing terminating " character
     "\033[48;2;072;000;255m.\033[48;2;073;000;255m.\033[48;2;074;000;255m.\033[48;2;075;000;255m.\033[48;2;076;000;255m.
\033[48;2;0
     ^
C:\fltk\fltk\build\test\terminal.cxx:1394:5: error: missing terminating " character
     "\033[48;2;072;000;255m.\033[48;2;073;000;255m.\033[48;2;074;000;255m.\033[48;2;075;000;255m.\033[48;2;076;000;255m.
\033[48;2;0
     ^~~~~~~~~~~~~~~~~~~~~~~~~~~~~~~~~~~~~~~~~~~~~~~~~~~~~~~~~~~~~~~~~~~~~~~~~~~~~~~~~~~~~~~~~~~~~~~~~~~~~~~~~~~~~~~~~~~~
~~~~~~~~~~~
C:\fltk\fltk\build\test\terminal.cxx:1395:5: warning: missing terminating " character
     "\033[48;2;080;000;255m.\033[48;2;081;000;255m.\033[48;2;082;000;255m.\033[48;2;083;000;255m.\033[48;2;084;000;255m.
\033[48;2;0
     ^
C:\fltk\fltk\build\test\terminal.cxx:1395:5: error: missing terminating " character
     "\033[48;2;080;000;255m.\033[48;2;081;000;255m.\033[48;2;082;000;255m.\033[48;2;083;000;255m.\033[48;2;084;000;255m.
\033[48;2;0
     ^~~~~~~~~~~~~~~~~~~~~~~~~~~~~~~~~~~~~~~~~~~~~~~~~~~~~~~~~~~~~~~~~~~~~~~~~~~~~~~~~~~~~~~~~~~~~~~~~~~~~~~~~~~~~~~~~~~~
~~~~~~~~~~~
C:\fltk\fltk\build\test\terminal.cxx:1396:5: warning: missing terminating " character
     "\033[48;2;088;000;255m.\033[48;2;089;000;255m.\033[48;2;090;000;255m.\033[48;2;091;000;255m.\033[48;2;092;000;255m.
\033[48;2;0
     ^
C:\fltk\fltk\build\test\terminal.cxx:1396:5: error: missing terminating " character
     "\033[48;2;088;000;255m.\033[48;2;089;000;255m.\033[48;2;090;000;255m.\033[48;2;091;000;255m.\033[48;2;092;000;255m.
\033[48;2;0
     ^~~~~~~~~~~~~~~~~~~~~~~~~~~~~~~~~~~~~~~~~~~~~~~~~~~~~~~~~~~~~~~~~~~~~~~~~~~~~~~~~~~~~~~~~~~~~~~~~~~~~~~~~~~~~~~~~~~~
~~~~~~~~~~~
C:\fltk\fltk\build\test\terminal.cxx:1397:5: warning: missing terminating " character
     "\033[48;2;096;000;255m.\033[48;2;097;000;255m.\033[48;2;098;000;255m.\033[48;2;099;000;255m.\033[48;2;100;000;255m.
\033[48;2;1
     ^
C:\fltk\fltk\build\test\terminal.cxx:1397:5: error: missing terminating " character
     "\033[48;2;096;000;255m.\033[48;2;097;000;255m.\033[48;2;098;000;255m.\033[48;2;099;000;255m.\033[48;2;100;000;255m.
\033[48;2;1
     ^~~~~~~~~~~~~~~~~~~~~~~~~~~~~~~~~~~~~~~~~~~~~~~~~~~~~~~~~~~~~~~~~~~~~~~~~~~~~~~~~~~~~~~~~~~~~~~~~~~~~~~~~~~~~~~~~~~~
~~~~~~~~~~~
C:\fltk\fltk\build\test\terminal.cxx:1398:5: warning: missing terminating " character
     "\033[48;2;104;000;255m.\033[48;2;105;000;255m.\033[48;2;106;000;255m.\033[48;2;107;000;255m.\033[48;2;108;000;255m.
\033[48;2;1
     ^
C:\fltk\fltk\build\test\terminal.cxx:1398:5: error: missing terminating " character
     "\033[48;2;104;000;255m.\033[48;2;105;000;255m.\033[48;2;106;000;255m.\033[48;2;107;000;255m.\033[48;2;108;000;255m.
\033[48;2;1
     ^~~~~~~~~~~~~~~~~~~~~~~~~~~~~~~~~~~~~~~~~~~~~~~~~~~~~~~~~~~~~~~~~~~~~~~~~~~~~~~~~~~~~~~~~~~~~~~~~~~~~~~~~~~~~~~~~~~~
~~~~~~~~~~~
C:\fltk\fltk\build\test\terminal.cxx:1399:5: warning: missing terminating " character
     "\033[48;2;112;000;255m.\033[48;2;113;000;255m.\033[48;2;114;000;255m.\033[48;2;115;000;255m.\033[48;2;116;000;255m.
\033[48;2;1
     ^
C:\fltk\fltk\build\test\terminal.cxx:1399:5: error: missing terminating " character
     "\033[48;2;112;000;255m.\033[48;2;113;000;255m.\033[48;2;114;000;255m.\033[48;2;115;000;255m.\033[48;2;116;000;255m.
\033[48;2;1
     ^~~~~~~~~~~~~~~~~~~~~~~~~~~~~~~~~~~~~~~~~~~~~~~~~~~~~~~~~~~~~~~~~~~~~~~~~~~~~~~~~~~~~~~~~~~~~~~~~~~~~~~~~~~~~~~~~~~~
~~~~~~~~~~~
C:\fltk\fltk\build\test\terminal.cxx:1400:5: warning: missing terminating " character
     "\033[48;2;120;000;255m.\033[48;2;121;000;255m.\033[48;2;122;000;255m.\033[48;2;123;000;255m.\033[48;2;124;000;255m.
\033[48;2;1
     ^
C:\fltk\fltk\build\test\terminal.cxx:1400:5: error: missing terminating " character
     "\033[48;2;120;000;255m.\033[48;2;121;000;255m.\033[48;2;122;000;255m.\033[48;2;123;000;255m.\033[48;2;124;000;255m.
\033[48;2;1
     ^~~~~~~~~~~~~~~~~~~~~~~~~~~~~~~~~~~~~~~~~~~~~~~~~~~~~~~~~~~~~~~~~~~~~~~~~~~~~~~~~~~~~~~~~~~~~~~~~~~~~~~~~~~~~~~~~~~~
~~~~~~~~~~~
C:\fltk\fltk\build\test\terminal.cxx:1402:5: warning: missing terminating " character
     "\033[48;2;128;000;255m.\033[48;2;129;000;255m.\033[48;2;130;000;255m.\033[48;2;131;000;255m.\033[48;2;132;000;255m.
\033[48;2;1
     ^
C:\fltk\fltk\build\test\terminal.cxx:1402:5: error: missing terminating " character
     "\033[48;2;128;000;255m.\033[48;2;129;000;255m.\033[48;2;130;000;255m.\033[48;2;131;000;255m.\033[48;2;132;000;255m.
\033[48;2;1
     ^~~~~~~~~~~~~~~~~~~~~~~~~~~~~~~~~~~~~~~~~~~~~~~~~~~~~~~~~~~~~~~~~~~~~~~~~~~~~~~~~~~~~~~~~~~~~~~~~~~~~~~~~~~~~~~~~~~~
~~~~~~~~~~~
C:\fltk\fltk\build\test\terminal.cxx:1403:5: warning: missing terminating " character
     "\033[48;2;136;000;255m.\033[48;2;137;000;255m.\033[48;2;138;000;255m.\033[48;2;139;000;255m.\033[48;2;140;000;255m.
\033[48;2;1
     ^
C:\fltk\fltk\build\test\terminal.cxx:1403:5: error: missing terminating " character
     "\033[48;2;136;000;255m.\033[48;2;137;000;255m.\033[48;2;138;000;255m.\033[48;2;139;000;255m.\033[48;2;140;000;255m.
\033[48;2;1
     ^~~~~~~~~~~~~~~~~~~~~~~~~~~~~~~~~~~~~~~~~~~~~~~~~~~~~~~~~~~~~~~~~~~~~~~~~~~~~~~~~~~~~~~~~~~~~~~~~~~~~~~~~~~~~~~~~~~~
~~~~~~~~~~~
C:\fltk\fltk\build\test\terminal.cxx:1404:5: warning: missing terminating " character
     "\033[48;2;144;000;255m.\033[48;2;145;000;255m.\033[48;2;146;000;255m.\033[48;2;147;000;255m.\033[48;2;148;000;255m.
\033[48;2;1
     ^
C:\fltk\fltk\build\test\terminal.cxx:1404:5: error: missing terminating " character
     "\033[48;2;144;000;255m.\033[48;2;145;000;255m.\033[48;2;146;000;255m.\033[48;2;147;000;255m.\033[48;2;148;000;255m.
\033[48;2;1
     ^~~~~~~~~~~~~~~~~~~~~~~~~~~~~~~~~~~~~~~~~~~~~~~~~~~~~~~~~~~~~~~~~~~~~~~~~~~~~~~~~~~~~~~~~~~~~~~~~~~~~~~~~~~~~~~~~~~~
~~~~~~~~~~~
C:\fltk\fltk\build\test\terminal.cxx:1405:5: warning: missing terminating " character
     "\033[48;2;152;000;255m.\033[48;2;153;000;255m.\033[48;2;154;000;255m.\033[48;2;155;000;255m.\033[48;2;156;000;255m.
\033[48;2;1
     ^
C:\fltk\fltk\build\test\terminal.cxx:1405:5: error: missing terminating " character
     "\033[48;2;152;000;255m.\033[48;2;153;000;255m.\033[48;2;154;000;255m.\033[48;2;155;000;255m.\033[48;2;156;000;255m.
\033[48;2;1
     ^~~~~~~~~~~~~~~~~~~~~~~~~~~~~~~~~~~~~~~~~~~~~~~~~~~~~~~~~~~~~~~~~~~~~~~~~~~~~~~~~~~~~~~~~~~~~~~~~~~~~~~~~~~~~~~~~~~~
~~~~~~~~~~~
C:\fltk\fltk\build\test\terminal.cxx:1406:5: warning: missing terminating " character
     "\033[48;2;160;000;255m.\033[48;2;161;000;255m.\033[48;2;162;000;255m.\033[48;2;163;000;255m.\033[48;2;164;000;255m.
\033[48;2;1
     ^
C:\fltk\fltk\build\test\terminal.cxx:1406:5: error: missing terminating " character
     "\033[48;2;160;000;255m.\033[48;2;161;000;255m.\033[48;2;162;000;255m.\033[48;2;163;000;255m.\033[48;2;164;000;255m.
\033[48;2;1
     ^~~~~~~~~~~~~~~~~~~~~~~~~~~~~~~~~~~~~~~~~~~~~~~~~~~~~~~~~~~~~~~~~~~~~~~~~~~~~~~~~~~~~~~~~~~~~~~~~~~~~~~~~~~~~~~~~~~~
~~~~~~~~~~~
C:\fltk\fltk\build\test\terminal.cxx:1407:5: warning: missing terminating " character
     "\033[48;2;168;000;255m.\033[48;2;169;000;255m.\033[48;2;170;000;255m.\033[48;2;171;000;255m.\033[48;2;172;000;255m.
\033[48;2;1
     ^
C:\fltk\fltk\build\test\terminal.cxx:1407:5: error: missing terminating " character
     "\033[48;2;168;000;255m.\033[48;2;169;000;255m.\033[48;2;170;000;255m.\033[48;2;171;000;255m.\033[48;2;172;000;255m.
\033[48;2;1
     ^~~~~~~~~~~~~~~~~~~~~~~~~~~~~~~~~~~~~~~~~~~~~~~~~~~~~~~~~~~~~~~~~~~~~~~~~~~~~~~~~~~~~~~~~~~~~~~~~~~~~~~~~~~~~~~~~~~~
~~~~~~~~~~~
C:\fltk\fltk\build\test\terminal.cxx:1408:5: warning: missing terminating " character
     "\033[48;2;176;000;255m.\033[48;2;177;000;255m.\033[48;2;178;000;255m.\033[48;2;179;000;255m.\033[48;2;180;000;255m.
\033[48;2;1
     ^
C:\fltk\fltk\build\test\terminal.cxx:1408:5: error: missing terminating " character
     "\033[48;2;176;000;255m.\033[48;2;177;000;255m.\033[48;2;178;000;255m.\033[48;2;179;000;255m.\033[48;2;180;000;255m.
\033[48;2;1
     ^~~~~~~~~~~~~~~~~~~~~~~~~~~~~~~~~~~~~~~~~~~~~~~~~~~~~~~~~~~~~~~~~~~~~~~~~~~~~~~~~~~~~~~~~~~~~~~~~~~~~~~~~~~~~~~~~~~~
~~~~~~~~~~~
C:\fltk\fltk\build\test\terminal.cxx:1409:5: warning: missing terminating " character
     "\033[48;2;184;000;255m.\033[48;2;185;000;255m.\033[48;2;186;000;255m.\033[48;2;187;000;255m.\033[48;2;188;000;255m.
\033[48;2;1
     ^
C:\fltk\fltk\build\test\terminal.cxx:1409:5: error: missing terminating " character
     "\033[48;2;184;000;255m.\033[48;2;185;000;255m.\033[48;2;186;000;255m.\033[48;2;187;000;255m.\033[48;2;188;000;255m.
\033[48;2;1
     ^~~~~~~~~~~~~~~~~~~~~~~~~~~~~~~~~~~~~~~~~~~~~~~~~~~~~~~~~~~~~~~~~~~~~~~~~~~~~~~~~~~~~~~~~~~~~~~~~~~~~~~~~~~~~~~~~~~~
~~~~~~~~~~~
C:\fltk\fltk\build\test\terminal.cxx:1410:5: warning: missing terminating " character
     "\033[48;2;192;000;255m.\033[48;2;193;000;255m.\033[48;2;194;000;255m.\033[48;2;195;000;255m.\033[48;2;196;000;255m.
\033[48;2;1
     ^
C:\fltk\fltk\build\test\terminal.cxx:1410:5: error: missing terminating " character
     "\033[48;2;192;000;255m.\033[48;2;193;000;255m.\033[48;2;194;000;255m.\033[48;2;195;000;255m.\033[48;2;196;000;255m.
\033[48;2;1
     ^~~~~~~~~~~~~~~~~~~~~~~~~~~~~~~~~~~~~~~~~~~~~~~~~~~~~~~~~~~~~~~~~~~~~~~~~~~~~~~~~~~~~~~~~~~~~~~~~~~~~~~~~~~~~~~~~~~~
~~~~~~~~~~~
C:\fltk\fltk\build\test\terminal.cxx:1411:5: warning: missing terminating " character
     "\033[48;2;200;000;255m.\033[48;2;201;000;255m.\033[48;2;202;000;255m.\033[48;2;203;000;255m.\033[48;2;204;000;255m.
\033[48;2;2
     ^
C:\fltk\fltk\build\test\terminal.cxx:1411:5: error: missing terminating " character
     "\033[48;2;200;000;255m.\033[48;2;201;000;255m.\033[48;2;202;000;255m.\033[48;2;203;000;255m.\033[48;2;204;000;255m.
\033[48;2;2
     ^~~~~~~~~~~~~~~~~~~~~~~~~~~~~~~~~~~~~~~~~~~~~~~~~~~~~~~~~~~~~~~~~~~~~~~~~~~~~~~~~~~~~~~~~~~~~~~~~~~~~~~~~~~~~~~~~~~~
~~~~~~~~~~~
C:\fltk\fltk\build\test\terminal.cxx:1412:5: warning: missing terminating " character
     "\033[48;2;208;000;255m.\033[48;2;209;000;255m.\033[48;2;210;000;255m.\033[48;2;211;000;255m.\033[48;2;212;000;255m.
\033[48;2;2
     ^
C:\fltk\fltk\build\test\terminal.cxx:1412:5: error: missing terminating " character
     "\033[48;2;208;000;255m.\033[48;2;209;000;255m.\033[48;2;210;000;255m.\033[48;2;211;000;255m.\033[48;2;212;000;255m.
\033[48;2;2
     ^~~~~~~~~~~~~~~~~~~~~~~~~~~~~~~~~~~~~~~~~~~~~~~~~~~~~~~~~~~~~~~~~~~~~~~~~~~~~~~~~~~~~~~~~~~~~~~~~~~~~~~~~~~~~~~~~~~~
~~~~~~~~~~~
C:\fltk\fltk\build\test\terminal.cxx:1413:5: warning: missing terminating " character
     "\033[48;2;216;000;255m.\033[48;2;217;000;255m.\033[48;2;218;000;255m.\033[48;2;219;000;255m.\033[48;2;220;000;255m.
\033[48;2;2
     ^
C:\fltk\fltk\build\test\terminal.cxx:1413:5: error: missing terminating " character
     "\033[48;2;216;000;255m.\033[48;2;217;000;255m.\033[48;2;218;000;255m.\033[48;2;219;000;255m.\033[48;2;220;000;255m.
\033[48;2;2
     ^~~~~~~~~~~~~~~~~~~~~~~~~~~~~~~~~~~~~~~~~~~~~~~~~~~~~~~~~~~~~~~~~~~~~~~~~~~~~~~~~~~~~~~~~~~~~~~~~~~~~~~~~~~~~~~~~~~~
~~~~~~~~~~~
mingw32-make[2]: Leaving directory 'C:/fltk/fltk/build'
C:\fltk\fltk\build\test\terminal.cxx:1415:5: warning: missing terminating " character
     "\033[48;2;224;000;255m.\033[48;2;225;000;255m.\033[48;2;226;000;255m.\033[48;2;227;000;255m.\033[48;2;228;000;255m.
\033[48;2;2
     ^
C:\fltk\fltk\build\test\terminal.cxx:1415:5: error: missing terminating " character
     "\033[48;2;224;000;255m.\033[48;2;225;000;255m.\033[48;2;226;000;255m.\033[48;2;227;000;255m.\033[48;2;228;000;255m.
\033[48;2;2
     ^~~~~~~~~~~~~~~~~~~~~~~~~~~~~~~~~~~~~~~~~~~~~~~~~~~~~~~~~~~~~~~~~~~~~~~~~~~~~~~~~~~~~~~~~~~~~~~~~~~~~~~~~~~~~~~~~~~~
~~~~~~~~~~~
C:\fltk\fltk\build\test\terminal.cxx:1416:5: warning: missing terminating " character
     "\033[48;2;232;000;255m.\033[48;2;233;000;255m.\033[48;2;234;000;255m.\033[48;2;235;000;255m.\033[48;2;236;000;255m.
\033[48;2;2
     ^
C:\fltk\fltk\build\test\terminal.cxx:1416:5: error: missing terminating " character
     "\033[48;2;232;000;255m.\033[48;2;233;000;255m.\033[48;2;234;000;255m.\033[48;2;235;000;255m.\033[48;2;236;000;255m.
\033[48;2;2
     ^~~~~~~~~~~~~~~~~~~~~~~~~~~~~~~~~~~~~~~~~~~~~~~~~~~~~~~~~~~~~~~~~~~~~~~~~~~~~~~~~~~~~~~~~~~~~~~~~~~~~~~~~~~~~~~~~~~~
~~~~~~~~~~~
C:\fltk\fltk\build\test\terminal.cxx:1417:5: warning: missing terminating " character
     "\033[48;2;240;000;255m.\033[48;2;241;000;255m.\033[48;2;242;000;255m.\033[48;2;243;000;255m.\033[48;2;244;000;255m.
\033[48;2;2
     ^
C:\fltk\fltk\build\test\terminal.cxx:1417:5: error: missing terminating " character
     "\033[48;2;240;000;255m.\033[48;2;241;000;255m.\033[48;2;242;000;255m.\033[48;2;243;000;255m.\033[48;2;244;000;255m.
\033[48;2;2
     ^~~~~~~~~~~~~~~~~~~~~~~~~~~~~~~~~~~~~~~~~~~~~~~~~~~~~~~~~~~~~~~~~~~~~~~~~~~~~~~~~~~~~~~~~~~~~~~~~~~~~~~~~~~~~~~~~~~~
~~~~~~~~~~~
C:\fltk\fltk\build\test\terminal.cxx:1418:5: warning: missing terminating " character
     "\033[48;2;248;000;255m.\033[48;2;249;000;255m.\033[48;2;250;000;255m.\033[48;2;251;000;255m.\033[48;2;252;000;255m.
\033[48;2;2
     ^
C:\fltk\fltk\build\test\terminal.cxx:1418:5: error: missing terminating " character
     "\033[48;2;248;000;255m.\033[48;2;249;000;255m.\033[48;2;250;000;255m.\033[48;2;251;000;255m.\033[48;2;252;000;255m.
\033[48;2;2
     ^~~~~~~~~~~~~~~~~~~~~~~~~~~~~~~~~~~~~~~~~~~~~~~~~~~~~~~~~~~~~~~~~~~~~~~~~~~~~~~~~~~~~~~~~~~~~~~~~~~~~~~~~~~~~~~~~~~~
~~~~~~~~~~~
C:\fltk\fltk\build\test\terminal.cxx:1419:5: warning: missing terminating " character
     "\033[48;2;255;000;255m.\033[48;2;255;000;254m.\033[48;2;255;000;253m.\033[48;2;255;000;252m.\033[48;2;255;000;251m.
\033[48;2;2
     ^
C:\fltk\fltk\build\test\terminal.cxx:1419:5: error: missing terminating " character
     "\033[48;2;255;000;255m.\033[48;2;255;000;254m.\033[48;2;255;000;253m.\033[48;2;255;000;252m.\033[48;2;255;000;251m.
\033[48;2;2
     ^~~~~~~~~~~~~~~~~~~~~~~~~~~~~~~~~~~~~~~~~~~~~~~~~~~~~~~~~~~~~~~~~~~~~~~~~~~~~~~~~~~~~~~~~~~~~~~~~~~~~~~~~~~~~~~~~~~~
~~~~~~~~~~~
C:\fltk\fltk\build\test\terminal.cxx:1420:5: warning: missing terminating " character
     "\033[48;2;255;000;247m.\033[48;2;255;000;246m.\033[48;2;255;000;245m.\033[48;2;255;000;244m.\033[48;2;255;000;243m.
\033[48;2;2
     ^
C:\fltk\fltk\build\test\terminal.cxx:1420:5: [ 95%] error: Built target resize
missing terminating " character
     "\033[48;2;255;000;247m.\033[48;2;255;000;246m.\033[48;2;255;000;245m.\033[48;2;255;000;244m.\033[48;2;255;000;243m.
\033[48;2;2
     ^~~~~~~~~~~~~~~~~~~~~~~~~~~~~~~~~~~~~~~~~~~~~~~~~~~~~~~~~~~~~~~~~~~~~~~~~~~~~~~~~~~~~~~~~~~~~~~~~~~~~~~~~~~~~~~~~~~~
~~~~~~~~~~~
C:\fltk\fltk\build\test\terminal.cxx:1421:5: warning: missing terminating " character
     "\033[48;2;255;000;239m.\033[48;2;255;000;238m.\033[48;2;255;000;237m.\033[48;2;255;000;236m.\033[48;2;255;000;235m.
\033[48;2;2
     mingw32-make  -f test\CMakeFiles\tree.dir\build.make test/CMakeFiles/tree.dir/depend
^
C:\fltk\fltk\build\test\terminal.cxx:1421:5: error: missing terminating " character
     "\033[48;2;255;000;239m.\033[48;2;255;000;238m.\033[48;2;255;000;237m.\033[48;2;255;000;236m.\033[48;2;255;000;235m.
\033[48;2;2
     ^~~~~~~~~~~~~~~~~~~~~~~~~~~~~~~~~~~~~~~~~~~~~~~~~~~~~~~~~~~~~~~~~~~~~~~~~~~~~~~~~~~~~~~~~~~~~~~~~~~~~~~~~~~~~~~~~~~~
~~~~~~~~~~~
C:\fltk\fltk\build\test\terminal.cxx:1422:5: warning: missing terminating " character
     "\033[48;2;255;000;231m.\033[48;2;255;000;230m.\033[48;2;255;000;229m.\033[48;2;255;000;228m.\033[48;2;255;000;227m.
\033[48;2;2
     ^
C:\fltk\fltk\build\test\terminal.cxx:1422:5: error: missing terminating " character
     "\033[48;2;255;000;231m.\033[48;2;255;000;230m.\033[48;2;255;000;229m.\033[48;2;255;000;228m.\033[48;2;255;000;227m.
\033[48;2;2
     ^~~~~~~~~~~~~~~~~~~~~~~~~~~~~~~~~~~~~~~~~~~~~~~~~~~~~~~~~~~~~~~~~~~~~~~~~~~~~~~~~~~~~~~~~~~~~~~~~~~~~~~~~~~~~~~~~~~~
~~~~~~~~~~~
C:\fltk\fltk\build\test\terminal.cxx:1423:5: warning: missing terminating " character
     "\033[48;2;255;000;223m.\033[48;2;255;000;222m.\033[48;2;255;000;221m.\033[48;2;255;000;220m.\033[48;2;255;000;219m.
\033[48;2;2
     ^
C:\fltk\fltk\build\test\terminal.cxx:1423:5: error: missing terminating " character
     "\033[48;2;255;000;223m.\033[48;2;255;000;222m.\033[48;2;255;000;221m.\033[48;2;255;000;220m.\033[48;2;255;000;219m.
\033[48;2;2
     ^~~~~~~~~~~~~~~~~~~~~~~~~~~~~~~~~~~~~~~~~~~~~~~~~~~~~~~~~~~~~~~~~~~~~~~~~~~~~~~~~~~~~~~~~~~~~~~~~~~~~~~~~~~~~~~~~~~~
~~~~~~~~~~~
C:\fltk\fltk\build\test\terminal.cxx:1424:5: warning: missing terminating " character
     "\033[48;2;255;000;215m.\033[48;2;255;000;214m.\033[48;2;255;000;213m.\033[48;2;255;000;212m.\033[48;2;255;000;211m.
\033[48;2;2
     ^
C:\fltk\fltk\build\test\terminal.cxx:1424:5: error: missing terminating " character
     "\033[48;2;255;000;215m.\033[48;2;255;000;214m.\033[48;2;255;000;213m.\033[48;2;255;000;212m.\033[48;2;255;000;211m.
\033[48;2;2
     ^~~~~~~~~~~~~~~~~~~~~~~~~~~~~~~~~~~~~~~~~~~~~~~~~~~~~~~~~~~~~~~~~~~~~~~~~~~~~~~~~~~~~~~~~~~~~~~~~~~~~~~~~~~~~~~~~~~~
~~~~~~~~~~~
C:\fltk\fltk\build\test\terminal.cxx:1425:5: warning: missing terminating " character
     "\033[48;2;255;000;207m.\033[48;2;255;000;206m.\033[48;2;255;000;205m.\033[48;2;255;000;204m.\033[48;2;255;000;203m.
\033[48;2;2
     ^
C:\fltk\fltk\build\test\terminal.cxx:1425:5: mingw32-make[2]: Entering directory 'C:/fltk/fltk/build'
error: missing terminating " character
     "\033[48;2;255;000;207m.\033[48;2;255;000;206m.\033[48;2;255;000;205m.\033[48;2;255;000;204m.\033[48;2;255;000;203m.
\033[48;2;2
     ^~~~~~~~~~~~~~~~~~~~~~~~~~~~~~~~~~~~~~~~~~~~~~~~~~~~~~~~~~~~~~~~~~~~~~~~~~~~~~~~~~~~~~~~~~~~~~~~~~~~~~~~~~~~~~~~~~~~
~~~~~~~~~~~
C:\fltk\fltk\build\test\terminal.cxx:1426:5: warning: missing terminating " character
     "\033[48;2;255;000;199m.\033[48;2;255;000;198m.\033[48;2;255;000;197m.\033[48;2;255;000;196m.\033[48;2;255;000;195m.
\033[48;2;2
     ^
C:\fltk\fltk\build\test\terminal.cxx:1426:5: error: missing terminating " character
     "\033[48;2;255;000;199m.\033[48;2;255;000;198m.\033[48;2;255;000;197m.\033[48;2;255;000;196m.\033[48;2;255;000;195m.
\033[48;2;2
     ^~~~~~~~~~~~~~~~~~~~~~~~~~~~~~~~~~~~~~~~~~~~~~~~~~~~~~~~~~~~~~~~~~~~~~~~~~~~~~~~~~~~~~~~~~~~~~~~~~~~~~~~~~~~~~~~~~~~
~~~~~~~~~~~
C:\fltk\fltk\build\test\terminal.cxx:1428:5: warning: missing terminating " character
     "\033[48;2;255;000;191m.\033[48;2;255;000;190m.\033[48;2;255;000;189m.\033[48;2;255;000;188m.\033[48;2;255;000;187m.
\033[48;2;2
     ^
C:\fltk\fltk\build\test\terminal.cxx:1428:5: error: missing terminating " character
     "\033[48;2;255;000;191m.\033[48;2;255;000;190m.\033[48;2;255;000;189m.\033[48;2;255;000;188m.\033[48;2;255;000;187m.
\033[48;2;2
     ^~~~~~~~~~~~~~~~~~~~~~~~~~~~~~~~~~~~~~~~~~~~~~~~~~~~~~~~~~~~~~~~~~~~~~~~~~~~~~~~~~~~~~~~~~~~~~~~~~~~~~~~~~~~~~~~~~~~
~~~~~~~~~~~
C:\fltk\fltk\build\test\terminal.cxx:1429:5: warning: missing terminating " character
     "\033[48;2;255;000;183m.\033[48;2;255;000;182m.\033[48;2;255;000;181m.\033[48;2;255;000;180m.\033[48;2;255;000;179m.
\033[48;2;2
     ^
C:\fltk\fltk\build\test\terminal.cxx:1429:5: error: missing terminating " character
     "\033[48;2;255;000;183m.\033[48;2;255;000;182m.\033[48;2;255;000;181m.\033[48;2;255;000;180m.\033[48;2;255;000;179m.
\033[48;2;2
     ^~~~~~~~~~~~~~~~~~~~~~~~~~~~~~~~~~~~~~~~~~~~~~~~~~~~~~~~~~~~~~~~~~~~~~~~~~~~~~~~~~~~~~~~~~~~~~~~~~~~~~~~~~~~~~~~~~~~
~~~~~~~~~~~
C:\fltk\fltk\build\test\terminal.cxx:1430:5: warning: missing terminating " character
     "\033[48;2;255;000;175m.\033[48;2;255;000;174m.\033[48;2;255;000;173m.\033[48;2;255;000;172m.\033[48;2;255;000;171m.
\033[48;2;2
     ^
C:\fltk\fltk\build\test\terminal.cxx:1430:5: error: missing terminating " character
     "\033[48;2;255;000;175m.\033[48;2;255;000;174m.\033[48;2;255;000;173m.\033[48;2;255;000;172m.\033[48;2;255;000;171m.
\033[48;2;2
     ^~~~~~~~~~~~~~~~~~~~~~~~~~~~~~~~~~~~~~~~~~~~~~~~~~~~~~~~~~~~~~~~~~~~~~~~~~~~~~~~~~~~~~~~~~~~~~~~~~~~~~~~~~~~~~~~~~~~
~~~~~~~~~~~
C:\fltk\fltk\build\test\terminal.cxx:1431:5: warning: missing terminating " character
     "\033[48;2;255;000;167m.\033[48;2;255;000;166m.\033[48;2;255;000;165m.\033[48;2;255;000;164m.\033[48;2;255;000;163m.
\033[48;2;2
     ^
C:\fltk\fltk\build\test\terminal.cxx:1431:5: error: missing terminating " character
     "\033[48;2;255;000;167m.\033[48;2;255;000;166m.\033[48;2;255;000;165m.\033[48;2;255;000;164m.\033[48;2;255;000;163m.
\033[48;2;2
     ^~~~~~~~~~~~~~~~~~~~~~~~~~~~~~~~~~~~~~~~~~~~~~~~~~~~~~~~~~~~~~~~~~~~~~~~~~~~~~~~~~~~~~~~~~~~~~~~~~~~~~~~~~~~~~~~~~~~
~~~~~~~~~~~
C:\fltk\fltk\build\test\terminal.cxx:1432:5: [ 95%] warning: Generating tree.cxx, tree.hmissing terminating " character

"\033[48;2;255;000;159m.\033[48;2;255;000;158m.\033[48;2;255;000;157m.\033[48;2;255;000;156m.\033[48;2;255;000;155m.\033[
48;2;2
     ^
C:\fltk\fltk\build\test\terminal.cxx:1432:5: error: missing terminating " character
     "\033[48;2;255;000;159m.\033[48;2;255;000;158m.\033[48;2;255;000;157m.\033[48;2;255;000;156m.\033[48;2;255;000;155m.
\033[48;2;2
     ^~~~~~~~~~~~~~~~~~~~~~~~~~~~~~~~~~~~~~~~~~~~~~~~~~~~~~~~~~~~~~~~~~~~~~~~~~~~~~~~~~~~~~~~~~~~~~~~~~~~~~~~~~~~~~~~~~~~
~~~~~~~~~~~
C:\fltk\fltk\build\test\terminal.cxx:1433:5: cd /d C:\fltk\fltk\build\test && ..\bin\fluid-cmd.exe -c C:/fltk/fltk/test/t
ree.fl
warning: missing terminating " character
     "\033[48;2;255;000;151m.\033[48;2;255;000;150m.\033[48;2;255;000;149m.\033[48;2;255;000;148m.\033[48;2;255;000;147m.
\033[48;2;2
     ^
C:\fltk\fltk\build\test\terminal.cxx:1433:5: error: missing terminating " character
     "\033[48;2;255;000;151m.\033[48;2;255;000;150m.\033[48;2;255;000;149m.\033[48;2;255;000;148m.\033[48;2;255;000;147m.
\033[48;2;2
     ^~~~~~~~~~~~~~~~~~~~~~~~~~~~~~~~~~~~~~~~~~~~~~~~~~~~~~~~~~~~~~~~~~~~~~~~~~~~~~~~~~~~~~~~~~~~~~~~~~~~~~~~~~~~~~~~~~~~
~~~~~~~~~~~
C:\fltk\fltk\build\test\terminal.cxx:1434:5: warning: missing terminating " character
     "\033[48;2;255;000;143m.\033[48;2;255;000;142m.\033[48;2;255;000;141m.\033[48;2;255;000;140m.\033[48;2;255;000;139m.
\033[48;2;2
     ^
C:\fltk\fltk\build\test\terminal.cxx:1434:5: error: missing terminating " character
     "\033[48;2;255;000;143m.\033[48;2;255;000;142m.\033[48;2;255;000;141m.\033[48;2;255;000;140m.\033[48;2;255;000;139m.
\033[48;2;2
     ^~~~~~~~~~~~~~~~~~~~~~~~~~~~~~~~~~~~~~~~~~~~~~~~~~~~~~~~~~~~~~~~~~~~~~~~~~~~~~~~~~~~~~~~~~~~~~~~~~~~~~~~~~~~~~~~~~~~
~~~~~~~~~~~
C:\fltk\fltk\build\test\terminal.cxx:1435:5: warning: missing terminating " character
     "\033[48;2;255;000;135m.\033[48;2;255;000;134m.\033[48;2;255;000;133m.\033[48;2;255;000;132m.\033[48;2;255;000;131m.
\033[48;2;2
     ^
C:\fltk\fltk\build\test\terminal.cxx:1435:5: error: missing terminating " character
     "\033[48;2;255;000;135m.\033[48;2;255;000;134m.\033[48;2;255;000;133m.\033[48;2;255;000;132m.\033[48;2;255;000;131m.
\033[48;2;2
     ^~~~~~~~~~~~~~~~~~~~~~~~~~~~~~~~~~~~~~~~~~~~~~~~~~~~~~~~~~~~~~~~~~~~~~~~~~~~~~~~~~~~~~~~~~~~~~~~~~~~~~~~~~~~~~~~~~~~
~~~~~~~~~~~
C:\fltk\fltk\build\test\terminal.cxx:1436:5: warning: missing terminating " character
     "\033[48;2;255;000;127m.\033[48;2;255;000;126m.\033[48;2;255;000;125m.\033[48;2;255;000;124m.\033[48;2;255;000;123m.
\033[48;2;2
     ^
C:\fltk\fltk\build\test\terminal.cxx:1436:5: error: missing terminating " character
     "\033[48;2;255;000;127m.\033[48;2;255;000;126m.\033[48;2;255;000;125m.\033[48;2;255;000;124m.\033[48;2;255;000;123m.
\033[48;2;2
     ^~~~~~~~~~~~~~~~~~~~~~~~~~~~~~~~~~~~~~~~~~~~~~~~~~~~~~~~~~~~~~~~~~~~~~~~~~~~~~~~~~~~~~~~~~~~~~~~~~~~~~~~~~~~~~~~~~~~
~~~~~~~~~~~
C:\fltk\fltk\build\test\terminal.cxx:1437:5: warning: missing terminating " character
     "\033[48;2;255;000;119m.\033[48;2;255;000;118m.\033[48;2;255;000;117m.\033[48;2;255;000;116m.\033[48;2;255;000;115m.
\033[48;2;2
     ^
C:\fltk\fltk\build\test\terminal.cxx:1437:5: error: missing terminating " character
     "\033[48;2;255;000;119m.\033[48;2;255;000;118m.\033[48;2;255;000;117m.\033[48;2;255;000;116m.\033[48;2;255;000;115m.
\033[48;2;2
     ^~~~~~~~~~~~~~~~~~~~~~~~~~~~~~~~~~~~~~~~~~~~~~~~~~~~~~~~~~~~~~~~~~~~~~~~~~~~~~~~~~~~~~~~~~~~~~~~~~~~~~~~~~~~~~~~~~~~
~~~~~~~~~~~
C:\fltk\fltk\build\test\terminal.cxx:1438:5: warning: missing terminating " character
     "\033[48;2;255;000;111m.\033[48;2;255;000;110m.\033[48;2;255;000;109m.\033[48;2;255;000;108m.\033[48;2;255;000;107m.
\033[48;2;2
     ^
C:\fltk\fltk\build\test\terminal.cxx:1438:5: error: missing terminating " character
     "\033[48;2;255;000;111m.\033[48;2;255;000;110m.\033[48;2;255;000;109m.\033[48;2;255;000;108m.\033[48;2;255;000;107m.
\033[48;2;2
     ^~~~~~~~~~~~~~~~~~~~~~~~~~~~~~~~~~~~~~~~~~~~~~~~~~~~~~~~~~~~~~~~~~~~~~~~~~~~~~~~~~~~~~~~~~~~~~~~~~~~~~~~~~~~~~~~~~~~
~~~~~~~~~~~
C:\fltk\fltk\build\test\terminal.cxx:1439:5: warning: missing terminating " character
     "\033[48;2;255;000;103m.\033[48;2;255;000;102m.\033[48;2;255;000;101m.\033[48;2;255;000;100m.\033[48;2;255;000;099m.
\033[48;2;2
     ^
C:\fltk\fltk\build\test\terminal.cxx:1439:5: error: missing terminating " character
     "\033[48;2;255;000;103m.\033[48;2;255;000;102m.\033[48;2;255;000;101m.\033[48;2;255;000;100m.\033[48;2;255;000;099m.
\033[48;2;2
     ^~~~~~~~~~~~~~~~~~~~~~~~~~~~~~~~~~~~~~~~~~~~~~~~~~~~~~~~~~~~~~~~~~~~~~~~~~~~~~~~~~~~~~~~~~~~~~~~~~~~~~~~~~~~~~~~~~~~
~~~~~~~~~~~
C:\fltk\fltk\build\test\terminal.cxx:1441:5: warning: missing terminating " character
     "\033[48;2;255;000;095m.\033[48;2;255;000;094m.\033[48;2;255;000;093m.\033[48;2;255;000;092m.\033[48;2;255;000;091m.
\033[48;2;2
     ^
C:\fltk\fltk\build\test\terminal.cxx:1441:5: error: missing terminating " character
     "\033[48;2;255;000;095m.\033[48;2;255;000;094m.\033[48;2;255;000;093m.\033[48;2;255;000;092m.\033[48;2;255;000;091m.
\033[48;2;2
     ^~~~~~~~~~~~~~~~~~~~~~~~~~~~~~~~~~~~~~~~~~~~~~~~~~~~~~~~~~~~~~~~~~~~~~~~~~~~~~~~~~~~~~~~~~~~~~~~~~~~~~~~~~~~~~~~~~~~
~~~~~~~~~~~
C:\fltk\fltk\build\test\terminal.cxx:1442:5: warning: missing terminating " character
     "\033[48;2;255;000;087m.\033[48;2;255;000;086m.\033[48;2;255;000;085m.\033[48;2;255;000;084m.\033[48;2;255;000;083m.
\033[48;2;2
     ^
C:\fltk\fltk\build\test\terminal.cxx:1442:5: error: missing terminating " character
     "\033[48;2;255;000;087m.\033[48;2;255;000;086m.\033[48;2;255;000;085m.\033[48;2;255;000;084m.\033[48;2;255;000;083m.
\033[48;2;2
     ^~~~~~~~~~~~~~~~~~~~~~~~~~~~~~~~~~~~~~~~~~~~~~~~~~~~~~~~~~~~~~~~~~~~~~~~~~~~~~~~~~~~~~~~~~~~~~~~~~~~~~~~~~~~~~~~~~~~
~~~~~~~~~~~
C:\fltk\fltk\build\test\terminal.cxx:1443:5: warning: missing terminating " character
     "\033[48;2;255;000;079m.\033[48;2;255;000;078m.\033[48;2;255;000;077m.\033[48;2;255;000;076m.\033[48;2;255;000;075m.
\033[48;2;2
     ^
C:\fltk\fltk\build\test\terminal.cxx:1443:5: error: missing terminating " character
     "\033[48;2;255;000;079m.\033[48;2;255;000;078m.\033[48;2;255;000;077m.\033[48;2;255;000;076m.\033[48;2;255;000;075m.
\033[48;2;2
     ^~~~~~~~~~~~~~~~~~~~~~~~~~~~~~~~~~~~~~~~~~~~~~~~~~~~~~~~~~~~~~~~~~~~~~~~~~~~~~~~~~~~~~~~~~~~~~~~~~~~~~~~~~~~~~~~~~~~
~~~~~~~~~~~
C:\fltk\fltk\build\test\terminal.cxx:1444:5: warning: missing terminating " character
     "\033[48;2;255;000;071m.\033[48;2;255;000;070m.\033[48;2;255;000;069m.\033[48;2;255;000;068m.\033[48;2;255;000;067m.
\033[48;2;2
     ^
C:\fltk\fltk\build\test\terminal.cxx:1444:5: error: missing terminating " character
     "\033[48;2;255;000;071m.\033[48;2;255;000;070m.\033[48;2;255;000;069m.\033[48;2;255;000;068m.\033[48;2;255;000;067m.
\033[48;2;2
     ^~~~~~~~~~~~~~~~~~~~~~~~~~~~~~~~~~~~~~~~~~~~~~~~~~~~~~~~~~~~~~~~~~~~~~~~~~~~~~~~~~~~~~~~~~~~~~~~~~~~~~~~~~~~~~~~~~~~
~~~~~~~~~~~
C:\fltk\fltk\build\test\terminal.cxx:1445:5: warning: missing terminating " character
     "\033[48;2;255;000;063m.\033[48;2;255;000;062m.\033[48;2;255;000;061m.\033[48;2;255;000;060m.\033[48;2;255;000;059m.
\033[48;2;2
     ^
C:\fltk\fltk\build\test\terminal.cxx:1445:5: error: missing terminating " character
     "\033[48;2;255;000;063m.\033[48;2;255;000;062m.\033[48;2;255;000;061m.\033[48;2;255;000;060m.\033[48;2;255;000;059m.
\033[48;2;2
     ^~~~~~~~~~~~~~~~~~~~~~~~~~~~~~~~~~~~~~~~~~~~~~~~~~~~~~~~~~~~~~~~~~~~~~~~~~~~~~~~~~~~~~~~~~~~~~~~~~~~~~~~~~~~~~~~~~~~
~~~~~~~~~~~
C:\fltk\fltk\build\test\terminal.cxx:1446:5: warning: missing terminating " character
     "\033[48;2;255;000;055m.\033[48;2;255;000;054m.\033[48;2;255;000;053m.\033[48;2;255;000;052m.\033[48;2;255;000;051m.
\033[48;2;2
     ^
C:\fltk\fltk\build\test\terminal.cxx:1446:5: error: missing terminating " character
     "\033[48;2;255;000;055m.\033[48;2;255;000;054m.\033[48;2;255;000;053m.\033[48;2;255;000;052m.\033[48;2;255;000;051m.
\033[48;2;2
     ^~~~~~~~~~~~~~~~~~~~~~~~~~~~~~~~~~~~~~~~~~~~~~~~~~~~~~~~~~~~~~~~~~~~~~~~~~~~~~~~~~~~~~~~~~~~~~~~~~~~~~~~~~~~~~~~~~~~
~~~~~~~~~~~
C:\fltk\fltk\build\test\terminal.cxx:1447:5: warning: missing terminating " character
     "\033[48;2;255;000;047m.\033[48;2;255;000;046m.\033[48;2;255;000;045m.\033[48;2;255;000;044m.\033[48;2;255;000;043m.
\033[48;2;2
     ^
C:\fltk\fltk\build\test\terminal.cxx:1447:5: error: missing terminating " character
     "\033[48;2;255;000;047m.\033[48;2;255;000;046m.\033[48;2;255;000;045m.\033[48;2;255;000;044m.\033[48;2;255;000;043m.
\033[48;2;2
     ^~~~~~~~~~~~~~~~~~~~~~~~~~~~~~~~~~~~~~~~~~~~~~~~~~~~~~~~~~~~~~~~~~~~~~~~~~~~~~~~~~~~~~~~~~~~~~~~~~~~~~~~~~~~~~~~~~~~
~~~~~~~~~~~
C:\fltk\fltk\build\test\terminal.cxx:1448:5: warning: missing terminating " character
     "\033[48;2;255;000;039m.\033[48;2;255;000;038m.\033[48;2;255;000;037m.\033[48;2;255;000;036m.\033[48;2;255;000;035m.
\033[48;2;2
     ^
C:\fltk\fltk\build\test\terminal.cxx:1448:5: error: missing terminating " character
     "\033[48;2;255;000;039m.\033[48;2;255;000;038m.\033[48;2;255;000;037m.\033[48;2;255;000;036m.\033[48;2;255;000;035m.
\033[48;2;2
     ^~~~~~~~~~~~~~~~~~~~~~~~~~~~~~~~~~~~~~~~~~~~~~~~~~~~~~~~~~~~~~~~~~~~~~~~~~~~~~~~~~~~~~~~~~~~~~~~~~~~~~~~~~~~~~~~~~~~
~~~~~~~~~~~
C:\fltk\fltk\build\test\terminal.cxx:1449:5: warning: missing terminating " character
     "\033[48;2;255;000;031m.\033[48;2;255;000;030m.\033[48;2;255;000;029m.\033[48;2;255;000;028m.\033[48;2;255;000;027m.
\033[48;2;2
     ^
C:\fltk\fltk\build\test\terminal.cxx:1449:5: error: missing terminating " character
     "\033[48;2;255;000;031m.\033[48;2;255;000;030m.\033[48;2;255;000;029m.\033[48;2;255;000;028m.\033[48;2;255;000;027m.
\033[48;2;2
     ^~~~~~~~~~~~~~~~~~~~~~~~~~~~~~~~~~~~~~~~~~~~~~~~~~~~~~~~~~~~~~~~~~~~~~~~~~~~~~~~~~~~~~~~~~~~~~~~~~~~~~~~~~~~~~~~~~~~
~~~~~~~~~~~
C:\fltk\fltk\build\test\terminal.cxx:1450:5: warning: missing terminating " character
     "\033[48;2;255;000;023m.\033[48;2;255;000;022m.\033[48;2;255;000;021m.\033[48;2;255;000;020m.\033[48;2;255;000;019m.
\033[48;2;2
     ^
C:\fltk\fltk\build\test\terminal.cxx:1450:5: error: missing terminating " character
     "\033[48;2;255;000;023m.\033[48;2;255;000;022m.\033[48;2;255;000;021m.\033[48;2;255;000;020m.\033[48;2;255;000;019m.
\033[48;2;2
     ^~~~~~~~~~~~~~~~~~~~~~~~~~~~~~~~~~~~~~~~~~~~~~~~~~~~~~~~~~~~~~~~~~~~~~~~~~~~~~~~~~~~~~~~~~~~~~~~~~~~~~~~~~~~~~~~~~~~
~~~~~~~~~~~
C:\fltk\fltk\build\test\terminal.cxx:1451:5: warning: missing terminating " character
     "\033[48;2;255;000;015m.\033[48;2;255;000;014m.\033[48;2;255;000;013m.\033[48;2;255;000;012m.\033[48;2;255;000;011m.
\033[48;2;2
     ^
C:\fltk\fltk\build\test\terminal.cxx:1451:5: error: missing terminating " character
     "\033[48;2;255;000;015m.\033[48;2;255;000;014m.\033[48;2;255;000;013m.\033[48;2;255;000;012m.\033[48;2;255;000;011m.
\033[48;2;2
     ^~~~~~~~~~~~~~~~~~~~~~~~~~~~~~~~~~~~~~~~~~~~~~~~~~~~~~~~~~~~~~~~~~~~~~~~~~~~~~~~~~~~~~~~~~~~~~~~~~~~~~~~~~~~~~~~~~~~
~~~~~~~~~~~
C:\fltk\fltk\build\test\terminal.cxx:1452:5: warning: missing terminating " character
     "\033[48;2;255;000;007m.\033[48;2;255;000;006m.\033[48;2;255;000;005m.\033[48;2;255;000;004m.\033[48;2;255;000;003m.
\033[48;2;2
     ^
C:\fltk\fltk\build\test\terminal.cxx:1452:5: error: missing terminating " character
     "\033[48;2;255;000;007m.\033[48;2;255;000;006m.\033[48;2;255;000;005m.\033[48;2;255;000;004m.\033[48;2;255;000;003m.
\033[48;2;2
     ^~~~~~~~~~~~~~~~~~~~~~~~~~~~~~~~~~~~~~~~~~~~~~~~~~~~~~~~~~~~~~~~~~~~~~~~~~~~~~~~~~~~~~~~~~~~~~~~~~~~~~~~~~~~~~~~~~~~
~~~~~~~~~~~
C:\cmake\3.28.1\x86_64\bin\cmake.exe -E cmake_depends "MinGW Makefiles" C:\fltk\fltk C:\fltk\fltk\test C:\fltk\fltk\build
 C:\fltk\fltk\build\test C:\fltk\fltk\build\test\CMakeFiles\tree.dir\DependInfo.cmake "--color="
mingw32-make[2]: Leaving directory 'C:/fltk/fltk/build'
mingw32-make  -f test\CMakeFiles\tree.dir\build.make test/CMakeFiles/tree.dir/build
mingw32-make[2]: Entering directory 'C:/fltk/fltk/build'
[ 96%] Building CXX object test/CMakeFiles/tree.dir/tree.cxx.obj
cd /d C:\fltk\fltk\build\test && C:\mingw32-8\bin\c++.exe -D_FILE_OFFSET_BITS=64 -D_LARGEFILE64_SOURCE -D_LARGEFILE_SOURC
E -Dtree_EXPORTS @CMakeFiles/tree.dir/includes_CXX.rsp -g -std=c++11 -MD -MT test/CMakeFiles/tree.dir/tree.cxx.obj -MF CM
akeFiles\tree.dir\tree.cxx.obj.d -o CMakeFiles\tree.dir\tree.cxx.obj -c C:\fltk\fltk\build\test\tree.cxx
C:\fltk\fltk\build\test\terminal.cxx: In member function 'void MyTerminal::update_ring()':
C:\fltk\fltk\build\test\terminal.cxx:112:128: error: expected unqualified-id before 'char'
   debug_tty->printf("\033[%dC      offset(): %-3d  currentstyle->charflags=%02x\n", x, offset(), (unsigned int)current_s
tyle().char

       ^~~~
mingw32-make[2]: *** [test\CMakeFiles\terminal.dir\build.make:84: test/CMakeFiles/terminal.dir/terminal.cxx.obj] Error 1
mingw32-make[2]: Leaving directory 'C:/fltk/fltk/build'
mingw32-make[1]: *** [CMakeFiles\Makefile2:3045: test/CMakeFiles/terminal.dir/all] Error 2
mingw32-make[1]: *** Waiting for unfinished jobs....
mingw32-make[2]: Leaving directory 'C:/fltk/fltk/build'
[ 96%] Built target tabs
C:\fltk\fltk\build\test\tree.cxx: In function 'int main(int, char**)':
C:\fltk\fltk\build\test\tree.cxx:1604:192: error: 'FL_TREE_CONN' was not declared in this scope
           switch (tree->connectorstyle()) { case FL_TREE_CONNECTOR_NONE: connectorstyle_chooser->value(0); break; case F
L_TREE_CONNECTOR_DOTTED: connectorstyle_chooser->value(1); break; case FL_TREE_CONN        } // Fl_Choice* connectorstyle
_chooser

                                                                       ^~~~~~~~~~~~
C:\fltk\fltk\build\test\tree.cxx:1604:192: note: suggested alternative: 'FL_FREE_FONT'
           switch (tree->connectorstyle()) { case FL_TREE_CONNECTOR_NONE: connectorstyle_chooser->value(0); break; case F
L_TREE_CONNECTOR_DOTTED: connectorstyle_chooser->value(1); break; case FL_TREE_CONN        } // Fl_Choice* connectorstyle
_chooser

                                                                       ^~~~~~~~~~~~

                                                                       FL_FREE_FONT
C:\fltk\fltk\build\test\tree.cxx:1604:204: error: expected ':' before '}' token
           switch (tree->connectorstyle()) { case FL_TREE_CONNECTOR_NONE: connectorstyle_chooser->value(0); break; case F
L_TREE_CONNECTOR_DOTTED: connectorstyle_chooser->value(1); break; case FL_TREE_CONN        } // Fl_Choice* connectorstyle
_chooser

                                                                                   ^       ~

                                                                                   :
C:\fltk\fltk\build\test\tree.cxx:1604:212: error: expected primary-expression before '}' token
           switch (tree->connectorstyle()) { case FL_TREE_CONNECTOR_NONE: connectorstyle_chooser->value(0); break; case F
L_TREE_CONNECTOR_DOTTED: connectorstyle_chooser->value(1); break; case FL_TREE_CONN        } // Fl_Choice* connectorstyle
_chooser

                                                                                           ^
C:\fltk\fltk\build\test\tree.cxx:2096:1: error: expected '}' at end of input
 }
 ^
C:\fltk\fltk\build\test\tree.cxx:1434:33: note: to match this '{'
 int main(int argc, char** argv) {
                                 ^
mingw32-make[2]: *** [test\CMakeFiles\tree.dir\build.make:84: test/CMakeFiles/tree.dir/tree.cxx.obj] Error 1
mingw32-make[2]: Leaving directory 'C:/fltk/fltk/build'
mingw32-make[1]: *** [CMakeFiles\Makefile2:3150: test/CMakeFiles/tree.dir/all] Error 2
mingw32-make[1]: Leaving directory 'C:/fltk/fltk/build'
mingw32-make: *** [Makefile:155: all] Error 2

C:\fltk\fltk\build>	 
	 
	 